delta,t_hh1,t_th2,t_hh3,t_tt1,nk,bandwidth_high,gap_high_mid,flatness_ratio,chern_high,quantum_weight_high,qw_minus_one,chern_error,is_gapped,score
5.417475728155339,0.35145631067961164,0.013592233009708738,0.08349514563106795,-0.08932038834951456,21,0.09500407830900381,1.4094923266922568,0.0674030475440443,1.0047542957836066,1.0147694760341968,0.01476947603419676,0.0047542957836066435,True,1476947.7555719423
6.805417859337949,0.09220748653401654,0.14683895759396082,-0.06256064797348859,-0.24460623485554267,21,1.2904169056966055,0.17788103136316769,7.2543817393438,1.063964613880439,1.3224387384461427,0.3224387384461427,0.06396461388043906,True,32243887.981664795
3.0820339911627244,0.1368239119245498,0.005852837626465324,-0.28741863360450975,-0.22632392823156622,21,2.3394703265846952,0.12343822643607097,18.952559463387253,-3.0576969922688044,6.054905304392418,5.054905304392418,4.057696992268804,True,505490586.8261614
6.847018982439781,0.22924238924544976,-0.1555102971414798,-0.31605395619401333,-0.2971816634921718,21,2.0882906047506222,0.07509561889542041,27.808421256356056,-0.6419795442575776,6.678730881336384,5.678730881336384,1.6419795442575777,True,567873149.3094946
2.045556199793536,0.06922183822530266,-0.26157854806003833,-0.2870989951201879,-0.47009494969475485,21,3.0009164088410873,0.20313646188610832,14.772908718492886,0.23080992550875154,4.180811611848507,3.1808116118485072,0.7691900744912484,True,318081193.1683664
4.907874918569884,0.3805024979691301,0.3387143299736475,-0.031213918221292714,-0.187011719207421,21,1.0669461912632066,1.7170728239119053,0.621375038032718,1.2480318614070163,1.3359400242799846,0.3359400242799846,0.24803186140701627,True,33594004.85167424
6.760839740967432,0.6114851661926711,-0.19119915627338685,0.32848262699967323,-0.3462218162559656,21,2.000313464307015,0.44864173085697573,4.458598758715788,1.3312788071590027,2.424423862977644,1.424423862977644,0.3312788071590027,True,142442396.4463326
7.207385815368745,0.7386184718883438,0.3048971410025575,-0.06477385758938148,0.019347271080155215,21,1.0644966562431186,1.441319926319282,0.7385568164325168,0.9722609059367802,1.0746028592531316,0.07460285925313159,0.027739094063219838,True,7460287.470718103
3.5623813779830344,0.5439563012376286,-0.17792541322930389,-0.22296269913589634,0.46336878781650837,21,1.4236679217717358,1.7451494573891813,0.8157856713897756,0.5543550545049173,0.8179912331743824,-0.18200876682561762,0.4456449454950827,True,3.782029942928231
3.0015176081143915,0.4556780886305485,0.033359274613081025,0.18876775510906874,0.36438546995725263,21,0.750066667911256,1.273627150369887,0.5889217010593889,1.1356215028412047,1.2669327477036023,0.2669327477036023,0.13562150284120467,True,26693276.570171207
3.369003219046091,0.27980411281656514,0.048103237980099633,-0.18480538930051182,-0.138749999050368,21,2.0527601865913763,0.5699923410963199,3.601382051280039,0.8943540590451179,1.0466684416452348,0.04666844164523476,0.10564594095488211,True,4666851.552209543
6.8063151098781285,1.1510752107081939,-0.15954167001526473,-0.06068447156853796,0.18716833926330012,21,1.7432161099227703,2.080191648902348,0.8380074551508804,0.42825837156425983,0.7448747308050373,-0.2551252691949627,0.5717416284357402,True,4.454838596619655
6.552443185850098,1.1840700142293759,-0.1474946524503905,-0.06058312579885977,-0.20672514689313504,21,1.7229938515427778,2.195789847933696,0.7846806711326071,0.46808449954101483,0.7578516195355604,-0.24214838046443965,0.5319155004589852,True,4.154137853169633
3.1862293166310853,0.5267000081597135,-0.2848167932563191,0.20472537837816673,0.28156999541083294,21,0.8673379309998541,1.3031773532740627,0.6655563257148238,0.8047867758813761,1.0342563744070068,0.034256374407006795,0.19521322411862385,True,3425639.6844341867
6.948268292913432,0.5825482043262179,0.3028359229501869,0.31021795493170146,-0.019648359998538978,21,1.9696227275557416,0.37593011215650024,5.239332162718013,1.9753809549373915,2.9363106608864715,1.9363106608864715,0.9753809549373915,True,193631080.94476822
7.218194344693395,0.3617239750589021,-0.07923263831962135,0.16385806979746753,0.4800038723132929,21,0.8441506210255963,0.6036806568683069,1.3983396874181246,1.1336879044315822,1.3842867457945396,0.3842867457945396,0.13368790443158218,True,38428677.9112738
7.086991978367302,0.6500137495592495,-0.2896558662516152,0.12644202011670747,0.14339149718241406,21,1.1854249274110296,1.3682059101451824,0.866408278623239,0.5820663280821072,0.9094895903483408,-0.09051040965165924,0.41793367191789277,True,3.739893105193103
6.570412197003345,0.09979297129655418,0.11634750376299802,0.12506823986063886,0.4277754286683033,21,0.4787108579602226,0.3976373282646657,1.2038881260201877,1.3959660569312808,1.9404626447229971,0.9404626447229971,0.39596605693128084,True,94046268.7451436
6.120090440247029,0.3342307611638708,-0.22201573861263732,0.12079183136959964,-0.2895709278969567,21,0.4400538236613001,1.1161015766956786,0.3942775754910408,0.8184679558876261,0.9450703821751176,-0.05492961782488237,0.1815320441123739,True,1.6586302052275617
4.82240378114099,0.12175867886069046,0.13168749835789928,-0.3141711542122621,-0.0008723062593347652,21,1.8647350946243388,0.23078905083934734,8.079824791698563,-1.8060420857733708,4.008510151747797,3.008510151747797,2.8060420857733708,True,300851044.5944169
3.621110011231435,1.143654854224073,-0.059876697019600245,-0.03190508955181093,0.19081771544068415,21,1.4396685265514948,2.304583604954081,0.6246978948633891,0.6430885018185546,0.8230344777322666,-0.17696552226773343,0.3569114981814454,True,2.9744029137466743
4.052519254720652,0.47480845155391554,-0.2767492989591435,-0.00911789085559589,-0.3498168071440487,21,1.0210105615831346,2.041722225138669,0.5000731975250894,0.6449269325123528,0.782230395865447,-0.21776960413455304,0.3550730674876472,True,2.7278414223625065
4.169330380369959,1.1002015413737913,-0.14987383331816376,0.21699938363143234,-0.45071287781239067,21,2.0528024670012206,2.159798630290512,0.9504601207776026,0.7642671433385541,0.9926498872098295,-0.007350112790170504,0.23573285666144594,True,2.9889803314283254
2.321939028911886,0.6525285514156606,-0.22972305269449267,0.09975950109246173,-0.1739950571096751,21,0.6878391803851585,2.3819504823283157,0.28877140204560736,0.7616183117512413,0.8615949549921756,-0.13840504500782436,0.23838168824875872,True,1.7419236306595252
4.599708426358843,0.879129317876164,0.015961204848945143,-0.09131510530723608,-0.4395844443008433,21,0.6421410264813667,2.180942196220519,0.2944328499829891,0.7532976871788066,0.8543283012649721,-0.14567169873502794,0.24670231282119337,True,1.7943099624460865
7.433121189952388,0.34022455766439375,0.10601824545496064,0.13830125501745955,-0.36364429208090343,21,0.44633776777277834,0.9304450249039247,0.47970353521839293,1.2182427631798796,1.3120701077139925,0.31207010771399246,0.21824276317987956,True,31207012.77629159
7.924656517147255,0.06317519405532247,0.17681883633484818,0.07552313315655695,0.07910749904375869,21,0.6471316382862213,0.48343141429907155,1.3386214034611283,1.2592825937670176,1.7224783183076748,0.7224783183076748,0.25928259376701757,True,72247835.67681696
4.827707567729778,0.17439939441880647,0.329515977486847,0.0679894871018929,-0.29389558853753206,21,1.1386593329263714,1.13528131637932,1.0029754885404303,1.2926302831767311,1.6192083219731277,0.6192083219731277,0.2926302831767311,True,61920835.57080485
2.7741287115890882,0.5602494579637975,0.0035009671426235456,-0.10776979405692225,0.16599365033098235,21,0.9684657192299169,2.1330638512408795,0.45402565828797187,0.8297075379718034,0.9289944349484768,-0.07100556505152322,0.1702924620281966,True,1.716232874933341
4.611447119521716,0.5884439424529376,-0.08288369083740055,0.2477142652681129,-0.3924364687110875,21,1.090445529723018,1.2867846822453441,0.8474187987847907,1.0408846857379714,1.2072520713892858,0.2072520713892858,0.04088468573797144,True,20725208.957408
2.8036038103536134,0.7014410191719699,0.2985376564522523,-0.3085137885005487,0.41824230986395317,21,1.9838184897021836,1.472931643184158,1.346850343586617,0.9944162732565627,1.426316079682591,0.4263160796825911,0.005583726743437323,True,42631610.56148768
4.066422582652579,1.1066927206051689,-0.039121819962877113,-0.24112315763593592,-0.0812008221091104,21,0.9979723535343568,2.5716760827979046,0.388063006927604,0.5851584172758321,0.7908647583590478,-0.2091352416409522,0.41484158272416793,True,2.8133411752546027
5.137822597552382,0.8622395074318292,0.12990207026449757,0.13674323396129268,-0.12042427632483788,21,1.440466402227794,1.654753151087022,0.8705022868707268,0.9994360553890372,1.0842796490213198,0.08427964902131979,0.0005639446109627633,True,8427966.562974194
4.466212074373407,0.9682652231068986,0.3197794632120293,0.31163772167641224,0.4814875734744768,21,2.7509032031082707,1.2391365952605597,2.2200161093053863,1.454118045213734,1.8285693732082173,0.8285693732082173,0.4541180452137339,True,82856943.81981745
5.539392295389162,1.05185951148713,-0.1624639272235133,0.1403887345492119,-0.46818367044092124,21,1.913358190457618,1.9781167064261589,0.9672625402949357,0.6596678325387333,0.9065083697073605,-0.09349163029263952,0.3403321674612667,True,3.543980005847259
4.871289283615191,1.0292809545537869,0.25099497788824465,-0.09678154317491644,0.2385418938038978,21,1.4843216969821902,1.8669978796191407,0.7950312708898123,0.8624905381154702,1.024833313721889,0.024833313721889017,0.13750946188452984,True,2483333.574011073
7.767035318422214,0.5224986190263606,-0.2079796258917061,-0.00020082705137697276,-0.455261276969562,21,0.4619323340430592,1.4682501830230084,0.31461418454719886,0.5898469469487229,0.7553700634688933,-0.24462993653110665,0.41015305305127714,True,2.6500025134076894
5.021275867807654,0.9545404343019407,-0.21266482260560846,0.23231009189519536,0.3059771609831029,21,2.203642234732709,1.5831907875901168,1.3918993541435547,0.6995661045767322,1.0771341246404382,0.07713412464043823,0.3004338954232678,True,7713416.6173268845
3.221013171006727,0.5293743648684007,-0.012545271749355547,-0.29275861577897067,-0.049260729420842475,21,2.061556883800032,1.4196944945365804,1.4521130368072392,0.7354984288965973,0.9116344468222312,-0.08836555317776884,0.26450157110340267,True,4.088308836274956
7.567328956800322,0.6765995257271357,0.09119517080305989,-0.07383386836810302,-0.2466563557506385,21,0.6489087420951918,1.524275477285108,0.42571618566675706,0.7554349750324766,0.8680810409675164,-0.13191895903248363,0.24456502496752341,True,2.0336753919976016
6.388152215310613,0.7486216081134557,0.1334741856766194,0.24747023003402013,0.46537500105010876,21,2.0419942624053755,0.9540938186255177,2.1402447249339733,1.2529567517105478,1.610829449224223,0.610829449224223,0.25295675171054777,True,61082950.26367311
7.529878499900377,0.8213277434143218,-0.2544645017839631,-0.3211041071971002,0.4536375183542909,21,1.0820003611566082,2.2030475070421347,0.4911380066466784,0.303338161913862,0.6923856370900378,-0.30761436290996225,0.696661838086138,True,4.418766655544822
6.3052434419569865,0.4664619713846225,0.34639160125724466,0.12317132378492113,0.29978741480682247,21,1.2318484971532941,1.100036004082999,1.119825617144391,1.4036732644125196,1.5600228507303058,0.5600228507303058,0.4036732644125196,True,56002289.224298894
7.198640181495604,0.6057802106000443,0.11189972936825543,0.27468596318963534,0.02160373417650585,21,1.856847710392422,0.5680999464975883,3.26852294537279,1.5159132716260009,2.0695634053786893,1.0695634053786893,0.5159132716260009,True,106956349.3429038
6.440765553934109,0.8855160549306718,0.05028762733167291,0.33473075463786595,0.13687329879605392,21,2.7391315338018063,0.8055068267726987,3.4005069141080613,1.2914837461683444,1.9226633607490309,0.9226633607490309,0.2914837461683444,True,92266344.00917666
3.195121364556785,1.1512794637899928,-0.11282928450437296,-0.2773984995687019,0.4668692042848166,21,1.0582784989299672,2.714092677781452,0.3899198091477934,0.4992189629079469,0.7880880269083382,-0.21191197309166176,0.5007810370920531,True,3.2465750487713776
4.348416380223526,0.05234299162988897,0.07950663005671693,0.19739872155810656,0.3491641369859806,21,0.6618612721202772,0.24429668512398617,2.7092519564249,1.6220577095105104,2.984209727194251,1.984209727194251,0.6220577095105104,True,198420980.9899536
4.420184422135793,0.9898780741584151,-0.009590118895794031,0.09421993861970818,0.3510767073214348,21,1.6919294159798592,1.8056830806603943,0.937002419805068,0.7574642183032971,0.9288086800637153,-0.07119131993628469,0.24253578169670287,True,2.9973624324104735
7.759630225273991,1.1969661367971032,0.23877200795141618,0.06797291581587406,0.2972246230291047,21,2.502165547452136,1.518911656674051,1.647341065859688,0.759164208855885,1.023408188514001,0.02340818851400095,0.24083579114411502,True,2340823.193225653
3.472794324629871,0.5971071710412844,-0.17745214661531808,-0.02438569829735987,0.033420983893474254,21,0.5327287184561347,2.05524065329623,0.2592050315868048,0.684452847626918,0.781466901663674,-0.21853309833632595,0.31554715237308195,True,2.0714366738525696
5.383225129478376,1.1001279980931944,-0.3379917772110552,-0.13244061278158864,-0.16669699808161864,21,1.0187102734656366,2.5400035565204977,0.4010664752222427,0.37758349305455663,0.7250250797489453,-0.27497492025105474,0.6224165069454434,True,3.8759831556855975
7.3744805942057265,0.18985938939625663,0.08938895397366226,-0.03014358534230166,0.13538215831486577,21,0.7349322705200038,0.9582948243237299,0.7669166647525688,0.9874018590153381,1.053084023629673,0.053084023629673016,0.012598140984661943,True,5308403.886683728
7.839230384024877,0.29125594442766317,0.2015979681898188,-0.13066147553584032,0.35589104965696583,21,1.0831267797293334,0.963566813350937,1.124080618719744,0.9505698734164587,1.1218819840057823,0.12188198400578232,0.04943012658354129,True,12188200.788735244
2.4578982247691554,0.5507900770658906,-0.34637542462282567,-0.07871274524520161,0.37328549738212946,21,1.0562475704431233,1.6344172359384452,0.6462533233361615,0.534186596595171,0.7383174134809395,-0.2616825865190605,0.465813403404829,True,3.5599684897023387
7.31748377578927,0.43334402110581166,-0.024448126892909372,-0.18348740562293744,-0.05730317256314865,21,1.1185617512616877,1.4991396928972451,0.7461357714436534,0.6407689979805047,0.8180287388158562,-0.18197126118414375,0.3592310020194953,True,3.217299918330527
3.4822861244305496,0.5248123347154144,0.2685386608332734,0.25808679549699487,0.2588056383149172,21,1.5383187835876373,0.9478416306423717,1.6229702661879148,1.4741654693605315,1.7926737633515104,0.7926737633515104,0.4741654693605315,True,79267381.79720658
3.2551466717399538,0.3856943769203624,0.1419536916480046,0.18306868378737384,0.3895198711840977,21,0.9616134038160595,1.0871097606259559,0.8845596264928798,1.2672420248801213,1.4944727653397718,0.4944727653397718,0.2672420248801213,True,49447279.554984435
2.23801807392972,0.714152603480137,-0.26130227053253285,0.1579885639918318,0.20148956281735575,21,0.7914629699580991,2.159825141289755,0.36644770672753224,0.7364566288264605,0.8885130574706799,-0.11148694252932012,0.26354337117353954,True,2.0156800315802004
4.465920298610017,0.5193985188585232,0.08627999554930843,0.2678855990842024,-0.08196400330552467,21,1.1674273980534244,0.9112852104066295,1.2810779597010034,1.3314644410262493,1.5592319299453195,0.5592319299453195,0.3314644410262493,True,55923197.09188918
6.847196587898254,0.6883416283296417,0.0866850878120326,-0.012492454459850477,0.40482420304794187,21,0.9313214031672727,1.398033730934454,0.6661651879778123,0.7778907120671907,0.9119453212286266,-0.0880546787713734,0.22210928793280926,True,2.3793735099773143
3.050591829214913,0.12776160711278026,0.18415122258957095,-0.12929447372196629,0.4888034552094289,21,2.006395604216149,0.009197199655116228,218.1528812522874,0.6755944279675662,1.701000188238239,0.7010001882382391,0.3244055720324338,True,70100435.95582765
2.005222877579461,0.6392924187481591,0.26988629570265843,-0.20804785692169386,-0.3880967176358644,21,2.0153945439191485,2.587467370958792,0.7789062643028961,1.090080998726924,1.1599162362131834,0.1599162362131834,0.09008099872692399,True,15991625.555285327
4.150247681410185,0.16274469229472976,-0.14220135323173602,-0.09105096213204217,-0.2713844519625622,21,1.7868579819092578,0.4301623809761256,4.153915035188607,0.7703443857082066,0.8626879348850316,-0.1373120651149684,0.22965561429179338,True,9.060129275253995
5.195255025475064,0.07910797310375679,-0.24036785881367229,-0.020943209295421927,0.04254626995904687,21,1.3052369157466934,0.3489885828500092,3.7400562078206074,0.709506555312703,0.7632741912678247,-0.2367258087321753,0.290493444687297,True,8.576052554247898
7.967283520315023,1.0672267175627403,-0.33907959291788947,-0.02476599598992718,-0.31439946131714025,21,1.6157076236736934,2.0650335978748147,0.7824122693870281,0.3461806265624709,0.7402378036787173,-0.2597621963212827,0.653819373437529,True,4.7593366537442545
6.782745949186145,0.11231155952238867,-0.04756445625125888,-0.18548827776886828,0.02941296469840038,21,1.4895663350438195,0.06751165747370064,22.063838909955432,-2.7868216746020003,6.971391741154319,5.971391741154319,3.7868216746020003,True,597139235.0739459
6.478390811009251,0.37655750912524816,-0.0076999791817033425,-0.17999363469085486,0.46350920166739584,21,1.1695920149101888,1.1793832466063596,0.9916980067977523,0.6697510442062409,0.8827576224528869,-0.11724237754711309,0.3302489557937591,True,3.540105528988367
3.3389763285600695,0.40119942097827166,0.11286987160046458,-0.17414866659061803,0.3486767866370112,21,1.5651765311910708,1.3623045263259217,1.1489182491467502,0.9118298675707388,1.1768948173967027,0.17689481739670265,0.0881701324292612,True,17689484.368834883
3.8717986350960647,0.11124652682719127,0.2737317811310128,-0.28133397320746645,0.3020710116448704,21,1.8559748221926635,0.2262703322547747,8.202466508525221,-1.4374241837041435,3.9701342098035797,2.9701342098035797,2.4374241837041435,True,297013448.7904981
7.14862026064675,1.1768431754149526,0.34981987019390515,-0.2001550992946281,-0.28126249492630706,21,1.6379155291736265,1.9052976977005331,0.8596638368641263,0.7709737858672976,0.9917344689288163,-0.008265531071183663,0.2290262141327024,True,2.782509857888434
5.908924045628203,0.4895484473726167,0.04268238637693533,-0.2521193479667034,-0.4783037910013306,21,1.677045550258294,1.42457459643548,1.177225506094618,0.7346016728071945,0.8988664030694906,-0.10113359693050938,0.26539832719280554,True,3.569221666822137
6.84024894162544,0.5701147183327121,-0.290902185452758,0.3091881697847343,0.28132983459641114,21,2.0312343631612686,0.25385795368101305,8.001460398257326,1.5622992424062156,3.895491275346194,2.895491275346194,0.5622992424062156,True,289549145.58628386
4.480080896183929,0.3682938119394098,0.2621971309337642,0.1608251871699844,0.22033228906824154,21,1.0454372622540307,0.9913119918046223,1.0545996325040683,1.3722491554068825,1.6055170812133566,0.6055170812133566,0.3722491554068825,True,60551711.991249226
5.762627584335936,0.2696598882910958,0.22726600827829435,-0.30258119914089215,0.23803331216717583,21,2.110912684040528,0.058820808400650515,35.88717566855445,0.3220058988770234,1.992775645591309,0.992775645591309,0.6779941011229766,True,99277636.30244799
6.04117135697993,0.8374147955220682,0.27404515294270027,-0.10453501868103002,-0.1500164435746696,21,1.0467849950112524,1.7096930298936224,0.6122648783778359,0.9305495453457449,1.0328848403099467,0.03288484030994665,0.06945045465425514,True,3288485.544411526
5.713059749063229,0.20926315756747382,-0.08069527110031738,0.22487450678555965,0.34010849873174775,21,0.6694702854971125,0.16926727899359506,3.9551075049918225,2.009179377576908,3.1573672266258224,2.1573672266258224,1.009179377576908,True,215736735.2416669
5.589618277284622,0.24411316676836037,-0.005476745091519408,0.07612265738698476,-0.04162825857823105,21,0.33776577942054997,1.2274664162105526,0.2751731330159762,1.0150741015745919,1.0295376847057793,0.029537684705779332,0.01507410157459188,True,2953769.0700633703
6.5288756590625825,1.0298293126626998,-0.036617289105729145,0.10909047647341258,0.00878166725214391,21,2.0358083730282583,1.663342745850325,1.2239259636098172,0.6786511200299118,0.9130503725704645,-0.08694962742953549,0.3213488799700882,True,3.9379235468747242
2.9182632231098093,1.1872968042659178,-0.07307834578194022,-0.2158055835904618,0.2401878506565216,21,0.9745375151169773,2.7141412126970215,0.35905925253925414,0.580424789367767,0.7977027872441965,-0.20229721275580348,0.419575210632233,True,2.7817666371936465
6.132725674991109,0.477402989677859,-0.12509569409003657,-0.14163321042436391,-0.10170777796319497,21,0.976540646100166,1.7064514490070546,0.5722639496531782,0.6047342539234778,0.7578982332909172,-0.2421017667090828,0.3952657460765222,True,3.0663046159260707
7.476908186343655,0.7321545789271797,-0.17188327424272815,0.14931175697084187,-0.24749898261778558,21,1.438067368024915,1.391290177282682,1.0336214482830557,0.7005068534468969,0.9681560052256353,-0.031843994774364726,0.2994931465531031,True,3.4661769438977723
5.853360430401907,0.3442132733371786,0.1810724820163352,0.29008248993989494,-0.4220592126434868,21,0.9996657082735639,0.38592987225988007,2.590278131153326,1.7697994606633731,2.624536327265395,1.6245363272653952,0.7697994606633731,True,162453641.5091705
2.022406638676421,1.1486805451868056,-0.23193368245616436,0.12949249654392248,0.42524786174414475,21,1.7578004425433074,2.4620489283756606,0.7139583711291303,0.6363345140435497,0.8614549733984416,-0.13854502660155843,0.3636654859564503,True,3.178184901643389
4.258929306313786,0.45310775996053654,0.2833184181106685,-0.24342925051859254,0.402065395449519,21,1.8428561408614228,1.2580710566516642,1.4648267529229666,1.0177699627729087,1.3571291270367587,0.3571291270367587,0.017769962772908654,True,35712915.58254214
3.2026015731057185,0.7933048212136457,0.2532523496280491,-0.1609061273243625,0.4390700938140474,21,1.1383587237119515,1.9919834006750174,0.5714699848031862,0.9694006514825839,1.2157068945470064,0.21570689454700642,0.03059934851741608,True,21570690.696161024
6.356877618585751,1.1679578977773581,0.15956016470436085,0.2314582864171566,0.33315780818633256,21,2.901288247214631,1.4391687588866249,2.0159472120970277,0.9375923958344667,1.2535256973293447,0.2535256973293447,0.06240760416553326,True,25352573.88469339
2.465031854519224,0.7080317618349409,0.3011157607972853,-0.06989154531200392,-0.40035277037334727,21,1.1287401237926227,2.5329956680190535,0.44561470753535143,1.1460256242381948,1.1828572797001138,0.18285727970011378,0.14602562423819476,True,18285729.54888995
4.770871067940017,0.490460877056287,-0.26785617371156156,0.23697893755200172,-0.2163965726618976,21,1.0356485692353297,1.014818697617443,1.0205257073670306,0.8979025486046212,1.239641029288746,0.2396410292887461,0.10209745139537885,True,23964105.38312997
2.553859991082832,0.9132653267193874,0.268239722436175,0.30649170967736183,-0.4354154801970559,21,1.5706654661961328,2.186368363187131,0.7183901361921142,1.251427020641142,1.3816534645531338,0.38165346455313376,0.251427020641142,True,38165349.080747016
3.5293402932413342,0.9405245409809362,-0.349969290985405,0.05517861271131774,0.15487002531825333,21,1.10294217944899,2.2899647548618134,0.48164155238954603,0.5069511270705912,0.7973847052406633,-0.2026152947593367,0.4930488729294088,True,3.3826141865596178
4.685324373165166,0.4216579405313717,-0.2942171452844986,-0.24845656218037504,-0.27682839762623856,21,2.0757761681954587,1.03920827010598,1.9974592465317544,0.4962599388911905,0.7658538090101378,-0.23414619098986222,0.5037400611088094,True,6.323207670362166
3.7343957995846027,0.6808790227130009,-0.16660662277263827,-0.276953381665547,0.306109495033298,21,1.4647200897871453,2.3336989266330628,0.6276388410995097,0.525614661913052,0.7754708310982186,-0.22452916890178143,0.47438533808694805,True,3.567373655150089
3.2583610461669545,0.5372085526292851,-0.09308245234828272,-0.19368696414906894,0.3021947428433507,21,1.33545875287871,2.0611295308812974,0.6479256800069693,0.6688345121757702,0.8587364239528938,-0.14126357604710615,0.33116548782422983,True,2.889914204957007
4.76680490865132,0.6307619347380791,-0.34379954776368016,0.05585938168841542,0.24970815244801636,21,0.6159868107144357,1.7528628795861316,0.35141756830396015,0.5233879185572557,0.7791626144612918,-0.22083738553870824,0.47661208144274425,True,3.052396079047983
4.696289083950337,0.46813512682001673,0.16918638080164305,0.3086773646055483,0.4239383245710314,21,1.6212441858693227,0.31092737439473417,5.214221452920679,1.9604219356043004,2.957770419723482,1.9577704197234822,0.9604219356043004,True,195777056.70584646
4.650897438079907,0.16057282806840584,-0.2988008661243613,-0.11677317371925969,0.19544308708215907,21,1.6974601756254082,0.26279792609487684,6.459184061492865,0.5616915375877432,0.7499113158376312,-0.25008868416236885,0.43830846241225685,True,14.494177960490145
5.402842117273741,0.49202707454274447,-0.25500969966293124,-0.13846330110832708,0.4888274200387528,21,0.9077625231809672,1.7375398020851491,0.5224412828365711,0.47485842363580644,0.703854311021082,-0.296145688978918,0.5251415763641936,True,3.620787862395261
6.444906281608343,0.5970750400456719,-0.27759297818133916,0.29227975172228915,0.0278695931853018,21,1.8690557080529295,0.5218859179778408,3.5813491869927967,1.0750526389362596,2.0643656788489286,1.0643656788489286,0.07505263893625957,True,106436575.08145636
2.981098301586885,0.7113128604600045,0.31071315264889354,-0.2657783552281893,-0.20360660984194356,21,1.853652442806795,2.3480827693765267,0.7894323262288514,1.0694867237996382,1.1816480519125094,0.18164805191250943,0.06948672379963816,True,18164807.042295262
6.668139936742985,0.1775364388970957,0.2185287579220332,0.18159407739906142,-0.45607305739322745,21,0.6332576607012954,0.4996447736451244,1.267415760363923,1.4597620900994686,2.0924943666892566,1.0924943666892566,0.45976209009946856,True,109249441.38174911
5.058538057058996,0.9718516066601564,-0.31068789601903324,0.04872223506701728,0.4305710879963459,21,1.5147936519742702,1.9699363777744803,0.7689556216458098,0.4485267427316024,0.7776818159061194,-0.2223181840938806,0.5514732572683976,True,4.221975554766063
7.411315722270515,1.100258952926773,-0.1629236821523899,-0.26659560381583886,-0.3011345085780839,21,1.165668721110714,2.424819687222085,0.48072387701789243,0.3784885266801454,0.7124425395109739,-0.2875574604890261,0.6215114733198546,True,4.02317931670118
7.35840471667402,0.9473461290433572,0.09991083336967854,-0.13783595242524532,0.38486319042530825,21,1.2393078077491582,1.7462564457513323,0.7096940490982366,0.5838638249871934,0.8345116960039584,-0.16548830399604164,0.41613617501280664,True,3.4324162064606476
6.114189961195679,0.7045497500277457,0.14178556201383635,-0.1923197358791482,-0.17825128016756364,21,0.8173746916517874,1.806773992861164,0.4523945412549427,0.769576811403963,0.9107714380228118,-0.0892285619771882,0.23042318859603705,True,2.0137797626533054
6.465469841889108,0.7781784775440488,0.186834796792806,0.07204541515809804,-0.37914005850078125,21,1.097632545870508,1.5394135609677309,0.7130199276538117,1.0052449894923123,1.065342860303903,0.06534286030390302,0.005244989492312335,True,6534287.414685293
2.7895219819236656,0.15230632269485964,0.04872954545164149,-0.020928559118674972,0.09365574977767754,21,1.4740532042002576,0.7882665814571079,1.8699932724224788,1.0033852357385729,1.1683856896585088,0.16838568965850875,0.003385235738572856,True,16838572.544503376
3.547475813462503,1.0585161134180248,-0.05099249537961981,-0.1189590044041329,0.4773872978301511,21,1.1222167760833566,2.2770457202291565,0.49283892989659395,0.6014738494369708,0.828006506351679,-0.17199349364832095,0.3985261505630292,True,2.9313279210884433
6.140752624878243,0.9061632293040566,0.17878515082921875,0.3499713052520148,0.06854217413286989,21,2.8016405406206273,0.8254301354147262,3.394158294466655,1.4669523477858273,2.0513482470038014,1.0513482470038014,0.4669523477858273,True,105134833.49990466
5.364655695856051,0.059140297836194976,-0.17711525745329434,-0.3360432188258127,0.10497454187067612,21,1.8173494587134207,0.21084679596708436,8.619288950433614,-1.343567891111551,4.878586471956194,3.8785864719561944,2.343567891111551,True,387858675.3303888
7.042489356774961,0.8333591570722617,-0.07020984052496487,-0.13026589164427382,0.14060135302499732,21,0.7620106813260872,1.8198166563567404,0.4187293696122262,0.5182413710057672,0.7508994004859795,-0.24910059951402053,0.48175862899423283,True,3.206335809894835
2.951477620476955,0.32833683303169126,-0.22249876937476562,0.31803698459447827,-0.3431276787361105,21,0.7060858707312898,0.929833080392985,0.7593684131272996,1.0849742571725602,1.454499236141223,0.454499236141223,0.08497425717256024,True,45449925.48534236
3.349660171238127,0.35997106123871053,-0.15061871104750918,0.2864395381810825,0.09520711941544424,21,0.7751607198184765,0.66658527108938,1.1628830600346973,1.2229547710339188,1.5738570495917477,0.5738570495917477,0.2229547710339188,True,57385708.28886098
2.5603394247623323,0.4015382474939698,-0.0651220003157757,0.07051136157820798,0.47545475297909934,21,0.44335783812273744,1.1237597341042698,0.39453080998326623,0.9096899353991005,1.1072213382780118,0.10722133827801184,0.09031006460089952,True,10722135.03080382
2.206528512875498,0.8659631550168024,-0.33463793852669926,-0.07027235566789275,-0.21131417484791404,21,1.0690583974791306,2.91582318093776,0.3666403382990151,0.5825145732233762,0.8066874769594543,-0.1933125230405457,0.4174854267766238,True,2.785757209813324
3.1532227395498187,0.09641990731684115,-0.029631007217456762,-0.07702272774393465,0.39703281832417125,21,1.6220387081603105,0.11638307743743903,13.937066658442907,0.8954292310395428,1.336921022650965,0.3369210226509649,0.10457076896045725,True,33692129.33350957
6.014986584266879,1.0323295306739575,-0.28644540570250154,-0.033966611513958134,-0.10528616070979735,21,1.3474909619890545,2.1644319013866475,0.6225610337409007,0.42530658072201044,0.7430952762215198,-0.25690472377848017,0.5746934192779896,True,4.059242496828579
7.3176544565192305,0.05710816656215793,-0.09573337920657515,-0.08735531349980741,0.19530475533701008,21,1.1523224641142003,0.04330815142818543,26.607519049272003,-0.1862701223240377,2.077375208172163,1.077375208172163,1.1862701223240377,True,107737577.42719898
7.595390403493777,0.7756053288782074,0.32532723557890986,0.05252022004851892,0.3098855011425321,21,1.455554264238435,1.2477572425557635,1.1665364179790645,1.0701146706600322,1.1933965084346332,0.19339650843463319,0.07011467066003219,True,19339653.41590748
2.61791494195613,0.9699053367739529,0.15155977380967667,-0.3282226372138873,0.146337638391839,21,1.4216214902638744,2.5397952497222147,0.5597386208275497,0.799099205627894,1.0070854413265293,0.007085441326529329,0.20090079437210595,True,708546.2032761305
6.072210029906627,0.44712563108017644,-0.2922820577307069,-0.19537690777027103,0.24705103592213395,21,1.3284822046097158,1.5104923398594328,0.8795027750576644,0.4247176062739593,0.7003983041192309,-0.2996016958807691,0.5752823937260407,True,4.551577452429056
4.093586092137842,0.6583176890481051,0.3002856780860007,0.018584851954050297,-0.03385285445587505,21,0.8540077369839716,1.8289554791217655,0.4669374113983639,1.1787196345744382,1.221995198102412,0.22199519810241197,0.17871963457443818,True,22199521.593202606
4.712598766218429,0.6992594938085346,-0.20303035548639753,0.09172577805608606,-0.14902377381639775,21,0.7698977566737053,1.8183861065751008,0.4233961939600356,0.6880367068845847,0.8445863919657686,-0.15541360803423143,0.31196329311541526,True,2.3662479063956154
5.060257429050156,0.6147237847284732,0.321384296477906,0.13040173871257554,0.07572245823683454,21,1.244268324570631,1.548089833009761,0.8037442647314289,1.3126063913134118,1.403320204423282,0.403320204423282,0.31260639131341184,True,40332023.53623042
2.673641926142107,0.6339622665210504,-0.1890120620139084,-0.14694071405945378,0.28752384179050705,21,1.090435530513806,2.322155155262034,0.4695791011392434,0.6159024100020923,0.7863898064882537,-0.21361019351174626,0.38409758999790766,True,2.8148827426497163
5.2219607939158275,0.3262725571570136,0.052106517315047673,0.2585248281349569,-0.35874157657696426,21,0.6939208441685203,0.6121159677552896,1.1336427747722706,1.4137323291413517,1.8160504938120179,0.8160504938120179,0.4137323291413517,True,81605053.6090826
6.940681795148562,1.131255633991933,0.10473935660060563,0.15450740367356652,-0.29228118031553596,21,2.4501755684000317,1.609092667543659,1.5227063163119858,0.8273777312301036,1.0441189046056074,0.04411890460560741,0.1726222687698964,True,4411894.223930203
4.445347660161477,1.0082234275067161,0.28727120650467663,-0.2510750911336928,-0.2383218188784797,21,1.200813777692158,2.18636420285306,0.5492286125638061,0.8991381670768323,1.037018323693485,0.0370183236934849,0.10086183292316775,True,3701833.9197587483
2.2902002404000106,1.0990126287292483,-0.2487810707513316,-0.10802985251134598,0.14334961776015198,21,0.836601367680244,2.8530560958954565,0.29322990490226214,0.548704449187432,0.7622346408709895,-0.23776535912901053,0.451295550812568,True,2.8149849349841096
7.531390939550146,0.6144223435487801,0.29015385843964114,0.3086482899093568,0.35830194194966836,21,2.1826112524517574,0.2779976763209552,7.85118523772076,2.1175959726052866,3.479539620069359,2.479539620069359,1.1175959726052866,True,247953982.5488589
4.556366208465711,0.39364630673917306,0.28319432636185127,-0.16069300263076564,0.11745449569884947,21,1.562509049268491,1.3977198246504443,1.1178986100875108,1.0975755995373997,1.26755987460355,0.2675598746035499,0.0975755995373997,True,26755990.077464662
4.027264278577049,0.6569412370793938,0.3235524896531191,-0.26860245905738694,-0.21671874995311646,21,1.7851052299106618,2.0998941945321943,0.8500929401866079,1.0522447941782955,1.1823651578689895,0.18236515786898955,0.05224479417829553,True,18236517.667272285
7.375895444096402,0.21039331689389046,0.04858328329154321,0.19484217439123985,-0.4093072384386761,21,0.4498675818769807,0.39243747529130724,1.14634205498097,1.4973767225486823,2.0207629528842657,1.0207629528842657,0.49737672254868226,True,102076299.95871732
4.749612261112711,0.21340363482814723,-0.12517280350500284,0.11277910199558511,-0.15973804580862083,21,0.4848537646387613,1.134395649498123,0.42741151630233176,0.9540574428567191,0.9831074924241338,-0.016892507575866245,0.04594255714328088,True,1.0437921039321467
6.053319789913533,0.6555109283438407,-0.30623837029197504,-0.23512575256863621,0.22595429854135807,21,1.1502769361348335,2.0829904349956223,0.5522238205271696,0.3701116191726614,0.6906238300853765,-0.30937616991462347,0.6298883808273386,True,4.201247890101882
5.793234829416424,0.08595900023145236,-0.1689484298368588,-0.3081628256684777,0.04271173016993435,21,1.8248732089338193,0.186034160970804,9.809344689227334,-0.8826139929391194,3.807033191924349,2.807033191924349,1.8826139929391195,True,280703347.28910214
7.427118726468263,0.12352219432615481,0.22892526301812366,0.06377618574673516,0.47358522668506153,21,0.6352344259224024,0.597004469276092,1.0640362989119108,1.2972550660659974,1.6337357928881129,0.6337357928881129,0.2972550660659974,True,63373582.80172818
3.5405119745950744,0.36576140135286483,-0.07630801786414615,-0.05089779962752805,0.17359438642988445,21,0.9532975445376203,1.8079582879984586,0.5272785057408542,0.8035351375018248,0.8676775929692107,-0.13232240703078935,0.19646486249817519,True,1.9866176225468926
7.521643927776601,0.3455876321834681,-0.338210720184217,0.05402180074732782,-0.1438560652256632,21,0.5346598263138307,1.2415421752181892,0.43064169464872937,0.5713528204378467,0.786584264020712,-0.21341573597928798,0.42864717956215326,True,2.96346765059051
5.55615810478065,0.6940185338187829,0.3014835703775165,-0.05363606601976417,0.42479721104049095,21,1.133856737108188,1.4972886008605681,0.7572733382572356,1.0367885689806238,1.1725856659008556,0.17258566590085556,0.03678856898062377,True,17258568.21638673
4.302932974545287,1.168503155396205,0.28284481439274056,-0.03811980848649282,-0.2180738401515051,21,1.5469771402017254,2.0738618889257077,0.7459402906541107,0.9744046359833558,1.0671330649096984,0.06713306490969839,0.025595364016644195,True,6713308.039719241
2.7934543098755014,0.08524327953027898,-0.18182422537981274,-0.15712147758865835,-0.10527260126405391,21,2.196783026228442,0.044950620752570974,48.87102757313526,-3.194554927307338,7.492315557071514,6.492315557071514,4.194554927307339,True,649231669.7632691
2.897452800567052,0.6902219469745104,0.05606590257987426,0.15312322939608647,0.31209211584338525,21,0.945121371893983,1.8406303621059643,0.5134770083943518,1.0276546494601544,1.109334900632789,0.10933490063278906,0.02765464946015439,True,10933491.179558119
6.392328733485864,1.1660969924368592,-0.02387705030091808,-0.26777623879092877,0.25965273746208106,21,1.2161563088484764,2.3464084548599398,0.5183054579988164,0.4399264384524989,0.7559455032812367,-0.24405449671876334,0.5600735615475011,True,3.7875703930246827
2.2613587724043165,0.5528324746559435,0.23836244148334507,0.2914101872795666,0.41796897551822765,21,1.787115356410708,1.0113586046046998,1.7670442000236117,1.444201174952543,1.8399420880655881,0.8399420880655881,0.44420117495254297,True,83994214.39320666
6.440478157236623,0.3915391474938344,0.3458882124319923,-0.08454725769132404,-0.07037604581449408,21,1.0533317896982446,1.4380882142551157,0.7324528351300321,1.194128205802846,1.2815016453856989,0.2815016453856989,0.19412820580284595,True,28150166.904294297
2.7223132406595036,0.6797289049538706,0.13757938017858962,0.29114644736052286,-0.16903523808348297,21,1.1544648548379124,1.5999803658543892,0.7215493886522966,1.2261685447614687,1.3448323404931628,0.3448323404931628,0.22616854476146875,True,34483236.55447488
3.281087112134899,0.2638261713105956,-0.15722595957033236,-0.20893050282401224,0.07220361759259541,21,2.1511157407784243,0.32937401091950025,6.5309212914924295,0.6774150506006305,0.8776068109683473,-0.12239318903165275,0.32258494939936955,True,14.05219638453982
7.668590313448769,1.1940557254602155,0.04782282823080691,-0.07121887419603473,-0.007703668518239892,21,1.9005246442080188,1.9268308872246285,0.9863474043357792,0.5348486665598088,0.8094370197597514,-0.19056298024024865,0.4651513334401912,True,4.204426267384486
6.345530192045671,0.6779626618763704,0.13006653392847478,-0.32629701482271917,-0.007598057139032499,21,1.5138874504271884,1.925212470450869,0.786348246576986,0.6618924051606829,0.9158586782182915,-0.08414132178170852,0.33810759483931707,True,3.188274511554469
7.0208056333445406,0.12288218711879757,0.1502279763234835,-0.08179329809765695,0.0390284482413642,21,1.238844609960112,0.24653333412684375,5.025059245427292,1.0367630063250524,1.2698790142646443,0.26987901426464433,0.03676300632505236,True,26987911.18137582
2.048297839126992,1.0723496048143195,-0.25519546600229265,-0.010556235501953226,0.025108257248151578,21,0.826646835999469,2.8223838047177905,0.2928895902172048,0.6105080001615142,0.7996003604751124,-0.2003996395248876,0.3894919998384858,True,2.5053189918075267
5.9942794785895375,0.19745982274842344,-0.11211842743840608,0.036188356632047,0.26755695032103943,21,0.4701294042446117,1.1769312250412802,0.3994535910355528,0.8579013053184948,0.8712488807016765,-0.1287511192983235,0.14209869468150516,True,1.4713220768629134
3.029940939978636,0.16539333863254493,-0.3435618663774326,0.18772842148381574,-0.014576493974879146,21,1.0105650880013055,0.8760473987418056,1.153550697659392,0.8676059924164178,1.1736572065258177,0.17365720652581773,0.13239400758358222,True,17365723.511689067
4.01027569369019,0.13104784160983013,0.031817953482944805,0.30787987013367424,-0.315042644862222,21,0.6062561135521389,0.3002766732671668,2.0189917083993114,1.6434797273705162,2.9745762137266616,1.9745762137266616,0.6434797273705162,True,197457628.43558446
2.6622985315564964,0.28762352231024413,0.1741081827873705,-0.22981765788218317,-0.09911894066605209,21,2.4615423492404975,0.34683518656836565,7.097152897303562,1.0186222368478184,1.2656830596500566,0.26568305965005656,0.018622236847818385,True,26568319.575874716
7.803138820394107,1.057219806235946,0.30206722838102285,-0.1235610201579602,0.42154430065284065,21,1.730530716110481,1.6297202168866511,1.0618575496451863,0.7050278583251,0.9706515912635776,-0.029348408736422416,0.29497214167490005,True,3.4973524688583906
4.146792100609742,1.1604502181317664,0.17395491283333286,-0.03765064264903617,0.05433499713804246,21,1.5906932907722395,2.0794975580340234,0.7649411679406327,0.8379757618664162,0.9690730589412658,-0.03092694105873417,0.1620242381335838,True,2.26708423616475
6.291721457715724,0.35926751103131127,-0.15980694961703085,-0.06865245873086523,0.21295237387086818,21,0.7247360493860817,1.4232675704528481,0.5092057631549132,0.6294513579359542,0.7446805065109157,-0.25531949348908434,0.3705486420640458,True,2.822613849480676
6.789538711674829,0.5606973198287688,0.011311202261262143,-0.1645334405599455,-0.4058744734078341,21,0.8945576510729887,1.7224189358388309,0.5193612497283261,0.6930875988287459,0.8272397187198013,-0.1727602812801987,0.30691240117125407,True,2.5237755294980637
4.599644544077281,0.8666786614570378,-0.22703270985415688,0.047362209206577466,0.46830926027543496,21,1.2198817898812417,1.8627138355232584,0.6548948993759756,0.5477828807471001,0.7914271501014288,-0.20857284989857117,0.45221711925289987,True,3.508446448398967
4.30536267493383,0.5696428973225928,0.18242364861834626,0.08470150111455882,-0.08304836708259788,21,0.5974806829974684,1.7240268233656724,0.34656112938605976,1.1212710697304644,1.1460269282258204,0.14602692822582042,0.12127106973046442,True,14602694.089023132
3.5716324417026755,1.0574334124108966,-0.23970800262052383,-0.3324760858781864,0.1284139056387109,21,1.161686737803143,2.9130006372908785,0.3987938495212703,0.432318651618205,0.7284747279398915,-0.27152527206010846,0.5676813483817951,True,3.59797875329405
6.697858521703147,0.310162362715384,0.09696992095464574,0.1182562757238183,0.3706961983032262,21,0.5613315186452432,0.8475473885668203,0.6623010420626033,1.204838983752464,1.3051496006092471,0.3051496006092471,0.204838983752464,True,30514962.346586768
7.017467618792106,0.2606121775060921,0.23299555943873307,-0.1749045139050848,0.4137176870100632,21,1.4655362207020661,0.5142459816060438,2.8498739380034506,0.9834606322843281,1.2664106541280058,0.2664106541280058,0.016539367715671882,True,26641070.923576318
3.58774782853149,0.6763695729307437,-0.1473722811642147,0.031973901113420355,0.19788295430782543,21,0.4218786530486156,1.9298069074787174,0.21861184733751307,0.7117892611114989,0.8169627222905878,-0.18303727770941225,0.28821073888850113,True,1.857437850803235
6.706939280462315,0.7310096400922504,-0.0234095038242097,-0.037255760230413715,-0.18473756372230943,21,0.6893132362405208,1.6514129120717143,0.4174081667895949,0.6802252546359389,0.8132734588171203,-0.18672654118287968,0.31977474536406114,True,2.393899931957452
2.817310807713911,0.19323397848763008,-0.2090220161918197,-0.024877533710049138,0.10525242934194146,21,1.5065434793515264,1.0101386686654856,1.491422441378124,0.7571751878086734,0.8093290174158814,-0.19067098258411863,0.24282481219132657,True,4.0547966164194
4.915317340296141,0.24498916599672294,-0.248509712497131,-0.17916232152932923,0.23155972558558002,21,1.7572384296416557,0.39496106680436216,4.449143415221927,0.5436015947853632,0.7756610430831311,-0.2243389569168689,0.4563984052146368,True,10.75615685308247
2.7491771507140266,0.2843999902500976,-0.07099469746416615,0.22260194100078423,0.08825408025424353,21,0.35536993132866357,1.0409497358523385,0.3413900970325754,1.121223865097916,1.245589897805814,0.24558989780581397,0.12122386509791605,True,24558991.036937337
3.8857530007931897,0.26683270475137455,-0.32262288660916333,0.29580971443547643,-0.45361736963186805,21,0.9196337643871234,0.6835164467236307,1.345444968874265,1.0413371399833549,1.785935630828101,0.7859356308281009,0.041337139983354865,True,78593565.85212895
7.636719210967306,1.124903703153797,0.04951388063862361,0.04200911705097338,0.1263560254948748,21,2.172752740200511,1.6681007435425776,1.3025308864656426,0.6162897227165732,0.8793425462220557,-0.12065745377794435,0.38371027728342677,True,4.399447234012506
5.086051871523189,0.8677693335620554,-0.14173286711812755,0.22388974180276133,0.3048471398997562,21,1.9759757587695024,1.4806418457052186,1.3345399932475634,0.7995757592884056,1.1054853907136866,0.10548539071368657,0.20042424071159437,True,10548542.615352599
4.964202736785159,0.2151406838182902,0.20897370713256835,-0.06624806048428095,-0.3186733434065836,21,1.4052399915922849,0.8933557400040556,1.5729903874417435,1.115414117022587,1.2456386081596946,0.24563860815969463,0.11541411702258708,True,24563864.3890729
7.5391727783404745,0.12292102341076482,0.3083635252757131,-0.28214903850781176,0.2808354306049382,21,1.5106217076292505,0.22159771757350769,6.816955175218138,-2.356687415925392,5.303434859683328,4.303434859683328,3.356687415925392,True,430343515.73584265
4.159760123376755,0.7672461373496436,0.25134048538945275,-0.21978673792116474,0.16705440192431698,21,1.1815436509075246,1.9729720256424308,0.5988648777332741,0.9175479194917845,1.0870411875102877,0.08704118751028767,0.08245208050821551,True,8704120.303931132
2.66029230314162,0.18415946202440742,0.33827684215391884,0.08289108004178919,0.321136951385086,21,1.5901835636272343,1.134945262460062,1.4011103585563378,1.299248342575808,1.8739410215531918,0.8739410215531918,0.2992483425758079,True,87394106.32021843
3.4547284216955614,1.1632654959139557,-0.17937603721888695,-0.33555678961839996,0.24591116351152498,21,1.1952271948820412,2.92329136047391,0.4088635197444967,0.44896570753190823,0.7412330537134229,-0.25876694628657715,0.5510342924680918,True,3.5339229060929647
6.175371867943535,0.17960167405423744,-0.2412008610041439,0.27433680443880193,0.006848825861497376,21,0.7162056745374289,0.1178198999295984,6.078817542413356,-3.981376985765459,4.95217710246862,3.95217710246862,4.9813769857654595,True,395217746.73190856
2.8069993583869297,0.27699845403816015,0.02473016429787883,0.3320430863580962,0.3173450046904577,21,0.9153226573214122,0.28316364024979535,3.2324865456382468,1.867462053709679,2.9669459095519866,1.9669459095519866,0.8674620537096791,True,196694601.44933984
3.4825636457874296,0.6100100899424619,-0.3225686314364585,0.06857531530778455,0.016177858851245785,21,0.6528862438353773,2.0286850249062423,0.3218273097202712,0.6159871958075491,0.8078212796783606,-0.1921787203216394,0.3840128041924509,True,2.533039916293448
6.923951706033531,0.5747717265379624,-0.17657651876659647,-0.125924666235204,0.3623823397295708,21,0.5904086306283485,1.6212603880702876,0.3641664441891934,0.48971524990815407,0.7133512332424262,-0.2866487667575738,0.5102847500918459,True,3.2450418662445957
6.466844470997673,0.43527763094952027,-0.21434902523124572,0.28383970944968284,0.13392083740342808,21,1.5122756924030236,0.23224578161754872,6.511531369354932,1.7147410124007827,3.361735568715555,2.361735568715555,0.7147410124007827,True,236173572.84760073
2.4361482035700774,0.36301453485518964,-0.24935748577182246,-0.19147592618184467,0.12652423754883113,21,2.0874165979373887,1.0292316520400697,2.028130978871336,0.6193275409318707,0.7936282083353658,-0.20637179166463415,0.3806724590681293,True,5.766289290887293
4.75330889783701,0.19632306676799077,0.11992801386174623,0.3487809254596407,0.37423934497013633,21,0.8892068151567687,0.3975481766053889,2.236727188009231,-2.536887205893659,3.485831862033637,2.485831862033637,3.536887205893659,True,248583208.14803433
7.068209471765373,0.544499780204639,0.13201235911611037,0.13602994682252517,0.25693026880215586,21,1.0260005101097471,1.1513703726893811,0.8911124816536715,1.1233190430156799,1.231375415098897,0.23137541509889692,0.12331904301567986,True,23137543.82376309
2.422291314068171,0.7872630038593134,-0.01751062744446724,-0.14163846560637955,-0.04749200454005875,21,0.8492892086343786,2.5103436729584447,0.33831591179445547,0.7832530448371182,0.8667645378126824,-0.13323546218731763,0.21674695516288178,True,1.728116071849377
3.0134165714860055,0.47919119431468593,0.03647757298576976,-0.14899524609464224,-0.11555714012786422,21,1.4837757921850119,1.9811756893202623,0.7489370075473178,0.8700688909073192,0.9425845903556473,-0.057415409644352655,0.1299311090926808,True,2.0761358934084235
5.536571000554867,0.2690749187546579,-0.20148924345076094,0.06063787422669459,0.2455743608794051,21,0.3556240231354294,1.2156459855203054,0.29253913340833326,0.7715360942051427,0.8254536054682645,-0.17454639453173548,0.2284639057948573,True,1.6995110158504225
2.1097844663721173,0.17039167004731587,0.05079445350763673,0.18431417006981032,-0.09221099859467496,21,1.0934109897869677,1.4231101287242212,0.7683249298261832,1.118313644950539,1.2980665074699895,0.29806650746998953,0.11831364495053909,True,29806652.801975183
6.936879880778966,0.09926465861824785,0.1727237233647596,0.224911053057275,-0.18729513684836752,21,0.6679914297091429,0.01363203191397,49.00160401066774,-56.87521542271507,164.51781405664505,163.51781405664505,57.87521542271507,True,16351781788.372631
5.08436135948059,0.3824401238732349,-0.003298238484888971,0.0781200162123234,0.24223358400454054,21,0.2247318597300847,1.3732397171855597,0.16365085929110051,0.967289800262147,0.9970027104816102,-0.002997289518389845,0.03271019973785305,True,0.4752524266472387
6.372276537520587,0.7960399569255815,-0.047948312652787706,-0.2987364538907445,0.12089879477242382,21,1.0624754317396958,2.1055356582785354,0.5046105144608973,0.4926057652331383,0.7715595841667672,-0.22844041583323282,0.5073942347668616,True,3.49808936533911
5.14449182140736,0.21359926863867068,0.07710784148964545,0.29409292506294415,-0.2802440516703085,21,0.6607952588100142,0.19498895670408056,3.3888855552617336,2.1763079910660537,3.7767237844813,2.7767237844813,1.1763079910660537,True,277672390.7843899
4.11969879035054,0.05295783130476926,-0.004574467634417989,-0.11887148925079988,-0.498560073815265,21,1.9330436660295809,0.07240901697504666,26.696173305263066,-2.783233234360726,6.504295478782402,5.504295478782402,3.783233234360726,True,550429617.6418959
5.738284899035046,0.06162452436929203,-0.12421996009978664,-0.11810826516817538,0.31418884896936294,21,1.3164666055058916,0.05874286283055579,22.410664752639804,-2.2044519061394046,7.9318633858635215,6.9318633858635215,3.2044519061394046,True,693186397.2936071
4.041806724898556,0.4440485122543819,-0.10054748836042404,0.3324778484677894,-0.12401537262831042,21,1.2274325963345598,0.5505342319153619,2.2295300186224623,1.383816211418818,1.9349644400745765,0.9349644400745765,0.38381621141881794,True,93496450.17306508
3.6324627941486938,0.9626079245745701,0.07203790804553845,-0.055533879324340674,0.42450672563572145,21,1.2157084055378553,2.0166176663520208,0.6028452620555598,0.7681120958470667,0.9377552773327594,-0.06224472266724057,0.23188790415293326,True,2.307662816593308
5.66712977719681,0.9718386657211329,-0.04136224877581157,-0.3408237807927032,0.3985038066638369,21,1.1125808406653546,2.3408867775621354,0.4752817826687146,0.4541619510298223,0.7779642870091211,-0.22203571299087888,0.5458380489701777,True,3.6344467829588183
3.0753348694409484,0.4386614478220567,0.03404964421992429,-0.19552656408401242,0.32897412468696363,21,1.5796208344372638,1.4588093024282656,1.0828151642630062,0.8177341764713543,1.0699125607820903,0.0699125607820903,0.18226582352864573,True,6991259.051947317
5.764881781497688,0.27806821239899043,-0.20753152180392662,-0.04962545123125106,-0.1461837364156804,21,1.0247909829972,1.3706565670064363,0.7476643002086077,0.6571461926201565,0.7448915488496658,-0.2551084511503342,0.3428538073798435,True,3.1383252931128096
3.176523592752873,0.5324463687070415,-0.31332497209930465,0.18303534206735317,-0.42115401815664855,21,0.9717472182628974,1.8121215488683065,0.5362483652764718,0.7687191297167767,0.9884632782397939,-0.011536721760206148,0.2312808702832233,True,2.177782313749217
3.196333013729177,0.9898348793011483,0.11744425738175157,-0.15480968738607462,0.471146160344203,21,1.224453770863238,2.1738955585779802,0.5632532648735872,0.7678656796771772,0.9991635951863725,-0.000836404813627456,0.23213432032282277,True,2.233485076126895
7.095414586792584,0.06939137477757319,-0.019683841998653973,-0.17559357888340987,0.20526788421594167,21,1.294757066609923,0.12956095154527575,9.993420480224426,-1.4823096779166582,3.7012382046639702,2.7012382046639702,2.4823096779166582,True,270123851.9121469
2.4730046836146267,0.23298349962225018,-0.0975004289268786,-0.21936126390300623,-0.4956844867953827,21,2.89607371920262,0.08173341431546377,35.4331670034576,0.8108278485610638,0.9995976900119771,-0.00040230998802293083,0.18917215143893618,True,68.43446912682818
5.69280208782068,0.2817739885144448,-0.32131809571678827,0.03218018466920569,-0.3742457633128746,21,0.9483870200128751,1.364415453656709,0.6950866889341845,0.633192519611715,0.7779115407424042,-0.2220884592575958,0.36680748038828503,True,3.157950483937366
5.9705417995477585,0.881306932285841,-0.2957750787685711,0.25819629391931787,0.23797428185973257,21,2.2928334402685215,1.234491177707315,1.8573105111425334,0.6750120106059593,1.2398056169134164,0.2398056169134164,0.3249879893940407,True,23980566.853851393
3.670244113613988,1.0952311548208595,0.2485695032075762,0.23951750813191441,0.41552681088345245,21,2.4634651254093614,1.7138617556679492,1.4373767996528206,1.1751985983013353,1.3730879127506153,0.37308791275061526,0.17519859830133533,True,37308794.888787776
7.553323990780827,0.5506742572345347,-0.19784895806520025,0.019620984535235808,-0.38825634054955993,21,0.4577857303714381,1.4655688732039067,0.31236043473730746,0.6090065564257428,0.773404020106442,-0.22659597989355795,0.39099344357425725,True,2.549911808855703
3.7609367408588144,1.0900825591185663,0.005679275866349587,0.18712146339187896,0.024923343124931052,21,2.0527521469317804,1.9738634014054166,1.03996666915765,0.8690212044038388,1.015227728141683,0.01522772814168305,0.1309787955961612,True,1522775.449859067
5.618207627354164,0.3423421752487055,-0.3194027888042907,-0.010966101700251918,-0.13399692847320077,21,0.8611748851714696,1.5735322483465346,0.547287725482837,0.5684039824985185,0.7282005035131535,-0.27179949648684654,0.43159601750148147,True,3.2003844248621363
3.8129806626530547,0.6476940575663246,0.23931521348115758,-0.1798784381737962,0.08547066014201599,21,1.250397357993743,1.9718526531837723,0.6341231206981107,0.9866108445574973,1.1127577163461364,0.1127577163461364,0.013389155442502743,True,11275772.909356816
4.649595876010762,0.5514166409649981,-0.15334554495433614,0.1899266986873831,0.13468316282667547,21,0.9810340252731786,1.2319202247862036,0.7963454171258812,0.9055512348375819,1.0722728376744266,0.0722728376744266,0.09444876516241807,True,7227285.756464368
3.878079897809011,0.9053333567536236,0.06134824167761649,0.23368313095437443,-0.4755952000639615,21,1.4749146188378615,2.024549892260419,0.7285148291362249,1.0379560552785452,1.1342913150630316,0.1342913150630316,0.037956055278545175,True,13429133.083666205
6.686505629718974,0.9185537620670976,0.026322724258879326,-0.18598843553520578,0.3065822444462504,21,0.9890884982773487,1.9122465512914417,0.5172390022663995,0.5418254291895304,0.7945552103642854,-0.20544478963571455,0.45817457081046964,True,3.2760441895429264
5.3122175951442525,0.4444177273298867,0.1913167896326362,-0.030063032975649717,-0.03227750835663401,21,0.659496429512149,1.5532294068371673,0.42459692470996807,1.0530945010608177,1.0903376037244312,0.09033760372443123,0.0530945010608177,True,9033761.44663407
2.5704936220372394,0.5743321934189345,0.06024072023252158,0.11025405752335554,-0.489134616117485,21,0.3787655767944407,2.4050936080091914,0.15748475466115544,1.02167973484906,1.0415997646157849,0.04159976461578485,0.02167973484906005,True,4159976.869934172
4.638088540907918,1.0425719966066265,-0.21801430786884096,-0.2373871711458329,0.32108627636962705,21,1.0272257932888909,2.5181667479206777,0.407926041489151,0.41209591483201763,0.713574713256427,-0.28642528674357304,0.5879040851679824,True,3.7164862797572247
2.7259867663081314,0.5049078014980041,0.03704273205331621,0.18107152332813037,0.1590966191190638,21,0.5401421891469029,1.598111476051378,0.3379878045062845,1.0918157894508735,1.153577408541691,0.153577408541691,0.09181578945087354,True,15357741.957004404
3.2740159627895524,0.19304309578167134,-0.3305632371513323,-0.01608913399544165,-0.05812437200368159,21,1.5943424515799973,1.0541899824423695,1.5123862663598748,0.653786676133493,0.7597488247022467,-0.2402511752977533,0.34621332386650705,True,4.611668413239748
7.1900171947932945,0.8892223403649472,-0.10788415856838837,0.28734975314786093,0.47060445155016384,21,2.64860235471744,0.910754600360449,2.9081405174008497,0.9347381562551149,1.6118641720235432,0.6118641720235432,0.06526184374488508,True,61186423.06772123
6.371384208038373,1.1762072037454145,0.08866783657212629,0.29025575098435286,-0.47015439297199424,21,2.9290684468698465,1.604250886521927,1.825816941401336,0.9890272947064662,1.2887986907240303,0.2887986907240303,0.01097270529353378,True,28879872.6048514
3.654992497334959,0.6205293112680955,-0.24782358695771028,0.17131061461193964,0.22407014880442888,21,0.944287635144853,1.5895500607123525,0.5940597018515247,0.7556609439098845,0.9469964919018543,-0.05300350809814569,0.24433905609011553,True,2.353184954024677
7.913721672440067,1.0866988123945318,0.25967082421046284,-0.08390292777518438,0.277511267044942,21,1.7810938515700678,1.6345817114901862,1.0896328027225461,0.6929023735621981,0.9407252900634235,-0.059274709936576464,0.3070976264378019,True,3.6108826765850033
5.128416153345839,0.17451720021415085,0.0510642284242101,0.32244888348846645,0.2060489327070104,21,0.6980112836281744,0.2894136188927612,2.4118121541709976,-2.768383924614135,3.557025077885267,2.557025077885267,3.768383924614135,True,255702531.2241606
5.965864740213925,0.1696249177082838,0.013540101240489988,-0.1442848269212173,0.3441397070366753,21,1.4743615419088814,0.15204054472239903,9.697160350226465,0.8148339566454077,1.0800677289390606,0.08006772893906056,0.1851660433545923,True,8006792.289659018
2.549324300480622,0.8524619125060147,0.05718402631132807,0.22467671385381638,-0.3758156856089194,21,0.9516020407687149,2.3509417924067577,0.4047748199646066,1.0420833800903755,1.0961583391532992,0.09615833915329919,0.04208338009037549,True,9615834.896710625
5.188925822443226,0.5104402948478607,-0.05206386958676251,0.12901519580801818,-0.04337613178761501,21,0.555027785714705,1.469150902386561,0.37778813926676325,0.9335435878609869,0.9928859839481541,-0.007114016051845917,0.0664564121390131,True,1.0518450558735428
4.5637820188759255,0.5184900874216302,-0.035370138622187575,-0.2202770706953965,0.48777300119792644,21,1.2764539127426424,1.7892781003574016,0.7133904519860135,0.6430611984744042,0.8983967002889414,-0.10160329971105864,0.35693880152559576,True,3.1434697790407284
7.159063259754056,0.40269456843731727,-0.1285828711358153,-0.253840400976385,-0.14304855751106715,21,1.6367306433199498,0.8931250047655936,1.8325885341767139,0.5285796168297745,0.795790548235656,-0.20420945176434402,0.4714203831702255,True,5.847584431107647
5.4993862227725,0.8882656857051248,0.025563192006142987,0.14390150615474012,-0.3619734855996857,21,1.5345979993931285,1.7171442559472778,0.8936919505033396,0.8863676561090431,1.004351573480733,0.004351573480732895,0.11363234389095689,True,435159.61842623696
3.9644701360593295,0.7130816482582134,0.3234396957169028,0.08700986351902906,0.07421670063833241,21,1.2157435766026354,1.7951836065672966,0.6772251997818478,1.244079160201827,1.3092477128031779,0.30924771280317787,0.24407916020182707,True,30924773.79060637
5.901921704570353,0.12390987060872284,0.005507902300763534,-0.16904449261683827,0.28968911902790506,21,1.503306561795398,0.0335504086008393,44.80739950683615,-6.642990875953955,13.319488746188851,12.319488746188851,7.642990875953955,True,1231948998.1772985
6.761243195583242,0.8590165853770743,-0.24845794991118314,0.33706183917992905,0.07280590869683035,21,2.727978658325931,0.7113205716837006,3.835090347336345,0.9596018180413042,1.972392064507583,0.972392064507583,0.04039818195869582,True,97239213.95734352
7.878742125906727,0.5916646034811384,0.004949086643179557,0.34824414398423453,0.0333010691962391,21,2.3117596040210353,0.0704623563461309,32.808434515942416,6.436469048633165,9.76430395146865,8.76430395146865,5.436469048633165,True,876430484.8185606
5.514829072498913,0.27080105691936124,0.3333328614767248,-0.02536389922069454,-0.14986695860449162,21,1.1157414321056485,1.4726229461920002,0.7576558785742148,1.2654244142465285,1.404990839115176,0.40499083911517597,0.2654244142465285,True,40499086.68172662
4.464848757643293,1.0055735837121746,0.27738219706607625,0.2591056378953974,-0.19842268375913696,21,2.1930450067060043,1.7745025767228277,1.2358646504510271,1.2650500859301237,1.4083502954627625,0.40835029546276247,0.2650500859301237,True,40835033.22544513
4.5544817965606805,0.2187185599796755,-0.05445745063401708,-0.18169325965554983,-0.2594956611636797,21,2.000415528028821,0.22215180194475392,9.004723394169437,0.7780097030641356,0.9626452997608044,-0.037354700239195626,0.22199029693586436,True,18.26100802350569
3.0076597380906125,0.779483795056824,-0.055034456716795965,-0.27270296026416957,0.08901350291712162,21,1.3752689402051517,2.5036772487040118,0.5492996115681594,0.6554915324184027,0.8358099645230193,-0.16419003547698074,0.34450846758159726,True,2.7687786610426883
5.729458818366608,0.65588087063165,-0.2555439128511654,0.26867833346902226,-0.28465499978751396,21,1.6605782812370629,0.9946151841992931,1.669568600618035,0.8864431548551946,1.3588656170327773,0.3588656170327773,0.11355684514480535,True,35886565.45104475
2.953356964581384,0.15917363437224877,-0.2738437927764618,-0.12226726284153625,-0.10263074316599585,21,2.2485185997234707,0.22143822918427514,10.154157247402443,0.6634234257357536,0.8060393726449036,-0.19396062735509645,0.33657657426424636,True,21.023235420861837
3.182338667080597,0.4279708071877878,-0.15669015346381276,-0.06994896203239798,-0.15344690725816545,21,1.281508838043981,2.1387867836557826,0.5991755923671481,0.7383171845107929,0.8015355426734662,-0.19846445732653384,0.26168281548920713,True,2.4496478512705346
4.56002932779045,0.1923904764483012,0.09636305639384174,-0.254508271640411,0.03551278470725583,21,2.0128108294780294,0.0555784398133419,36.21567709057647,-4.875838683012758,10.04853239422018,9.04853239422018,5.875838683012758,True,904853337.7802458
2.986939443751618,0.9722814869920463,0.17512478907420248,-0.24300227054764684,0.44576197874177825,21,1.2251868012863634,2.2589986225506715,0.5423583658067862,0.8008156176536001,1.0834559597313418,0.08345595973134179,0.1991843823463999,True,8345598.002071608
5.75339723371715,0.44864116723129177,-0.22839130775342864,-0.09366518173823585,0.415762208767412,21,0.7235677961210825,1.5864228695464262,0.456100205065726,0.5263237609588715,0.7104015226830169,-0.28959847731698307,0.47367623904112854,True,3.237103093928007
4.367711675487012,1.0813293846776724,0.040575779627670505,-0.1978379364018365,-0.2539067748518029,21,0.922788595444465,2.4120448714570157,0.382575219211012,0.6731607065337751,0.8361919113158064,-0.1638080886841936,0.32683929346622487,True,2.3628772860324045
3.953075386272423,0.9208422617768953,0.3015736376469341,0.22141897890522022,0.10369299301898449,21,1.9295371757612352,1.7577700090929411,1.0977187947113347,1.2872785454686502,1.4151890852981839,0.4151890852981839,0.28727854546865017,True,41518912.05700683
5.883481489962297,0.3397571561598317,-0.011671785201246787,-0.26921425827149453,-0.07571175358886284,21,1.9542826163622227,0.4232573873300227,4.617243962805136,0.6808916123702975,0.9408010424724318,-0.05919895752756821,0.3191083876297025,True,10.389883395755257
7.353464127256499,1.119866761184671,-0.28823263789302267,0.039863204613243386,-0.4821106481798846,21,1.9187771942304384,2.0599017348336397,0.931489673406873,0.4256480510774081,0.7920358797107515,-0.2079641202892485,0.5743519489225919,True,4.645943287472107
4.352383705422525,1.0733297400329063,-0.08327364929217212,-0.30874322819738154,-0.48868752943904137,21,1.1426114157677492,2.780198659219326,0.410981931805043,0.5662335943593876,0.7872624893885352,-0.21273751061146484,0.4337664056406124,True,2.9516183549200448
3.0672366467863466,1.179000624577326,-0.22648005724655573,-0.238394220322651,0.49306217590414003,21,1.0569403068063754,2.817423083979221,0.375144334131597,0.4373612970970299,0.7374135878118601,-0.26258641218813994,0.56263870290297,True,3.527720924549176
5.368318946317821,1.1847150132855948,-0.09246698466282383,0.2113825893570932,-0.2630224828614486,21,2.5767968164091126,1.895098099137483,1.3597168492659517,0.7296760992986664,1.0054781669002952,0.005478166900295234,0.2703239007013336,True,547820.6314654528
2.427710629924551,0.8280894419042534,0.32429370233532073,-0.13859734251459838,0.30523472965152965,21,1.2699261213743944,2.178766671098387,0.58286467211938,1.104754054824228,1.3027877056965156,0.3027877056965156,0.10475405482422806,True,30278772.20358863
2.359448846317842,1.1364876102865833,-0.18396988531049818,-0.32382433921166454,-0.33309055735220283,21,1.3947779517710477,3.3232967137918896,0.4196970875283666,0.5795750562818732,0.7951419755726348,-0.20485802442736523,0.4204249437181268,True,2.901510570025076
6.769174394119204,0.942011073154006,-0.27924257825103915,0.23155406722869942,-0.07419186929859656,21,2.2651242785902124,1.483017677927053,1.5273751030104914,0.6188040719632951,1.1111101234034706,0.1111101234034706,0.3811959280367049,True,11111017.155477332
6.270386748151084,0.674296766818684,-0.09789762871739494,0.17056523778385113,0.16668602367479657,21,1.3627394063747298,1.307205004681006,1.04248331477837,0.8491962816012978,1.0623866658088001,0.062386665808800146,0.1508037183987022,True,6238669.320488778
4.784950253378657,0.8835958642947409,-0.18831843606454657,-0.3357305069320105,-0.09193305188344181,21,1.4041582376052777,2.593978890759549,0.5413144426915991,0.453303228895259,0.7385480089162841,-0.26145199108371586,0.546696771104741,True,3.764511040422951
4.316085998142365,0.07157164691629596,0.1412692857726502,-0.21780824354349587,0.09417700328800993,21,1.6431510330881554,0.19657363060270897,8.358959581964964,-2.409975665417116,5.232908018867045,4.232908018867045,3.409975665417116,True,423290834.85767025
3.5364801903158276,0.8338175968596276,-0.14617194874238926,-0.06522030867100831,-0.1546498011766373,21,0.6438719022748796,2.338069654244481,0.2753861079827149,0.6570284514974265,0.7886066436271624,-0.21139335637283763,0.3429715485025735,True,2.2393783192445342
3.2350307671821366,0.6265432948399349,-0.20331015173004063,-0.3279407034439256,0.156261844981731,21,2.013410317125656,1.7916155483760554,1.1237959611093118,0.526345610972382,0.7822187870346308,-0.21778121296536923,0.47365438902761803,True,4.508736146356156
7.7094918356968885,0.1225815252523977,-0.1891271045944406,0.06813144712491742,-0.014613787738145922,21,0.43230136061295155,0.7075814153090019,0.6109563525268182,0.87314880871761,0.9107728992608276,-0.0892271007391724,0.12685119128238997,True,1.7979282299797816
2.2188192274713816,0.8365249643168307,-0.16810765339901645,0.17432170042048467,0.35327892162243657,21,1.1517941385434687,2.1094419271649487,0.5460184154448181,0.7930265353239112,0.9377929708946834,-0.062207029105316614,0.2069734646760888,True,2.074854039751784
2.3407788342676277,0.17952811903521804,-0.09877631448948326,-0.19941457652507252,0.013327365136482139,21,2.4132608588810127,0.03256001978275224,74.11730321365991,0.4552540768317662,1.3092946510178138,0.30929465101781384,0.5447459231682338,True,30929608.994762097
7.1808614733784015,1.029532447599568,0.18104274407957233,-0.025133695047208804,-0.4082058951534232,21,1.5210852117834044,1.721089379164108,0.8837921087643683,0.7859021405489955,0.9357919600843758,-0.06420803991562418,0.21409785945100446,True,2.7538245605903793
7.329544846006742,0.37339727002224393,0.23801393857480468,0.17484183433703548,0.48323767769350523,21,1.1459608350367314,0.5607881395954795,2.043482652581351,1.5549049382145197,1.9067875624213,0.9067875624213,0.5549049382145197,True,90678762.9088216
6.492475472959337,0.6604114364844451,-0.11805934591693165,-0.1703820152543894,0.15657395658417506,21,0.6958333971875779,1.8099428933092632,0.38445047065287796,0.5193166439372469,0.7386225802128824,-0.2613774197871176,0.48068335606275314,True,3.135669340432976
5.811147352924168,0.8798579086465815,-0.2120430283254074,0.005829764374926272,0.15301703331681016,21,1.1758548856990183,1.8601254713052988,0.63213740354509,0.514143366063155,0.7625007754113111,-0.23749922458868888,0.485856633936845,True,3.633298426335953
5.150318859062266,1.064813794510813,-0.19600310951632965,-0.07005183745803051,0.341261188918622,21,1.3334667289478994,2.173643700561072,0.6134707029508554,0.46054019125828144,0.7397796081485934,-0.26022039185140655,0.5394598087417186,True,3.865760333484186
7.177333790590393,0.5596958793658121,0.1862889918671481,-0.2168664957472143,-0.16021280490904077,21,1.1468826463018391,1.6039452386614204,0.7150385304045512,0.8004321734627816,0.9653052327481199,-0.03469476725188014,0.19956782653721838,True,2.3597539551167848
5.629025877133676,0.4139238244269304,-0.09326606402338417,-0.13540836016724578,0.021645868159287818,21,1.0619652285017556,1.661013088292997,0.6393478991746684,0.6626149739060571,0.7908405080451253,-0.2091594919548747,0.33738502609394294,True,2.904674025879957
6.04446078744363,0.6514444757233471,-0.178928451259265,-0.2765076069935942,0.07208481725368054,21,1.3385717865706748,2.085134907498443,0.6419593196377746,0.45245853836202765,0.733262671740874,-0.266737328259126,0.5475414616379723,True,3.9604301065229164
2.7995407304072524,0.6402821244681115,0.14438630570275846,0.3004195750300588,-0.17964276485694308,21,1.1266986413823785,1.4720639273367326,0.765387032763454,1.2552522649817146,1.4010628769607374,0.4010628769607374,0.2552522649817146,True,40106290.430147335
6.799066315709856,0.8239443691535271,0.10542428023060657,0.3173097118312397,0.04633199437545865,21,2.5212704145573,0.7767928821602259,3.245743456796052,1.3713827967213872,1.9431632643296308,0.9431632643296308,0.3713827967213872,True,94316334.47195807
6.7198706489062765,0.7306637933372011,0.20591342306986804,0.14047217081651103,-0.3577932003337805,21,1.2360510598447272,1.4189040933731711,0.8711308013117743,1.125161213013906,1.2044124877896345,0.2044124877896345,0.12516121301390593,True,20441251.06398912
5.666537332989607,0.9083993133301903,0.1455741967489101,-0.23051632419914253,0.1534329985514995,21,1.0682361356285826,1.9790051990565127,0.539784400838291,0.6788742922096336,0.8938650209316563,-0.10613497906834368,0.3211257077903664,True,2.6337414939314954
4.739544594512415,0.7467879454971795,0.22077147382151563,-0.32724045274352836,0.12309257253926531,21,1.607606103671594,2.0388937367511986,0.7884697837333965,0.8012258692755064,1.0389439419781386,0.03894394197813855,0.19877413072449357,True,3894396.6934618815
2.492343074610919,0.5627629092644733,0.29246736105274385,0.2676514115083749,-0.18090546876994928,21,1.093798422462223,1.5109598366393158,0.723909660560571,1.3184341897750103,1.5321700711768969,0.5321700711768969,0.31843418977501026,True,53217010.08867206
7.210754405707374,1.1162488914760953,-0.11266637691740752,-0.08286051362997682,0.49952729866030143,21,1.6699106347998298,1.971776833360709,0.846906509167989,0.4213488938674197,0.7466205583053384,-0.25337944169466164,0.5786511061325803,True,4.506335775997857
7.9801197161039745,1.169513637816117,0.06841826894248426,0.27253985685499893,0.05341251139709835,21,3.1665753006068544,1.3444541085599957,2.355287012361082,0.8673796867267654,1.328820347151742,0.3288203471517419,0.13262031327323465,True,32882039.864328124
6.990391960599736,0.23846234742296252,-0.18892750969156857,0.09006721180581972,0.17368279380439045,21,0.23923036098840156,0.8730577035850546,0.2740143750018413,0.8515339852449354,0.927897529648876,-0.07210247035112405,0.1484660147550646,True,1.2642379472754426
5.1920600532200645,0.9710789813063566,0.04836263785908368,-0.1933176074438361,-0.1726387727296902,21,0.8897220710232612,2.181048267641385,0.4079332329428081,0.6537624912413815,0.8289886761332367,-0.17101132386676332,0.3462375087586185,True,2.5081670950804265
3.3948556997832284,0.7312923405476754,0.34357557830948804,-0.08822491943310179,-0.04759192996626316,21,1.0057137737681063,2.0686699901440613,0.48616443345710686,1.1627294537474557,1.2307434903777248,0.2307434903777248,0.16272945374745573,True,23074350.77740418
3.4497663086237966,0.13755368326251013,-0.12174807360567053,-0.14473813006978659,0.3549809235639275,21,1.8402359516105682,0.04310668084365876,42.690272495922805,0.7103267625047158,1.0919031472982346,0.09190314729823457,0.2896732374952842,True,9190397.489213336
7.641269473199218,0.7061570831856002,0.2802163681794433,0.2560443309856847,0.33105764789248027,21,2.1014289671138977,0.7490359861426266,2.8055113585874594,1.53049542763106,2.011148241140128,1.0111482411401278,0.5304954276310601,True,101114832.1100726
4.948339733742223,0.18576710280202258,0.015546586753829805,0.29283460925761795,0.33615952842644403,21,0.7455001793978189,0.13833920915248576,5.388929024280339,-3.778909839480637,4.951837182687964,3.9518371826879637,4.778909839480637,True,395183752.427495
3.3685860167660033,0.3746972604126185,-0.17457524556381512,-0.038022011435203174,0.2280726893738465,21,0.9591435023046635,1.8436012718988526,0.5202553919464241,0.71684905399827,0.7960233269695451,-0.20397667303045486,0.28315094600172996,True,2.4066713024910418
2.137389983181011,0.6127896315457286,-0.2190320197674106,0.17940661640778865,0.2832416625009633,21,0.6579076274545546,1.8436702988736775,0.3568466812403926,0.8180446838937667,0.9394764039718481,-0.06052359602815194,0.18195531610623328,True,1.5894529390086982
6.519258551730223,0.6734367829317847,0.2900717355658171,0.16193569818039377,0.3866446570822296,21,1.5712978718791646,1.2274870596713003,1.2800932274593027,1.2900073894264539,1.4567096815277512,0.45670968152775115,0.2900073894264539,True,45670972.0409715
3.479637392746903,0.9343325245697031,-0.13143020759495627,-0.2595329456357345,-0.36157202569731317,21,1.2142095559021007,2.7721997890503007,0.43799496728122334,0.6013008555291947,0.7876494487382238,-0.21235055126177615,0.39869914447080534,True,2.827733057442602
5.189087519820801,1.1659870953882245,-0.22837541792113375,0.11995933206630788,0.1259483085459504,21,2.2469030247887845,2.0326342230607874,1.1054143432679915,0.5283108552816098,0.8559531568144237,-0.14404684318557626,0.4716891447183902,True,4.463898947451655
7.124809613770972,0.35608409638365984,-0.25627338837690794,0.3473491079487149,-0.24124616000352161,21,1.422330772741166,0.23801397473054192,5.975828832535575,-3.301813405124925,4.1860288573855025,3.1860288573855025,4.301813405124925,True,318602918.62961906
5.709602699437607,0.985549482429095,0.2660424849204408,-0.13887493418135663,0.006723999273390513,21,1.31332125862144,1.8401014085477643,0.713722217982504,0.8439762479694618,0.999022943887398,-0.000977056112602015,0.1560237520305382,True,2.1395264374124494
2.1538726515092135,0.32248096639375057,0.08578854786540141,0.30661995483138915,0.29341580057682526,21,0.9305846351279436,0.7017430033054333,1.3261046148584217,1.4232189110035767,1.918291958550694,0.9182919585506939,0.42321891100357667,True,91829200.49696004
4.458381754719391,0.6743130648115288,0.3293266031516532,-0.11725873270344112,-0.27271837802525845,21,0.9961327514065834,1.9360905871704777,0.5145073056020552,1.1225185636006245,1.1768877538711562,0.17688775387115618,0.12251856360062452,True,17688776.97967678
4.261657087803631,0.17102403605888716,0.2825091846712995,-0.019823569126985963,-0.2904109744993023,21,1.489546046678343,0.9072028015914072,1.6419107657795968,1.2115443813646736,1.4433693685506384,0.44336936855063835,0.21154438136467357,True,44336941.04008939
4.9269239278567,1.1173698658789637,0.2008700454850053,0.3323944559803208,0.42623512040546796,21,3.119324902240927,1.3523588475186443,2.306580762912428,1.2401960137932926,1.6490866950616916,0.6490866950616916,0.24019601379329258,True,64908675.1004321
7.1077755748372144,0.16501724265265993,0.10002417958221449,0.015877487579508576,-0.4512501288629438,21,0.7095849101848063,1.085368381393011,0.6537733384807957,1.068103693429958,1.1281395235964045,0.12813952359640446,0.06810369342995792,True,12813953.945383558
4.061894274985276,0.5821456386204396,0.30559699957067643,0.06619432995295099,-0.2324805735079345,21,0.7674854062523522,1.9033438801123395,0.4032300280951089,1.2340341413605178,1.2780251535969405,0.27802515359694047,0.2340341413605178,True,27802517.297886234
5.957851484688141,0.3014995652823596,-0.04520164558261519,0.34837902941883037,-0.13666826210177407,21,1.2046092969337256,0.19184662902320593,6.2790224830482435,-3.512140451592163,4.225152601454562,3.225152601454562,4.512140451592163,True,322515294.6656452
3.8877154798964133,0.6262331976734252,0.23913239279253473,-0.05887839080864482,0.23105591165198192,21,0.8153255396761292,1.7955157612977222,0.4540898817211422,1.0557249049227675,1.1543774128092885,0.15437741280928852,0.05572490492276749,True,15437742.424446266
7.4315610729616335,0.996252173790066,-0.3477607206075265,0.18181428104187058,-0.4627873109675271,21,2.1321398840117203,1.7333551797529725,1.2300651989372313,0.49325168085272575,0.9710705324308048,-0.028929467569195233,0.5067483191472743,True,4.876613980586685
2.5540264464498583,0.28122808418492196,-0.09378222964432614,-0.30300924963686476,-0.431892567373519,21,3.007948563689692,0.052565281588644854,57.22310378223997,0.6876872249714008,1.118308017019899,0.1183080170198989,0.3123127750285992,True,11830912.254873693
3.2626046382816813,0.5186642082711932,0.15337346579870792,0.02203786879814057,0.3095807210592866,21,0.6693603642942927,1.794877085985271,0.37292824646366096,1.0585554425291581,1.159179559142411,0.159179559142411,0.05855544252915812,True,15917956.917324798
7.973835572585098,0.177981163007701,0.004169663881392505,-0.05769373681817225,0.16130557584999106,21,0.8241263148221019,0.7217245571371724,1.1418848183455488,0.8505030678686357,0.9289919683914453,-0.07100803160855473,0.14949693213136428,True,2.9224022259151807
2.3176597723795855,0.7781753284249039,-0.006142542560700237,0.035505858328137185,-0.28619858736304926,21,0.3258136955351554,2.4957716268692156,0.13054627756301068,0.8974149467601056,0.9223489417994546,-0.07765105820054541,0.10258505323989442,True,0.7615732800703117
3.371275663457683,0.3132067144367509,-0.29865818525752236,0.1614856867820127,0.035329663008202505,21,0.6860315081204726,1.1983614932259832,0.5724745930159014,0.8147623602687629,0.976331362475578,-0.023668637524422054,0.18523763973123708,True,2.0165652909958403
2.027010526097734,0.4155317953878901,-0.3427726134913876,-0.07504251911111343,-0.21305477911641613,21,1.919844589902859,2.0304912848455814,0.9455074268141282,0.6448525561539333,0.8030308585071533,-0.19696914149284672,0.35514744384606667,True,3.576620003222289
4.602168659070227,0.9273538614101184,0.3417465727132839,0.18761251459770123,-0.4223709384851686,21,1.6222916215076462,1.8796196469618873,0.8630956928598975,1.2809731455177864,1.3668191186953782,0.3668191186953782,0.2809731455177864,True,36681914.9183189
2.4359774295889576,1.1509701641109973,0.06437657304083833,0.3309918865676277,0.24186952920609894,21,2.6439162661283397,1.9617339826624263,1.3477445410514168,1.0770343357110521,1.2617173339850403,0.26171733398504027,0.07703433571105212,True,26171736.350688793
6.176123677648448,0.12667443755661006,0.00750469564473677,0.2552676525627814,0.0013747896165831053,21,0.5138505667322576,0.09124287797081576,5.631678637938337,-4.915058562561428,6.575464796734692,5.575464796734692,5.915058562561428,True,557546519.9752702
4.786055918686359,0.37490199790359224,0.18161128687046002,-0.27387204427116707,0.08495752538936219,21,2.0376194608072455,0.6061797217945513,3.361411455294183,0.9044232380712831,1.1701086913033536,0.1701086913033536,0.09557676192871689,True,17010876.010609936
2.292942842480678,0.7466746898007068,-0.09867712269793616,0.28022724549476474,0.29113175722579154,21,1.4745428414078963,1.5135642410614054,0.9742188678914977,1.0051371900831274,1.1635995084161965,0.16359950841619653,0.0051371900831274075,True,16359952.722874302
5.863558361597518,0.5107464337991757,-0.19922541006316158,-0.10031450420389026,-0.08284715610227789,21,0.7773713069355039,1.7442633715830258,0.4456731245981459,0.5636448727187098,0.7270030388407975,-0.27299696115920247,0.4363551272812902,True,3.030637352999273
6.634369040431599,0.19251896639768512,-0.07010100843810785,0.07131924222225966,-0.41325306296935127,21,0.4519525616313582,1.1063007755367553,0.4085259376339854,0.9584421319974799,0.9717161056535092,-0.028283894346490812,0.04155786800252015,True,0.9858978001208089
3.140638330596374,0.42781485411946946,-0.34181107746450495,-0.069491869948477,-0.31652063786386475,21,1.6152383928551146,2.0818846569602423,0.7758539299739701,0.6050019154536029,0.7860277148949155,-0.21397228510508448,0.39499808454639707,True,3.4527387150860065
4.0396538783762015,0.6081943000893107,-0.14672165470272336,-0.30192297251131417,-0.34870929097527525,21,1.9973517968964358,1.8376279654679792,1.0869184810146164,0.595684882942448,0.8011828740624397,-0.1988171259375603,0.40431511705755196,True,4.091800233503776
7.6206088230173155,0.3332073014460819,0.19543549387294734,0.25218259926792086,0.41088726872347814,21,1.3161120595627545,0.046486565820806625,28.31166459221826,8.361456419805355,13.396036412747316,12.396036412747316,7.361456419805355,True,1239603732.0064864
6.804309417011966,1.1656575988113116,0.22042555880504422,0.23345158308384695,0.1593694221420121,21,2.9025366052682067,1.398753095099265,2.075088602440035,1.0082214849611022,1.3089933631790316,0.3089933631790316,0.008221484961102199,True,30899340.31137651
5.5101722849271955,1.1871061855872564,0.16936634416053375,-0.21564656994598702,0.17458677340925044,21,1.5072802643102141,2.158572561375701,0.6982763939839922,0.6382730324060198,0.8844403356088012,-0.1155596643911988,0.36172696759398015,True,3.138623266121045
3.3842422747672463,0.2698293377963983,-0.23936248657168485,0.19342212399369463,0.1481614528579437,21,0.45005865913738674,0.9392684918704135,0.47915868895076197,0.9546280611789626,1.1204730924462627,0.1204730924462627,0.045371938821037405,True,12047310.384126741
4.371495617142617,0.756587233884602,-0.26439832286021087,-0.3103248665820855,0.2609137430796479,21,1.4975174621299994,2.4670681555283664,0.607002874555478,0.41409323262680026,0.7203643606146093,-0.2796356393853907,0.5859067673731997,True,4.085676026360913
3.0493509806237293,0.9039018082723241,0.02100956100420659,0.34814850911634243,-0.06501684313301015,21,2.1195360666970435,1.4977363063897444,1.4151597031163194,1.1475080207684165,1.3428886296434925,0.34288862964349254,0.14750802076841651,True,34288866.39730631
6.381747992013876,1.184844664215917,0.13361987974076017,0.03621681146051664,0.02662139587663348,21,2.1689821795339133,1.7758420271298445,1.2213823900988934,0.7279184168105722,0.9347365311967439,-0.06526346880325606,0.27208158318942777,True,3.6867423863292985
4.814453026794874,0.6369463600039619,0.34389668714781774,-0.27222466412339524,0.49277972762093414,21,1.6592392476915874,1.7433883652554871,0.9517324313727608,0.9712989880155701,1.3121529976265238,0.3121529976265238,0.02870101198442987,True,31215301.718896825
3.5080393243447032,0.9518224773638541,-0.034144627034672526,-0.2589523494657342,-0.14421989232961208,21,0.9600711645633067,2.584889890018884,0.37141665812167063,0.6466781545939506,0.8146556223491536,-0.18534437765084644,0.3533218454060494,True,2.4740366319665736
3.188679348856084,0.44529952628725356,-0.04882566027202051,-0.3015646804996769,0.2872087243412348,21,2.139527006636839,0.8624090747254598,2.4808725572814017,0.6841458610380049,0.9915654480724458,-0.008434551927554157,0.3158541389619951,True,6.304522502445394
2.5417100802076558,0.41756266697530536,0.211434776305371,-0.2327140379225041,0.15742605577943525,21,2.157504016359814,1.1090917743168074,1.9452889889917548,1.026141695295719,1.3038069460152153,0.3038069460152153,0.02614169529571897,True,30380698.43737007
2.198080845522612,0.37905602736460353,-0.04560301053751059,-0.043917874322813966,-0.49218321751984706,21,1.776002383810803,2.0108289182507373,0.8832190385225737,0.903867330939682,0.9331002046382443,-0.06689979536175572,0.09613266906031803,True,2.162907097028262
4.036742838879441,0.6387893313367655,0.28754749930671575,-0.13349911222904104,0.33432801252737354,21,1.134592397192426,1.7873844233849074,0.6347780490577182,1.0475914641708803,1.2207742806011133,0.22077428060111326,0.04759146417088034,True,22077429.50711347
6.749436617233913,1.1624327677082869,-0.09038375236426255,-0.03313525876861556,-0.12889130383051484,21,1.8270341148744413,2.046068490963753,0.8929486588270851,0.5094606758006859,0.7808936077421114,-0.21910639225788864,0.4905393241993141,True,4.153472121077893
6.486469059289678,1.1629550127324046,-0.2661399002655613,0.12447566952861039,0.2522676982341423,21,2.427163054894997,1.8766680884177405,1.2933363496053214,0.45237115264407446,0.861259819658794,-0.13874018034120605,0.5476288473559255,True,5.201527495188551
7.071439661923754,0.7501893651634461,-0.325626603127457,0.23029330866354403,0.2041580431343858,21,1.9665627978974898,1.036096593892117,1.8980496697803615,0.6582412274163726,1.2718901994007696,0.27189019940076964,0.3417587725836274,True,27189025.264035422
5.286750833815351,0.8570988770125698,0.20617837292449692,0.03616550973779131,0.1834188148153092,21,1.3056610168740614,1.6110869030909847,0.8104224634742285,0.9644185933348457,1.0614429015499738,0.06144290154997378,0.0355814066651543,True,6144291.876494468
6.469797471400742,0.35470588199044556,0.02815682859750568,0.26668215396672257,0.07915542996190472,21,1.2145706378114296,0.20646394411239133,5.882725155876429,2.0735597865433157,3.2373504506465784,2.2373504506465784,1.0735597865433157,True,223735061.6371265
2.3408089948362276,0.804496937309521,0.0852840457963907,-0.03259944309992313,0.33329865807992687,21,0.8303265785574654,2.172591774821688,0.3821825103915866,0.9019386623593283,1.031835784487351,0.031835784487350915,0.09806133764067171,True,3183579.6669746162
3.8217394845878383,0.5118769179389295,-0.13233356534079832,-0.33788691236453944,0.4417435907863414,21,2.0563136650141605,1.0439400334463405,1.9697622460417474,0.5427883174236368,0.900474515696462,-0.09952548430353803,0.45721168257636324,True,6.037812039404365
6.018388549635836,0.8136744661102367,0.20464388054149008,0.3422455174400907,0.15934719740806091,21,2.5759241666378903,0.6811154688062797,3.7819199307753864,1.5967464562253657,2.241906196006716,1.241906196006716,0.5967464562253657,True,124190629.78772593
5.202054486207679,0.47583788107306835,-0.05426975963720637,-0.3365874320098025,-0.18256055643731117,21,2.161395603416314,0.8355026943795951,2.5869403150414305,0.6127280443078483,0.8746915107406615,-0.12530848925933846,0.38727195569215167,True,6.863636016015557
4.286541505886375,0.3879685179013806,-0.1513964369026618,0.305647089035908,0.38242605105265526,21,1.3047849839366068,0.24992819738112315,5.220639358058908,1.7827542610615474,2.9836486455140947,1.9836486455140947,0.7827542610615474,True,198364878.40879333
7.728703355767204,1.0192515311973878,0.09251368326334458,-0.32196066287312347,-0.27420929654401216,21,1.1893575586599394,2.175021033725403,0.5468257732766809,0.5109493641422085,0.8036620101539989,-0.19633798984600115,0.4890506358577915,True,3.486777648594531
5.806023871476931,0.8603136103547293,8.586470029331439e-05,0.0549142592413529,-0.4479085603159676,21,1.1657556986217466,1.7955593706168431,0.6492437497186545,0.7860893548693566,0.897021708895788,-0.10297829110421197,0.2139106451306434,True,2.3061504837227247
4.729959060177643,0.2082243453470668,-0.3352750193107227,0.17239439628352715,0.4010789998910018,21,0.44325810301845203,0.5594013785002296,0.7923793541711304,0.9239122131290568,1.3794823381511578,0.37948233815115784,0.0760877868709432,True,37948235.70477854
2.162736348052732,0.7904991502074175,-0.26123281529806863,-0.19709784725386706,-0.06586083617047422,21,1.4308290098280283,2.886186319804844,0.4957507420812587,0.5836739344876406,0.7668570449721421,-0.23314295502785787,0.4163260655123594,True,3.025873546860045
7.6063971081777275,1.119137443810318,-0.024569390772059607,0.25354643060359905,0.32058432458682773,21,2.9789454914479636,1.3685311744911224,2.176746534514028,0.7659362712175969,1.2440346448739226,0.24403464487392257,0.2340637287824031,True,24403469.803701986
5.17875518764831,0.47778834470415416,0.012208624610189345,0.3251389405606001,0.24055318419885363,21,1.6815722597726004,0.2327238939788826,7.225610705556458,2.1164731123719993,3.409379197347684,2.409379197347684,1.1164731123719993,True,240937939.079562
7.084239806767149,0.211683412686971,0.10727688143265202,0.0925528420367352,-0.1679035111090177,21,0.26186652631521634,0.9094161734599413,0.28795015302941634,1.1826677776692345,1.2710926600462125,0.27109266004621246,0.18266777766923448,True,27109267.46641111
2.881244087352425,0.44965813625861756,0.2592704906301109,0.017173290589173995,0.47894431634015566,21,1.1661260785072225,1.4080724698548657,0.8281719183298987,1.1925227555517677,1.5102480428091312,0.5102480428091312,0.19252275555176768,True,51024806.82092386
7.587232087808008,0.3592302677136676,0.10085979376462112,0.08435198393682714,-0.27615816931442994,21,0.2716776748673213,1.1769308521715287,0.2308357150856016,1.0939375915745635,1.1161463175548225,0.11614631755482252,0.0939375915745635,True,11614632.66483684
7.0893196304162345,0.06668256836837773,-0.1580161512808104,0.043338844441852764,-0.1414931657330578,21,0.7386979041845194,0.6294909074775478,1.1734846292610934,0.8754861965949682,0.8915214164310652,-0.1084785835689348,0.12451380340503182,True,2.8576738995285607
7.187087879313308,0.06985099517134982,-0.31514650292122076,-0.33059071508116894,-0.37683701899753164,21,2.0389042332935245,0.0158323512615684,128.78088665470554,92.63849080335756,112.90568309779998,111.90568309779998,91.63849080335756,True,11190569013.25797
3.6758344370587084,0.44021111873089985,0.10216957898007467,-0.21734320411906327,-0.35458108669968635,21,1.9343161684208519,1.3372074876710194,1.4465340541801794,0.9047999637809621,1.009341227463827,0.009341227463826929,0.09520003621903794,True,934125.9775577151
3.778232703887901,0.3709817935739406,-0.014383766490072447,0.28093884507936695,0.44703249078347007,21,1.0849726870273484,0.4203996071319521,2.5808127995866674,1.5552926429586336,2.1511393198279305,1.1511393198279305,0.5552926429586336,True,115113939.67486158
7.964582839679509,0.8857598024750545,-0.2852692216986773,0.2419242353084966,0.41511021432213646,21,2.436003175003862,1.1092067391316311,2.1961669444155603,0.6183805125373305,1.299838255237911,0.2998382552379111,0.3816194874626695,True,29983831.614869166
2.402931267304931,1.1119470494847432,-0.011678632172159087,-0.17772207459423173,0.2741946282673675,21,0.968460271970581,2.6140981804594303,0.37047586016848577,0.6803124826045994,0.863045786918068,-0.136954213081932,0.3196875173954006,True,2.3040730791381816
3.513991662940856,0.13619303256587478,0.056710500422240406,-0.32990449437613273,-0.31543140591868835,21,2.3234912253087567,0.2656092186993874,8.747780806277095,-1.4180630148671902,3.778296655792711,2.778296655792711,2.41806301486719,True,277829694.331251
4.17791590409907,0.7712905194906595,-0.0939213725250751,-0.04858542168285329,-0.4530875745827728,21,0.603863964746808,2.2237732852531304,0.27154924863578017,0.7217278164524525,0.8237341388227511,-0.17626586117724885,0.27827218354754746,True,1.908573530780768
6.5986216769230115,0.23875312152265243,0.20294033392206123,0.3164062171283327,-0.32372053127142564,21,0.9544516078519609,0.13826325514937765,6.903147237643038,-3.699310990282945,5.695193380086774,4.695193380086774,4.699310990282945,True,469519374.65347284
6.499760667608044,0.5161723442947445,0.04341599336980956,0.09484648643577925,0.10002484579042115,21,0.6330049913036939,1.274962861873599,0.496488964685193,0.9679384920523427,1.024415856495336,0.024415856495336064,0.032061507947657275,True,2441586.755490438
6.689582346775765,1.107696838009077,0.004856021687788703,-0.15508611613293227,0.03880455150148121,21,1.2934850042118706,2.0875817181547016,0.6196092794658283,0.5192211268417704,0.7783131466474473,-0.22168685335255267,0.48077887315822965,True,3.584047638570282
4.433128213109584,0.7542098729178519,0.09846739075517491,-0.059642511686960165,-0.3405497339753225,21,0.5258441297345684,2.012486063859982,0.26129081794782244,0.8806743149834565,0.93051931653685,-0.06948068346314995,0.1193256850165435,True,1.0943020787344229
5.019241012827434,0.44362652550440784,-0.18071415636669774,0.2270948753653833,-0.14727454846685484,21,0.9091308854846689,0.9014998977806199,1.0084647682410564,1.0154776087131676,1.273086367624273,0.27308636762427296,0.015477608713167612,True,27308638.760611296
7.094135573134062,0.8477391282937203,-0.025869944531593025,0.3024133582098577,0.35522546693401835,21,2.609086496013453,0.7843948028928774,3.326241436571283,1.1395821216219961,1.8259110326415746,0.8259110326415746,0.13958212162199612,True,82591110.29747143
7.333416385273873,0.40263444288823186,-0.05489708490443934,-0.30652466755533253,0.013443778971404474,21,1.8704187479649412,0.5766586519973962,3.2435457986909504,0.5466057865764181,0.86980780276311,-0.13019219723689002,0.4533942134235819,True,8.444866261060437
3.212843354184554,0.8707578433449799,0.3365730681467686,-0.11986296952779898,0.12658965851868464,21,1.1670838754284332,2.081726988320922,0.5606325334571268,1.098488139968447,1.2094699223196688,0.20946992231966877,0.09848813996844696,True,20946993.792229414
2.4958327896006436,0.6872728285639452,-0.2526092863170773,-0.06730587635660995,-0.008348100290929028,21,0.8883918008599916,2.4920166052995785,0.35649513689865375,0.6296186292058056,0.7687974755793078,-0.23120252442069222,0.3703813707941944,True,2.530913635314689
6.851349853480541,0.3414979494701221,-0.0510549375092193,0.32575559536552934,-0.3954532487492173,21,1.3547607771494181,0.04752956404572284,28.503538888893562,-10.165137973271095,14.446052073634425,13.446052073634425,11.165137973271095,True,1344605317.4790628
4.97278499871995,0.5558784171747685,0.14958753022949683,-0.23210538917973306,0.42363184754216665,21,1.334637309202854,1.7448460476292795,0.76490261763565,0.7980183279552133,1.0499445097754612,0.049944509775461166,0.20198167204478668,True,4994453.444344097
7.239094520534978,0.32763689141683083,0.32806942862349087,0.28176802252654387,-0.2916862121187901,21,1.2158206488979348,0.11805641772872266,10.298640872635342,3.3642607690310014,6.108400314715009,5.108400314715009,2.3642607690310014,True,510840062.9083514
5.574705603352632,1.138422078156687,0.20509726318100252,-0.2434457144648816,0.060281349615691315,21,1.4096272474138207,2.1395117107248742,0.6588546537734229,0.6768182695577478,0.9100995452015312,-0.08990045479846875,0.3231817304422522,True,2.8708115429600913
5.530008792474636,0.7115798765241482,0.3051089805339833,0.06852185784027726,-0.36594048673385926,21,0.8740320444073542,1.6635157337670057,0.5254125504590943,1.1906751284215604,1.2235157903734981,0.2235157903734981,0.19067512842156042,True,22351580.99146473
4.667779459530443,0.8877086324505908,0.15341860717937883,-0.12339038900465668,-0.36610652661220255,21,0.7943298434177966,2.0878071068601742,0.38046131790995713,0.8574763231139862,0.9411886011288292,-0.05881139887117082,0.14252367688601375,True,1.4372729116901966
3.9087338904301325,1.1545301925171814,-0.26240822630105287,-0.23879928504667536,-0.13654432469534306,21,1.1303423349202646,2.908167169549408,0.38867859686876255,0.4439648023182888,0.7354709988059198,-0.2645290011940802,0.5560351976817113,True,3.5204817477886
5.933248265347118,0.13894504568340785,-0.04157473603165457,-0.08816282372272666,0.4733168431229855,21,1.184864073333215,0.3046933317640872,3.888710220447527,0.8068616076973371,0.9976078876371847,-0.002392112362815335,0.19313839230266294,True,8.372414626330853
3.8337487081150092,1.1021141448328005,-0.016232783061998768,0.07616882566495581,-0.20283293894103316,21,1.6057958319544197,2.2036172559317615,0.728709047649673,0.7787672498225331,0.9026543509242075,-0.09734564907579246,0.2212327501774669,True,2.4941164429918365
5.917364198048248,0.3219330830429775,-0.0702977812657018,-0.02559989052101208,0.04915677554531894,21,0.6045636329030066,1.3936974383693885,0.4337839880156053,0.7896255874778862,0.8299328909830256,-0.17006710901697442,0.21037441252211375,True,1.8780888577772625
6.571860250751811,0.7801196631951383,0.017030248506461065,-0.1808295655037786,-0.11363602160225961,21,0.7509912234318932,1.874775097217229,0.40057670093154446,0.6120178165142215,0.8009233920921143,-0.19907660790788573,0.3879821834857785,True,2.7028786783555625
4.42462254424101,0.37317112363228316,-0.14606527859693644,0.09399699165241743,-0.22913197262417062,21,0.4621147187130039,1.615206055939697,0.2861026412163581,0.8545024519183438,0.889974419519126,-0.11002558048087396,0.14549754808165616,True,1.2724198122347816
2.433753271762771,0.15110440203088926,0.036427458324592044,0.19361216159077732,-0.07300199689867459,21,0.9881833051815372,1.2092076353783088,0.8172155685010849,1.1373162467141797,1.3497890631946374,0.34978906319463743,0.13731624671417975,True,34978908.56257368
2.276763360686804,0.3915269196722611,-0.2373069617083679,-0.11238848630807222,-0.2765931393494885,21,2.0140627675866334,1.6748306001851334,1.2025471515531192,0.7069292429542754,0.8063682581517541,-0.19363174184824594,0.2930707570457246,True,3.7558132789923975
5.6771141816476405,0.30120603793904355,-0.2610248065395587,0.01959392867013804,0.16980102557507715,21,0.5696942836612939,1.3696907557043214,0.4159291294686049,0.6458197084132359,0.7465538280848631,-0.25344617191513685,0.3541802915867641,True,2.563110580124059
5.952706703116666,0.8589034296719,0.18305922344017034,-0.19525136731852832,0.08572360378990018,21,1.0363621926314628,1.8495162335460835,0.5603423067254956,0.7419178977587021,0.9259073982708043,-0.07409260172919574,0.2580821022412979,True,2.3576795613550083
7.248901054908348,0.5373381454991574,-0.30873937390578077,-0.14350836881126874,0.42878933100036487,21,0.7294614340775973,1.6587546951202061,0.4397645029874263,0.377707473674501,0.6718826793919611,-0.3281173206080389,0.622292526325499,True,3.949070354191183
7.7602996653242595,0.6497128820142473,0.1141759427355496,-0.04783984218621423,0.3143851166899324,21,0.8275157603347347,1.3477912298631298,0.613979184609155,0.7639876667212678,0.8992652433282016,-0.10073475667179843,0.23601233327873217,True,2.349491447625205
3.61597619230894,0.6261983189342487,0.04722559825931105,-0.2587411508406688,-0.34715017312472474,21,1.749291420072642,2.204743008561479,0.7934219150621078,0.7963568989013395,0.9122621312399175,-0.0877378687600825,0.20364310109866046,True,2.5294250705961354
3.760075227361183,0.24463808939387643,0.23035011506566216,0.09884608927912053,-0.4543385998240982,21,1.0365956227053537,1.5767372852993644,0.6574307796041889,1.1966920896104223,1.3798228716678522,0.3798228716678522,0.19669208961042228,True,37982289.40243655
5.134525712787399,0.636382481086148,0.3020671774052174,0.10727860401880807,-0.17189441023502994,21,0.9952028256406702,1.6314521964544149,0.6100104114625694,1.2522090418362455,1.3025373774438516,0.30253737744385156,0.2522090418362455,True,30253740.167300932
2.0942264414266925,0.20368642225440647,0.16121860580073266,0.3398724169423176,-0.24931809440753505,21,0.7999161569751831,0.9189383675872458,0.8704785709137752,1.2703150408974435,1.8917430213499542,0.8917430213499542,0.2703150408974435,True,89174305.14454795
3.8105534592759325,0.6642811158184435,0.2740483550046642,-0.28045105994498043,-0.07925665926669001,21,1.776909688504861,2.1171371124321854,0.8392983515666266,0.9834007190139462,1.1385399242988214,0.13853992429882145,0.016599280986053788,True,13853994.111467741
3.466010126698733,0.699611901568757,0.32958731047777234,0.1157932724972156,-0.37738035148722227,21,0.8758192044645707,2.1562510887661044,0.4061768172674874,1.2556708717352756,1.3124939825904554,0.31249398259045535,0.2556708717352756,True,31249400.311034046
2.9952723881314727,0.27264577784633676,0.29143808223006706,-0.12435903344875907,-0.17734656176107866,21,2.052454354092407,0.8897204663854663,2.3068530304024644,1.1732358764699793,1.3719255262777499,0.3719255262777499,0.1732358764699793,True,37192557.88775583
5.211141805975999,0.06223930264177071,0.13124321277309414,0.16763702335580755,-0.42359164260963256,21,0.8769653165331734,0.625974127389026,1.4009609633405236,1.2484211419101836,1.9012856803121791,0.9012856803121791,0.2484211419101836,True,90128571.94169661
2.422456335349332,0.23709761015816844,-0.30282555989875515,-0.1181898825014212,0.308683327773681,21,1.914696285642873,0.7134463659404834,2.6837284161071744,0.6098693117589523,0.8163798120451298,-0.18362018795487023,0.3901306882410477,True,7.062279394014931
4.786680526985039,0.691561818197406,-0.3409398133604553,-0.005453514786810998,-0.1923662832408064,21,0.6881656288217233,2.0500378515763504,0.33568435250723155,0.510228919589634,0.7608918948863909,-0.23910810511360914,0.489771080410366,True,3.0882244372826877
6.565785216544544,0.40985677055594094,-0.29285600305056897,-0.04131663549568848,-0.21761931036644278,21,0.7384048061147255,1.5596543775882774,0.473441306436452,0.5319073200830533,0.7127381484212973,-0.28726185157870265,0.4680926799169467,True,3.242214431689187
6.471194132099026,0.5307686434682307,0.21293696722497701,-0.09650256690949194,0.1178429512910375,21,0.6918494557563868,1.4489305761565,0.4774897204472133,0.9455512570117343,1.0361460485444423,0.036146048544442255,0.05444874298826574,True,3614606.0361498785
7.460258795406791,0.5384021238039047,-0.19506893088898072,0.2864400404518306,0.13137554838335186,21,1.8539118748485937,0.303030779115043,6.117899575292885,1.4886645126002263,2.9825541380135268,1.9825541380135268,0.48866451260022625,True,198255427.89727545
2.611980370058792,0.44932080242402705,-0.08122368493495707,0.043014685644957196,0.27784860820091106,21,0.4379863596620879,1.919574276417412,0.22816848769171963,0.8638871773931383,0.930683055328022,-0.06931694467197802,0.13611282260686175,True,1.1151505474508367
6.649516338086892,0.12395124288354152,0.06402728667166557,-0.30299832075864697,0.1960773247860954,21,1.6243001106776602,0.26116967397120266,6.219328936547052,-1.6246688726195047,3.9762739368001014,2.9762739368001014,2.6246688726195044,True,297627418.6491445
6.034289114137919,0.28212841069402894,0.23752727268157114,0.18843126435627544,0.11736131991040966,21,0.8904552127088463,0.5340306783000648,1.667423331452339,1.5570969355286433,2.0112603019360007,1.0112603019360007,0.5570969355286433,True,101126036.15498151
6.133897901578234,0.27307296655771257,-0.2565293315122734,-0.188210882077743,-0.40019208249359106,21,1.8533617083388005,0.5091725068798176,3.6399485111560788,0.5340632207599425,0.7812667114797226,-0.2187332885202774,0.4659367792400575,True,9.262596766536486
2.672154089120289,0.6150448836631863,-0.07085061276489651,-0.21938433610373467,0.3750549622156588,21,1.3643011898995039,1.6088059585046905,0.848020970265151,0.6807109848031005,0.9382163549722756,-0.061783645027724376,0.31928901519689945,True,3.2116480056542236
4.788775931822222,0.567996757447965,-0.14490466310793396,0.05917339099289454,-0.3455452033030023,21,0.3828371296105504,1.796253500041177,0.21313090251558273,0.7627963389340895,0.8440556590152576,-0.1559443409847424,0.2372036610659105,True,1.5919630522367965
5.478098726092149,0.4989494011782202,0.20473244819933523,-0.23859071875654947,-0.16962755562064558,21,1.5909952064424158,1.5621520945300245,1.0184637027427659,0.9046285400385117,1.0577091315580744,0.057709131558074445,0.09537145996148833,True,5770915.572505401
3.4003896058237,0.5610637981238459,-0.01965945493734511,-0.003329357896103391,0.22672269534818734,21,0.33018085643103556,1.8642725677490333,0.1771097543047065,0.8445377985950401,0.90772363648104,-0.09227636351895996,0.15546220140495992,True,1.1146472334350996
5.619425649032262,0.17697585778275415,-0.05154935180495168,0.2915566325489807,0.33922272636217254,21,0.7075722533737685,0.25323782032843123,2.794101814871484,-2.9699860445312565,3.4170319868921943,2.4170319868921943,3.9699860445312565,True,241703223.86100087
4.089504647037682,0.9996396974604937,0.2239937222684999,0.31725362826005066,0.39370136415130896,21,2.6817995776235106,1.3544182761498236,1.9800379431138555,1.3204924952777024,1.6323620243656358,0.6323620243656358,0.3204924952777024,True,63236207.81035153
5.89965136503862,0.22576409537459652,-0.3106860777771782,-0.3121103066258999,0.2525606523709172,21,2.1055075550776214,0.041117987483724146,51.206483680920684,2.2452095681279007,6.336531436073798,5.336531436073798,1.2452095681279007,True,533653247.3650517
6.470122929114914,1.1085697539359587,-0.06697543156828939,-0.008806501263366684,0.2718975274119473,21,1.8416986631114955,1.8910456055326552,0.9739049432352215,0.529887774940069,0.7996098173022611,-0.2003901826977389,0.470112225059931,True,4.205531901601933
3.2950479236794807,0.90725502584473,-0.2316466806821235,-0.027391245257011976,-0.23332873918621344,21,0.7046334319848166,2.507164851297772,0.2810479062117039,0.613739192699792,0.7930241565212391,-0.20697584347876086,0.38626080730020795,True,2.466608489348179
2.437804556242767,0.2145624953581653,0.022551639174629767,0.01806500201909561,0.3854032707080586,21,1.096791246184719,0.8232674241261981,1.3322417649997924,1.0005208225786575,1.3416026904865563,0.34160269048655634,0.0005208225786574872,True,34160271.58874512
3.216968057238582,0.4364038778500189,0.34034824299559474,0.3492358356741778,0.35036662879405966,21,1.968125122115619,0.3668841571556418,5.364432025012977,2.032239094247559,3.2730254779485857,2.2730254779485857,1.0322390942475592,True,227302563.17354468
4.799337893747227,0.3624234456526418,0.22812318366613638,0.2605379502169288,0.04311838744877361,21,1.0939947963115566,0.5421126995557309,2.018020970931138,1.6507617821542555,2.225894463321902,1.225894463321902,0.6507617821542555,True,122589453.42966984
3.3555850893651145,0.15725820842180174,-0.2273722134769444,0.06916040263295947,0.24869918347769104,21,0.910423943888755,1.223693194452233,0.7439969005435975,0.8160149964825565,0.8524780204554561,-0.14752197954454394,0.1839850035174435,True,2.3369960754497097
3.6757492749228717,0.71971473983703,-0.09378446593019696,0.10877748598249493,-0.353025701670415,21,0.5765710352881492,2.071791873972238,0.27829582813388104,0.8399060157939808,0.9104494815544264,-0.0895505184455736,0.16009398420601917,True,1.3305325641462922
4.006353657021896,0.8945752353245636,0.2631214347001216,0.2338868498353377,-0.229874644727057,21,1.7066904828275322,1.8826505866098369,0.9065359737840876,1.2552936152185694,1.355929646443319,0.35592964644331904,0.2552936152185694,True,35592967.64745487
5.322929200678422,0.8205397791775478,-0.050926540344185756,-0.2926712917172437,-0.3309521947769215,21,1.2236433583451083,2.3267275279123747,0.5259074574335767,0.5725454324795898,0.7892023270341708,-0.21079767296582919,0.4274545675204102,True,3.1389547485060625
3.8251618121993634,0.9910748358483198,-0.27851014700359794,0.3004047799111239,0.4437527364127364,21,2.54242345977339,1.4241614535978584,1.7852073255812864,0.729968248434001,1.2228094226343054,0.22280942263430537,0.270031751565999,True,22280947.013826083
5.0856320620647955,1.0065207764823065,0.14469037437694832,-0.09817625832159477,-0.47247892535817526,21,0.9572861293851966,2.100952107852915,0.4556439558079708,0.8203706179692771,0.9238026280514211,-0.0761973719485789,0.17962938203072287,True,1.765999803080573
7.770961564526871,0.09845577933655596,-0.07892735887002583,0.14176766768382387,0.42668812053836525,21,0.3407137039145415,0.19137666995925895,1.780330402797133,1.555419372219615,2.2637414280264627,1.2637414280264627,0.555419372219615,True,126374148.97069098
2.4120767170581594,0.9192904429007185,-0.25116393352821736,-0.21562014196283857,-0.4254950982971475,21,1.461058114337011,3.1400903976784935,0.46529173663827916,0.6013780196856853,0.8078799144180391,-0.19212008558196092,0.39862198031431473,True,2.8793386653889104
2.0633316302315863,0.6073216175196999,-0.12668440591686955,-0.1750160521349032,0.26173897606173346,21,1.3689225279487052,1.7898144700155756,0.764840463009997,0.6915482378953195,0.8755421963025573,-0.12445780369744275,0.3084517621046805,True,2.9990300460241386
2.1485835182320114,0.5183481760152515,-0.011623356315034805,-0.2152380679997714,-0.20844745106352391,21,2.0230590984802364,1.8186606480928806,1.1123895492002294,0.8316494122742514,0.9194056993421573,-0.08059430065784268,0.16835058772574862,True,2.960491651234413
4.540082073131001,0.2977675017533691,-0.15162475508836415,-0.03974000418954099,0.36895482822134384,21,0.8429079592110726,1.5186260556982702,0.5550464224212854,0.7165641083160776,0.8011400140737533,-0.19885998592624665,0.28343589168392236,True,2.4743615789481264
2.9188302401921256,0.05125672562319303,0.24881849099344933,-0.3134501421307313,-0.10940167111375843,21,2.0261830185132355,0.3606486825810928,5.618162817100109,-1.8235871720036423,3.9430941076120685,2.9430941076120685,2.8235871720036423,True,294309435.5799076
6.162899529141412,0.3102815599405165,-0.33533882900784057,-0.3166296509331089,0.2228814887519328,21,2.2393926428105013,0.022453952699335096,99.73266946789346,0.38294724819860826,0.9602584259341127,-0.0397415740658873,0.6170527518013917,True,193.04341993285297
3.6223878228447655,0.7416306417884853,0.32072101345701,0.18753897992800161,-0.1624498915316055,21,1.323706819253572,1.887598676955748,0.7012649645359994,1.3084805764874496,1.3977811462934646,0.3977811462934646,0.30848057648744964,True,39778117.507430024
4.785497643915945,0.8499237628537526,-0.15058947241763582,0.09593474040278055,-0.44415246701192257,21,1.0897626601996986,1.9993872478605783,0.5450483198618911,0.7168930989966481,0.8732792850655579,-0.12672071493444215,0.2831069010033519,True,2.4536735061988
4.371459643796969,0.8415173444421716,0.09337710520215298,-0.09287364554440725,0.4282378503881408,21,1.0189643440664296,1.8630559953292603,0.5469316792522635,0.7653536755405799,0.9372774422395593,-0.06272255776044067,0.23464632445942013,True,2.2149578078903938
2.871734984595644,0.5953885941259598,-0.34275172654306196,-0.17398355134414373,0.09574336973614539,21,1.5243267437611139,2.5017419651818114,0.609306141471043,0.5041242384857743,0.7323596176350348,-0.26764038236496523,0.49587576151422574,True,3.639907968143738
2.196532792548016,0.8576172602341515,0.10268713470062718,-0.13199220986034846,0.2562389341214153,21,0.8148700389721113,2.356892471028745,0.3457391667157534,0.8697247279313232,1.0159497071554011,0.015949707155401116,0.13027527206867684,True,1594972.0254366435
4.212750583349831,0.42569738563342535,0.10888177331503024,-0.1526745932311821,0.22336981729402383,21,1.2922962488948093,1.6381367544134595,0.7888817862202966,0.8918802583968919,1.040748229720975,0.040748229720974916,0.10811974160310811,True,4074825.0152583024
2.751170333998222,0.2083998254468188,0.12160759709575858,0.19053253531106484,0.27948263976420573,21,0.6834727415115116,0.9163964188611662,0.7458265085331565,1.2597714914449996,1.6380191142840093,0.6380191142840093,0.25977149144499956,True,63801914.147814244
2.3581148351410515,0.45639393202271805,-0.23117002903753286,0.26791715386368453,-0.16235730068209409,21,0.6490544335464761,1.4139974555684378,0.4590209345783803,0.946012070019143,1.113428709271484,0.11342870927148407,0.053987929980857,True,11342872.071372991
6.7381216283222045,1.1615768538978164,-0.06549708436370522,-0.3389583421611505,0.3638195830042096,21,1.2418681064909272,2.4723645384371875,0.5022997568456986,0.3771080262767032,0.7370791413676225,-0.26292085863237746,0.6228919737232967,True,4.071176821707737
5.358503893080721,1.0081244388226283,-0.2280511602984998,0.14337014704627293,0.13968857416184688,21,1.9553595660083443,1.8277770576318324,1.069802007768833,0.5778449492389878,0.8904144052315136,-0.1095855947684864,0.42215505076101223,True,4.14839861183888
3.6826448580647844,0.8953237819807105,-0.012079708103064357,-0.18405856994681996,-0.17032338457237406,21,0.7534933235427372,2.40116491325333,0.31380323749684974,0.6991318526186643,0.8296927426986281,-0.17030725730137186,0.3008681473813357,True,2.1020333958350044
2.2243286231193267,0.9380695297170024,-0.013168677594704137,-0.017163788228692356,0.49617497224736884,21,1.0537568074847767,2.009996014100044,0.5242581577738034,0.7734970280892628,0.9723979964029424,-0.027602003597057556,0.2265029719107372,True,2.131055393374137
5.781754259131826,1.0651372624541755,-0.08175158862018722,-0.23606438749190745,-0.24043953028086695,21,1.0452293526966145,2.400617766818898,0.43540015705276847,0.49827048762650206,0.7519859378895737,-0.24801406211042631,0.5017295123734979,True,3.3379426311042826
5.089739680070247,0.7789024864596454,0.12214008873743637,0.25361753467788817,0.33562698713072325,21,1.9520134732524823,1.1669242164190992,1.672785126734759,1.216912102598205,1.4698219061584552,0.4698219061584552,0.21691210259820504,True,46982194.88651526
2.676843191060299,1.0594017903953652,-0.3331999352181832,0.2898919645955429,-0.3442437933511504,21,2.0412194021813908,2.3735581640199266,0.8599828869263194,0.7185550247643518,1.0799847061292767,0.07998470612927666,0.28144497523564815,True,7998473.658139016
3.0976542287422304,0.3025723980840993,-0.19992492179174387,-0.32799455657257637,0.0013237881915729721,21,2.6725662666764656,0.07178321421146351,37.231075482402495,0.5575179700783964,1.0255993523244538,0.02559935232445376,0.44248202992160357,True,2560008.357892234
7.457673539184341,0.31572567055944106,0.08499520217479395,-0.2999654902778446,-0.2689213204726375,21,2.075405773863122,0.09456108168957877,21.947779538692025,0.7226477447621107,1.0778621774594248,0.07786217745942481,0.2773522552378893,True,7786260.936054209
6.914431590822639,0.22692809006210363,0.34664293830991144,-0.3163459926883435,0.005214708313556193,21,2.010534515009141,0.08375464904058658,24.00504972607381,-4.2697850025759045,9.199639807943832,8.199639807943832,5.2697850025759045,True,819964052.8650863
6.364179715778861,0.19900530076787393,-0.3266704059611472,-0.07997014941003672,-0.01982086865357624,21,1.2959945477495591,0.7142109081470233,1.8145824055137132,0.5189894971626321,0.7004552127631105,-0.2995447872368895,0.4810105028373679,True,5.86123923631056
6.823540025143377,0.7238249863897898,0.2919021648676543,-0.22666615030783077,-0.050828255351285545,21,1.0079243747952211,1.6750707567040184,0.6017204770373287,0.8539937655266893,1.0332379599557318,0.033237959955731755,0.14600623447331074,True,3323797.871685296
2.869005932794642,0.7577421626360942,-0.22698377536300396,-0.3170580819951877,0.46133263632020816,21,1.6244678969413915,1.4230623567961125,1.1415296660637726,0.48016528515395024,0.8027666805678063,-0.1972333194321937,0.5198347148460498,True,4.773414690407609
6.704353819443576,0.9732845852452664,-0.2876938498050914,0.011084438345660752,-0.18831573967404247,21,1.4311286184661383,1.9727308427930677,0.7254555905051354,0.4382526062043265,0.7622450976106402,-0.2377549023893598,0.5617473937956735,True,4.190492888012778
2.9658928599802517,0.22007550369909312,-0.1919506905997419,-0.18319385489245976,0.2750040058932792,21,2.0818812714808157,0.22128989283980016,9.40793655220379,0.660898008439271,0.9137776308566915,-0.0862223691433085,0.33910199156072895,True,19.614555847099535
6.865605556274912,1.1011531974098416,-0.09777990484875843,0.001038336822222874,-0.307472326795624,21,1.7699381057725214,1.9663334199489897,0.9001210516060073,0.5455374503921218,0.7985558064807009,-0.2014441935192991,0.45446254960787824,True,3.986749313395592
5.671521322342503,0.2205109966238707,0.11206020226150454,0.007514360039855006,0.26641409090675383,21,0.6873249316728482,1.2873583905242942,0.5339033300531997,1.0605113470481693,1.14260427761735,0.14260427761734995,0.060511347048169295,True,14260429.081203165
6.201803177001037,0.24750213542319444,0.12802139402649632,0.09516057152646268,0.048389760813416505,21,0.35089438653326854,0.9869610355133035,0.3555301312890976,1.1920819371850468,1.280479593622049,0.280479593622049,0.19208193718504685,True,28047960.999783345
6.028200914272022,0.09237102757041482,0.06527633757114293,-0.15667869152678118,0.2007220155637809,21,1.413073107145157,0.100209115208823,14.101243227230308,-0.684974278335498,2.830165801909367,1.830165801909367,1.684974278335498,True,183016615.47407004
6.423768818543861,0.12345844673450448,0.049277674331781485,-0.17231200937065938,0.43675804208865665,21,1.4120244618975246,0.050522006959396945,27.94870091032463,-3.709470790962024,8.34288432651518,7.342884326515181,4.709470790962024,True,734288509.4320174
7.141698363654699,1.004601138637173,0.09492983298267132,0.10901252678076118,0.12929753709140723,21,2.0660745287498887,1.4823521382112597,1.3937811910488431,0.7825844090148932,0.9954858660194362,-0.004514133980563773,0.21741559098510677,True,3.741775824480288
6.8003167913461855,0.5583964290528947,0.11645018609078112,-0.015847764801934006,-0.21148393005317745,21,0.4819243959799553,1.4418334499173142,0.3342441500490868,0.9056415422338416,0.9489383944371613,-0.051061605562838674,0.09435845776615837,True,1.1084182088424757
3.0678998690586026,0.32477020141696933,-0.04468239143826208,0.22927606263250755,-0.3227422335837664,21,0.4652100976143605,1.327059032086233,0.35055719931540386,1.0934170551203963,1.1983626621662484,0.19836266216624843,0.09341705512039633,True,19836267.351407066
4.143871805785639,0.7645783437420187,0.1256371072419325,0.27280943001097835,0.37601785845260793,21,1.9114877666491785,1.1600841738366408,1.6477147173963154,1.2661544286300292,1.513538484549973,0.5135384845499731,0.26615442863002925,True,51353852.92412774
4.339545653888052,0.46015415084312594,0.22439165789017534,-0.33487771697695023,0.06112854731405171,21,2.2939111076199845,0.7516586031970545,3.0517991783280554,0.9154159739786831,1.2035002182514043,0.2035002182514043,0.08458402602131687,True,20350028.060741078
4.444040477744708,0.11202324865714464,-0.3087226118113016,-0.19263990485868535,0.4403224301770585,21,1.7955056403372074,0.04054919464998465,44.27968683067019,2.285797000913879,3.32764742598854,2.32764742598854,1.2857970009138788,True,232764833.36617777
6.846074774844624,0.9254970652537271,0.3246339169136738,0.07509302535545637,0.24678648903402178,21,1.7784133826449824,1.3760648426034368,1.2923906836252899,1.0487861368819558,1.19355206310983,0.19355206310982997,0.048786136881955766,True,19355209.016495757
3.944467180942162,0.9045535774178592,0.2825439577500162,-0.06126796802417839,-0.45533457019877677,21,0.82398268323464,2.1687892968272404,0.3799274943121762,1.0668462467441653,1.1040247697979055,0.10402476979790554,0.06684624674416528,True,10402478.037659554
4.087555225487899,0.6074779891298642,-0.1898065232103313,-0.3177442455269826,-0.23184923292347892,21,2.0427147947341666,1.7384024616172895,1.1750528659708444,0.5430565035245564,0.7817041560466874,-0.21829584395331258,0.45694349647544363,True,4.522809343524807
5.0279799014358675,0.5596290387591285,0.11205255809938758,-0.20889843147471193,-0.012236069274265349,21,1.2587266457701,1.84570374788232,0.6819765345409892,0.8073223130484528,0.9484485228244549,-0.05155147717554509,0.1926776869515472,True,2.262330955261913
6.715632058367832,0.6129205835875479,-0.3204258076325504,-0.1436251146345974,0.49744457121650176,21,0.6769529509162286,1.7739310661121979,0.3816117569888776,0.36561488568269884,0.6724784432817615,-0.32752155671823846,0.6343851143173012,True,3.8987713094839105
5.585866035552623,0.4006969640402441,0.1266503439436647,0.10577010000318188,-0.2211670398970902,21,0.3310582528691963,1.4187811031395288,0.23333990855715442,1.1350860827753697,1.165970991685415,0.16597099168541507,0.1350860827753697,True,16597100.288408222
7.7534867869258335,0.16579187847058502,-0.28891348964045177,-0.11035697803854502,-0.2399888048410005,21,1.4044170749273401,0.33260940259224003,4.222421446843685,0.5200013058355212,0.7388864671235117,-0.2611135328764883,0.4799986941644788,True,10.44232701018024
7.424573200148247,0.6771259597926427,0.1459414404965113,0.10643795662974054,0.40385410672897104,21,1.2726495894458085,1.179210022997032,1.0792391216378017,0.9838510836003073,1.1195281257002783,0.11952812570027826,0.016148916399692737,True,11952814.706370385
4.329476594023557,1.1738286316988047,-0.29695069875411295,0.12141594741296391,0.04786963464324101,21,2.0870433185403097,2.245723494188365,0.9293411784404009,0.5153269304163962,0.852686077555463,-0.147313922444537,0.4846730695836038,True,4.193456709703931
3.1464101408544582,0.8854565693044013,0.31273316571536736,-0.05777841969958103,-0.3428675027249083,21,0.8068546584847534,2.3057158368947643,0.3499367292247901,1.1252247708399303,1.1572632269526635,0.15726322695266348,0.12522477083993033,True,15726323.987905359
3.304514427776005,1.184784891028788,-0.05666127860516368,0.049725965545648565,0.4636461240215708,21,1.8920328029111078,2.180428582174222,0.8677343612073093,0.6675253548799353,0.876688561276756,-0.12331143872324402,0.33247464512006475,True,3.3151237253419827
4.774810623510717,0.29737869422880414,0.20631494245946436,-0.16471096437949714,-0.21150464798693602,21,1.7368300868655107,0.796006379095842,2.1819298594545433,1.038633866868426,1.1884365930606213,0.18843659306062133,0.03863386686842607,True,18843663.65509509
5.275275786627964,0.8074679121660858,0.2939761283175776,-0.1542450115028073,0.46466787339597904,21,1.2512472439545859,1.683825484225851,0.743097937212807,0.9054171707231468,1.1188043173559181,0.11880431735591812,0.09458282927685324,True,11880433.623864785
5.738886362077506,0.9833174932300498,-0.13302431872380494,-0.1881926052411942,0.256343791312831,21,0.9149861395731849,2.1977464860061904,0.4163292469805854,0.455679713922603,0.7302069990128411,-0.26979300098715886,0.544320286077397,True,3.5145726457331996
4.53514135525615,0.9782220578760696,-0.30798899600820884,-0.2932666060945077,0.18916814100956447,21,1.1023557117754381,2.687347043208296,0.410202215810351,0.3664958697649041,0.7033230443712484,-0.2966769556287516,0.6335041302350959,True,3.9488218736284213
3.235770802755452,0.8423887219898887,0.19948439040229526,0.1796388205773919,0.07623772503074489,21,1.3544488322840882,1.9177401456221161,0.7062733892159848,1.155878309205486,1.2235062657802758,0.22350626578027577,0.15587830920548607,True,22350628.702639215
5.60656912239352,0.2513328011843876,0.18593958129953503,0.30188763081322867,0.16611146649486364,21,1.037421705369969,0.09069825843017443,11.438165664103082,-6.340053775898389,8.736540290016125,7.736540290016125,7.340053775898389,True,773654087.4878504
2.356697866186499,1.134277024133833,0.06462022780046978,-0.2768076375943941,-0.2987346131810694,21,0.968506365907364,2.9157772113239853,0.3321606198669714,0.7776124204877645,0.8949482948159917,-0.1050517051840083,0.22238757951223553,True,1.74459537319211
7.844396104908742,0.10351142168123903,-0.30615570645502244,-0.18672561788135802,0.06775126373237439,21,1.5173196748726991,0.08588354636420706,17.667175368355064,0.8006903741913471,5.978713368471807,4.978713368471807,0.19930962580865286,True,497871371.4939266
2.1602593739028513,0.295314165568602,-0.332793970017161,-0.05537251754371403,-0.024870371900353905,21,1.8540122291582837,1.439649888149328,1.287821604696972,0.6510048839157029,0.7729308768381619,-0.22706912316183814,0.3489951160842971,True,4.1978550512535975
4.51046187894093,0.34521101563944256,0.32755399710160393,0.009575828626404437,0.4142809882247557,21,1.0804441950306574,1.5370262011021314,0.7029445524454431,1.2783349780060447,1.4991885788200303,0.4991885788200303,0.2783349780060447,True,49918860.612557665
3.40542061297785,0.3858358548073531,-0.15378156977085933,-0.02988163447195863,0.10821977497325697,21,0.9402732000366343,1.8779798636692422,0.5006833237282459,0.7463572247707964,0.803523520545351,-0.19647647945464897,0.25364277522920364,True,2.2218520521804868
3.9814940436050232,0.4758476848430268,0.27242913783051326,0.18803421218050176,0.002181829866652052,21,1.0613909984582455,1.2469941112828997,0.8511595915768143,1.3491074648665387,1.5204624927637538,0.5204624927637538,0.34910746486653865,True,52046252.64309368
6.614350665857405,0.9477936980516682,0.028400493696376206,-0.08975143530939456,0.19744805189171954,21,1.1718285786929292,1.8050318666944292,0.6492010475354706,0.5995525520479915,0.8125492870220143,-0.18745071297798566,0.4004474479520085,True,3.2387531641198892
7.703318095077151,0.18044815355268795,0.25330651525352554,0.02733314201124254,0.322768792219403,21,0.656102384543765,0.9034402539082416,0.7262266449889695,1.251988495436145,1.4205839476017712,0.4205839476017712,0.2519884954361451,True,42058397.403344125
7.73886154577367,0.7700317505699246,0.1296617787794871,0.2012345970230791,-0.21232399841651917,21,1.7760732444218452,1.2285040554677564,1.4457202941390375,1.0979488998391078,1.3096938590386646,0.30969385903866464,0.09794889983910782,True,30969389.147235855
5.146618092166218,0.8650209449918088,0.004203954690343625,-0.21517431406795673,-0.39381250697220616,21,0.8417182318337497,2.2388369476906465,0.3759622748329125,0.6549696288401559,0.8172756507544061,-0.1827243492455939,0.34503037115984414,True,2.441237175677035
3.1995837442548245,0.45547963444493,0.16717718030684636,-0.010456478746699749,-0.18568648690178113,21,0.9150370613088876,2.0646303660454812,0.4431965529314173,1.0725614958377205,1.103392294680804,0.10339229468080391,0.07256149583772054,True,10339230.675032526
7.117538726490491,0.19811745377089235,0.15838376778609375,0.3463024265706225,-0.18467999884394637,21,0.8550229963390409,0.4780822677047354,1.7884432326762323,-2.439039326205829,3.064219336932281,2.064219336932281,3.439039326205829,True,206421954.2948249
5.112797562101876,0.9246137361895147,-0.31958458159830777,-0.2960887947846012,0.00392844182626495,21,1.1362541020144823,2.62545293953728,0.43278402933961563,0.35934693984367017,0.7053326367471936,-0.2946673632528064,0.6406530601563298,True,4.027577501321984
2.5200660017729595,0.7577036301315324,0.10498696622784248,-0.204253759495299,0.095603442811791,21,1.2207181422216837,2.3767941102150316,0.5135986061961605,0.8597755579716951,0.9893424520898946,-0.010657547910105425,0.14022444202830486,True,1.6793597803079152
5.1906031829007055,0.9273571646717144,0.03946167713935278,-0.26326528371251195,-0.19612423111638033,21,0.9616315662855808,2.262682787908337,0.42499619099260905,0.6270528239986809,0.8244496807488692,-0.17555031925113085,0.3729471760013191,True,2.6742147925093165
2.7335797067913914,0.21817511278916157,-0.08109890367020828,0.24041691013292876,-0.20317192810271512,21,0.6607787994354155,1.097749799046972,0.6019393490293331,1.1105985276422121,1.266448333466916,0.2664483334669161,0.11059852764221212,True,26644835.046182074
3.035752955431858,0.6898705282827363,-0.05095461353886327,-0.20793850768241504,0.3984697238460343,21,1.0716302569612273,2.090730674156616,0.5125625553819907,0.6693093345116359,0.9033077922473669,-0.0966922077526331,0.3306906654883641,True,2.6297175592486535
4.850932930150133,0.5203785080132031,0.31459665176429763,-0.1584506776266423,-0.17470056490051034,21,1.3532048514839405,1.8038875335709201,0.7501603211399648,1.1060130680037672,1.1984188697013458,0.1984188697013458,0.1060130680037672,True,19841888.929010283
2.5982318873168238,0.34991775042335044,-0.24890596893361577,0.28262460776342924,-0.14527560484158808,21,0.6575558921592064,1.0682576444924654,0.6155405445018973,1.0026192509092877,1.2581106063783711,0.25811060637837113,0.002619250909287718,True,25811061.82333703
3.7959241472421708,0.1017468363010922,0.21640806710341431,0.08311853469733271,-0.3854215990238292,21,1.4436015425009912,1.1091922259905496,1.3014890554356362,1.1767685916193795,1.5115656756042908,0.5115656756042908,0.17676859161937952,True,51156570.92318353
2.2927465022466373,0.604523006943359,0.14632622840019255,-0.17716775958073244,-0.03720216481733729,21,1.553575985232025,2.3940614604458927,0.6489290316476137,0.9631276307659202,1.0573692314317276,0.05736923143172756,0.03687236923407977,True,5736924.563532425
2.3519901201727578,0.11802099661210937,-0.21455213422993347,0.2048140911793016,0.0216502192435285,21,0.949633966771221,0.9559885241475106,0.9933528936637015,1.004633527956229,1.1434244111736258,0.1434244111736258,0.0046335279562290665,True,14342443.03254299
5.8635726322319615,0.16144836424385572,0.30771088185604245,0.06949521300697403,0.32685044480382175,21,0.8845811544383022,0.7504508629032755,1.1787329433083944,1.3407286205354652,1.7238993353736909,0.7238993353736909,0.34072862053546515,True,72389937.4861134
7.225090232146089,0.12103516141816817,-0.26404339239839525,-0.3056201355697359,0.4931585221843586,21,1.7246815270257092,0.07183194647992644,24.00995116438442,-0.6304400792042677,4.777032755000828,3.7770327550008282,1.6304400792042677,True,377703329.3833969
5.8296586585102315,0.7945082672350836,0.3397112349479746,-0.19185824631700382,0.3223955273119413,21,1.2251789953429164,1.6696521376681028,0.7337929666319872,0.9221166100102399,1.127381098688064,0.1273810986880639,0.07788338998976008,True,12738111.655859238
5.069205378345826,0.9625559796220611,0.030175600679753223,0.054554802671828995,0.45388954185304575,21,1.598215341906245,1.703963115142415,0.9379401042801729,0.7383986331794097,0.9232001813877414,-0.0767998186122586,0.2616013668205903,True,3.0944763406463807
6.409704187745307,0.5764809058869967,0.20396051609438481,0.08871802003107393,0.31755104935768286,21,0.9610134045929608,1.2630682518109055,0.7608562745640404,1.113589731043731,1.1898896656636875,0.18988966566368748,0.11358973104373105,True,18988968.58350006
2.716879007658199,1.184207956102615,0.08169694467780347,0.23277109533364448,-0.1219223838270842,21,2.1204102322882097,2.25858562037567,0.9388221607182297,0.9927108682304827,1.0910922332019912,0.09109223320199122,0.0072891317695172875,True,9109225.144794317
2.8822850329296017,0.11107362772943592,-0.22956257689836007,-0.12870197450072568,0.22397700482148497,21,2.023437087544835,0.04812090713532209,42.049022098745425,0.6230727139561618,0.9069734007665458,-0.09302659923345424,0.3769272860438382,True,81.97428758873338
3.9717160646184606,0.6619874688518039,-0.1685881188794084,-0.26249794731809584,-0.37564528270627995,21,1.7351315318654357,2.3969371292022483,0.7238953040219809,0.590662525899955,0.783521816521756,-0.216478183478244,0.40933747410004495,True,3.4254714534750534
7.598905518030756,0.49950051267586176,0.037288265160262235,-0.12009606799558278,-0.44250311601852743,21,0.6943218416983399,1.5223557036229372,0.4560838442986595,0.7417167063649874,0.8457463743053967,-0.15425362569460332,0.25828329363501257,True,2.160107204980654
4.037960782606713,0.3897529560833224,-0.15741850236954805,-0.13544835640669808,-0.4495498446344046,21,1.694505015435299,1.5258275980597458,1.1105481494698646,0.7045941043293547,0.8108306082700916,-0.18916939172990843,0.29540589567064535,True,3.5922609259932097
2.8177809647478265,0.1823733652508121,-0.013769150475641034,0.3321975922093954,-0.3067163047796886,21,0.6677435108921337,0.671772681078731,0.9940021821367798,1.3133960546743944,1.8918880060802241,0.8918880060802241,0.31339605467439435,True,89188804.06825213
4.308966219163866,0.7807583632428314,-0.04534984056775021,0.06389023664849358,-0.08510453664677287,21,0.8495529482215352,1.8827745949295966,0.45122392797811406,0.7995407898346304,0.883485729712303,-0.11651427028769701,0.2004592101653696,True,1.8617302346058784
7.3388472856651195,0.311016331401771,-0.270374837885578,0.20043252490222174,0.26509028475529217,21,0.9145543980578923,0.33112451580039715,2.761965225822145,1.1768351923368423,2.0397928389262696,1.0397928389262696,0.1768351923368423,True,103979290.03744443
3.1305546164327263,0.5415328625169592,-0.2837532077429118,0.11727251123765647,0.2183723278138182,21,0.47294538876451786,1.813776121735152,0.2607518001240825,0.7017940970818424,0.8531198459621125,-0.14688015403788746,0.29820590291815763,True,1.9876765153664724
3.429450606142524,0.8130375684903748,0.31919008773272417,-0.20965804850726,0.33842538631356944,21,1.317269968637397,2.011771685422176,0.654781046071321,1.012741424431869,1.2400595759251754,0.24005957592517535,0.012741424431869097,True,24005958.903368656
2.737507466109804,0.701428288134722,0.28586420072002383,-0.3386209795815223,0.12793362471831327,21,2.14434514315737,2.1768438513191977,0.9850707214749771,0.9961173450987685,1.2468465876052504,0.24684658760525036,0.0038826549012315192,True,24684660.656176247
7.688621601424509,0.08965266060424237,-0.33095754778183717,-0.2388739829139666,-0.22273985032628485,21,1.7226378219484715,0.1328142330967453,12.97028023113801,0.7828325450482331,3.7974183838366065,2.7974183838366065,0.21716745495176693,True,279741864.1736448
2.4026492624569276,0.6570636729288817,-0.32659637723300894,-0.09122797670747673,0.45271780791135063,21,0.8448289715522508,1.3838495036530385,0.6104919424562427,0.5220321853683066,0.7490490263062752,-0.25095097369372477,0.47796781463169336,True,3.5526267972483216
3.8045596311614545,0.1865998225436481,-0.15603701813392507,0.06646076771790077,0.18753320801498052,21,0.7411844991783652,1.3093988565261532,0.5660494474118712,0.8710880599786047,0.8892335667998775,-0.11076643320012247,0.12891194002139528,True,1.7226989889404996
6.800199345463689,0.2617576912434579,0.1963092412323758,0.20572434103642312,-0.08083158750672992,21,0.748055833308755,0.39369847101200706,1.9000729959297726,1.6834929130658187,2.3148301807735234,1.3148301807735234,0.6834929130658187,True,131483025.11383529
4.384656452176677,1.0749846243903203,-0.22928804775595107,-0.3048080501656516,0.4534645162115356,21,1.134115032935859,2.673443549946064,0.4242150663546793,0.38164575677593227,0.7141687400765117,-0.28583125992348835,0.6183542432240677,True,3.899762341353805
6.458888920705687,0.7616330130043403,0.1815050328615735,0.22765872692079825,0.0017422964377467043,21,1.845394607686798,1.2222926201698718,1.5097813545093062,1.2356320556683682,1.4492664376984759,0.44926643769847585,0.2356320556683682,True,44926647.823648155
6.70004417824772,0.48026558064931707,0.2734341369408625,0.3370719470323774,-0.331369061811989,21,1.7352263330707245,0.18852100690657225,9.20441897454257,2.6840505536361245,4.422154376376749,3.4221543763767492,1.6840505536361245,True,342215463.5893391
3.9397175006297136,0.2987498932066608,-0.2550522248120293,0.11823143729954311,-0.08254845617345519,21,0.6923179905737313,1.3279481485480922,0.521344143843775,0.8035683134209226,0.8938865130372162,-0.10611348696278378,0.1964316865790774,True,1.975148722085203
5.554840398247107,0.16638689415798014,0.24230472524198066,0.2717359707829924,0.3176625382180358,21,0.967421537480146,0.1282992735358971,7.540350859504043,-2.8479833838405644,5.755258407958988,4.755258407958988,3.8479833838405644,True,475525874.39772093
7.413329955589112,0.31561922616820726,-0.15066226329608653,0.07804030706902054,-0.39925547499235947,21,0.3181900481696681,1.193232634257925,0.2666622073805009,0.8259505697315443,0.8876876788200809,-0.11231232117991907,0.17404943026845565,True,1.3781515472188446
5.471117004546008,0.7221222274867616,0.0543211345604564,-0.03199458245980508,-0.039738833935637596,21,0.6590145058307262,1.7098461403003713,0.3854232789126606,0.7986712549348468,0.8843780145079919,-0.11562198549200808,0.2013287450651532,True,1.7407491673975497
6.2376341066839105,1.0567026302386493,0.2671742481153331,0.20256497307831445,-0.32740986399591077,21,2.2703413940498436,1.5500133077174947,1.4647238076898084,1.1317298637622282,1.2912619749969831,0.29126197499698314,0.13172986376222817,True,29126200.948168013
3.5500342646514667,0.22324711622743731,-0.1962006326826388,-0.07244409173418837,-0.4390429502236747,21,1.9053809995754583,0.9048181469594937,2.1058165179138,0.7508568559823205,0.8268286114801007,-0.17317138851989933,0.24914314401767945,True,5.256608290372101
3.1494455422848855,0.1901285194242457,0.1572572723222968,0.34415585350659983,0.13126127094343532,21,0.899485968868367,0.12455581388001213,7.221549447180886,3.310939736873002,6.832060234502657,5.832060234502657,2.310939736873002,True,583206048.759657
2.237213390332519,0.7195718225828862,-0.15978541593092876,0.3103133542272717,0.34102364830605236,21,1.5945641204649952,1.2853590294214101,1.240559317642768,1.0051084849039957,1.2404839271052386,0.24048392710523858,0.005108484903995736,True,24048395.098926533
5.61771435033565,1.0833523468736772,0.31866374084572946,-0.041092063426935166,-0.27836727677580153,21,1.5253849483974116,1.8336017873486048,0.8319063380730688,0.9755185816198658,1.0810083622936604,0.08100836229366037,0.02448141838013418,True,8100837.936282949
6.131282699501785,0.643647408031291,0.012418156282938742,-0.2392714430444355,0.2306219384564362,21,1.0373593940014763,1.8311781860028764,0.5664983352962718,0.6019234901365167,0.8287033494441027,-0.17129665055589727,0.3980765098634833,True,3.0693768229348066
7.627853533444218,0.18717533931805702,-0.09389826149220232,0.3187917947845028,-0.32994522439475604,21,0.7778853700841134,0.41685257720567426,1.866092265276571,-2.6587446858499617,2.912797925587507,1.912797925587507,3.6587446858499617,True,191279814.4067703
7.451714616167301,0.28332287842484144,0.14318399057570053,0.3035923008925101,0.13395293645754858,21,1.1329710512006737,0.2689786598345898,4.2121224482916295,-2.812072702403211,3.5884143394175996,2.5884143394175996,3.812072702403211,True,258841461.02484074
4.43812810074621,0.41033966665349514,-0.01264445669515496,-0.1162800605430376,-0.02424962914941764,21,1.1289856838557086,1.7643576366627454,0.6398848285607034,0.7989455751493576,0.8778632133335464,-0.12213678666645356,0.2010544248506424,True,2.2240436947478663
6.684074063164076,0.8206196579484876,0.15340509795900614,-0.20236219154931573,-0.0874131079986129,21,0.936179432936969,1.819758360738688,0.5144526070796285,0.7020827767074544,0.886701638792607,-0.113298361207393,0.29791722329254555,True,2.469450279340012
3.041514769165694,0.29107952567263085,-0.05311236065542868,-0.07137889042005724,-0.1331871967415622,21,1.5143052474948087,1.3182038115154415,1.148764124535434,0.8602741608245051,0.9058895303009413,-0.09411046969905867,0.13972583917549486,True,2.886649592199697
7.953603303715405,0.6209063567247279,0.023698987062428012,-0.11150185265231041,0.1514098618655254,21,0.5977898897602876,1.4742887270721934,0.40547680978843625,0.6375738140045981,0.8067732230732314,-0.1932267769267686,0.3624261859954019,True,2.584431797582489
7.5816714794147515,0.7331321931639012,0.08812619987507175,0.20550948830316618,-0.20933204452052712,21,1.7087569931282647,1.210572560032999,1.4115279410279096,1.0867673093455599,1.305593331780293,0.305593331780293,0.08676730934555987,True,30559336.300365478
3.7763597439877756,1.1877635142732188,-0.25511215318789515,0.175387694502532,0.24654236793262285,21,2.3149766146714295,2.164147258169181,1.0696945902978185,0.5803159980968738,0.9041767261494575,-0.09582327385054246,0.41968400190312616,True,4.135838772356685
4.8282700328594945,0.14192671446454685,-0.09175942605405069,0.08790900536231472,-0.30870809497088847,21,0.792219435625879,1.1180783191261607,0.7085545100678116,0.9686069121791503,0.9981317281908101,-0.0018682718091899142,0.03139308782084971,True,1.5065303208953067
5.094605235021344,0.3399444888180702,-0.23683914905522077,0.053378077376818156,-0.09422503478975641,21,0.5931328164105538,1.5152618865614143,0.3914391443953962,0.717035344626412,0.7995150457436845,-0.20048495425631552,0.28296465537358795,True,2.1603869775122386
7.565701412459594,0.2242649634089503,0.23013269444368567,-0.028614462451697242,-0.15186259034312133,21,0.8116930585847573,1.1739030057435182,0.6914481474307607,1.1460760664644074,1.2283324819602688,0.22833248196026878,0.1460760664644074,True,22833250.24339006
5.061195584073966,0.11579566057326827,-0.28072932791475247,-0.3224255309041792,0.24945504383017147,21,2.005887781960198,0.11319309426708274,17.72093779172819,0.3152735061417203,3.670507191752336,2.670507191752336,0.6847264938582798,True,267050756.35146376
5.061120901634249,0.4576209177685794,-0.1315745198769144,0.0486107859520174,0.2244471297965186,21,0.2129543385858308,1.480411291533053,0.14384809127286785,0.7639916563395218,0.834609234580351,-0.16539076541964903,0.23600834366047818,True,1.4540253420548641
4.676703188369757,0.7177367005674974,0.2381761941264774,0.20751299400533385,-0.036668789306071314,21,1.4170039718224714,1.5095423530273049,0.9386977244995791,1.277294014832041,1.3898567760546925,0.3898567760546925,0.2772940148320411,True,38985680.77985185
2.7914160789994553,0.9645535227597396,0.14285008983772207,0.0502034341968971,-0.4068417129153308,21,0.7110102370521507,2.43658073643324,0.2918065576160446,0.9979055429215131,1.0270982038774819,0.027098203877481852,0.0020944570784868777,True,2709820.95401664
5.0491677801107615,0.05424140944582064,-0.24227665945463234,0.2471675464275711,0.24797887992410794,21,0.5325118575988509,0.12136087590124567,4.387837955554712,-3.7270750882621093,4.661281942104195,3.6612819421041953,4.72707508826211,True,366128226.20319295
2.3752572219748576,1.1612828162289583,-0.3412977991094646,-0.1893392916333173,0.3255205682006018,21,1.0005644841432733,3.0357851111432193,0.3295900228479873,0.4310438245022394,0.7308350447305416,-0.2691649552694584,0.5689561754977606,True,3.4725422055223882
5.551301100448036,0.6888560553614089,-0.31588142540618125,0.25435408613666177,0.28366041821600263,21,1.8278391618528298,0.9295451605623513,1.966380160321671,0.77344684004715,1.3677240124755603,0.3677240124755603,0.22655315995284997,True,36772406.12563369
2.3690881078628943,0.5621329235612315,-0.13190651874683035,-0.0598024141359611,0.17918139814494793,21,0.8811469610633105,2.239939017470408,0.3933798885553595,0.742595115928217,0.8325858506896332,-0.1674141493103668,0.25740488407178297,True,2.036284604654947
5.914216470016731,0.46831010568465087,0.26044636285101985,-0.26195489069675776,0.3746167515188664,21,1.6587792263193717,1.2381312899273587,1.3397442095310366,0.8984426180700595,1.189659836835932,0.1896598368359319,0.10155738192994046,True,18965986.743155174
3.9948290724215716,0.9149060635084608,0.085153816827723,-0.19644089972460757,-0.3908511785053591,21,0.8024719919690333,2.3689016612663805,0.3387527667737982,0.7842930614856423,0.8914586440435315,-0.10854135595646852,0.21570693851435774,True,1.7237480546372166
5.051286807651598,0.9348260608295912,-0.1840941230435851,-0.0700595560316139,-0.4100581988531421,21,0.7954111461836071,2.2708029635793507,0.35027748287321286,0.5630613078031335,0.7695797124366955,-0.23042028756330446,0.43693869219686654,True,2.8518576424989144
3.5434582424879695,0.19983739131857886,0.08453489606252773,-0.0213477220103242,0.0024537229422696427,21,1.262556335199458,1.0709380158495279,1.1789256861872885,1.0260633314020735,1.1319779316513576,0.13197793165135763,0.02606333140207351,True,13197795.540920736
5.484928120433806,0.15412237763240982,0.3083306742601035,-0.25796356513908686,0.02378623330969787,21,1.8965970833850527,0.1422753204189126,13.330471355121537,-1.1884428380951373,3.9995095131811538,2.9995095131811538,2.1884428380951375,True,299950987.6505229
5.345859382831682,0.8862019739266955,0.13422822294690556,0.014629255443333655,0.40341912213294884,21,1.3787390149938445,1.6218784888265334,0.8500877374552234,0.831616571842277,0.9802652288261003,-0.019734771173899657,0.168383428157723,True,2.4610565868151317
7.553173559349425,0.1009649693932512,-0.21144210441093056,-0.30268139652213744,-0.3952716930068939,21,1.8352451582349527,0.19653438848392413,9.338035813437656,-0.15507915195751504,3.908326598935415,2.908326598935415,1.155079151957515,True,290832683.454845
4.6730169531547,0.3296125281678272,-0.25226135307445485,-0.09418016916748506,-0.09550487208337266,21,1.342880248603873,1.4125941540020528,0.9506483123969671,0.6022406120028263,0.735724954446953,-0.26427504555304704,0.3977593879971737,True,3.7994714316662574
7.876301234530089,0.27783695999242175,-0.29836603661304667,-0.0710259985188606,0.2552452003110617,21,0.8259832532853852,1.240865768841367,0.6656507690244613,0.4823686394948373,0.6757366772467568,-0.3242633227532432,0.5176313605051627,True,3.856004072775564
4.230944607582647,0.17765078576614546,0.06711893836619143,-0.1419802418554995,0.17588309952435943,21,1.7322200036147148,0.21402326346387568,8.09360616028122,0.9229179488068947,1.1832412236176428,0.18324122361764283,0.0770820511931053,True,18324138.162850376
6.7396720764705425,0.8884387336709777,-0.21125277066012788,-0.0017389789577835213,-0.3882914608285204,21,1.1475913161214228,1.900360964231121,0.6038807035724048,0.5179731106814468,0.7685124607559152,-0.23148753924408483,0.4820268893185532,True,3.5603299202685976
5.8757677636307575,0.9232034713179059,-0.0018608240214935123,0.15595968495423718,0.06394270379949007,21,1.8627782042304473,1.559328243762577,1.1946030040061748,0.8203810051870204,1.0113961362986033,0.011396136298603254,0.1796189948129796,True,1139616.8032837873
5.676736599041787,1.0527385783552905,-0.28670655536503764,-0.15616866782662764,0.43312440182739553,21,1.01961903160887,2.313449689646773,0.44073533830102424,0.35167221547567595,0.6962343380521836,-0.3037656619478164,0.648327784524324,True,4.081095769319892
4.295832778726287,1.1540631556480958,0.30995221477667745,-0.3482603015795194,-0.0815827384602158,21,1.4945822350643678,2.331143122551223,0.6411370544373458,0.823644744889135,1.0376117484751608,0.0376117484751608,0.17635525511086503,True,3761176.950449007
6.096968516234698,0.5647475345948921,-0.1800352466245472,-0.04382608181357073,0.31799185681976383,21,0.45739863615266785,1.5680377212328571,0.29170129644141585,0.5676644365066382,0.736881861249436,-0.263118138750564,0.4323355634933618,True,2.717273498612896
2.7855849336183782,0.5837077321581081,0.31435201289517944,-0.059830322550324666,0.3167372054584633,21,1.2775939597888992,1.9909509392459221,0.6417003727237957,1.180109537180234,1.3770672345040924,0.3770672345040924,0.18010953718023393,True,37706725.57318652
4.217882539298495,0.4368157549730035,0.10901905929661138,-0.20781779520183277,-0.40175027422066123,21,1.803306303563395,1.3739877586270246,1.312461695703441,0.9008576974739906,1.0032815362190994,0.0032815362190994346,0.09914230252600942,True,328156.6174322512
5.7013081110805945,0.894167308003134,0.12702353244911907,0.2085606747407901,0.2735679203161475,21,2.010957619553782,1.4053424463616493,1.4309377936744425,1.048109093705232,1.2554377332352158,0.2554377332352158,0.048109093705231976,True,25543776.289536107
3.750275830933185,0.6975486071363537,-0.04419272311754252,-0.3037946875949008,0.08529097137022346,21,1.6064730107495242,2.344786659732159,0.685125448015398,0.6306765097288964,0.8400843130223263,-0.15991568697767367,0.36932349027110356,True,3.1515576233889386
6.961005991806562,0.2831226722390642,-0.07300302117729923,-0.2530096025670349,0.32443401714830744,21,1.7729270426086083,0.18067841803217566,9.812611057358723,0.5840046485841592,0.9263681895561641,-0.07363181044383593,0.41599535141584076,True,20.76979538573851
7.435105245979421,1.1363960981721712,-0.32753020069171784,-0.3469163155511488,0.2172290997325803,21,1.3094785426666493,2.668495356206711,0.4907179394638649,0.2474463731533956,0.681327198593854,-0.31867280140614596,0.7525536268466044,True,4.697425508585098
4.630297285335862,0.5760181309806085,0.1431342972147827,-0.09545816481424663,-0.2628709810626597,21,0.7986729182081467,1.8724745404968441,0.42653339254280387,0.9411065107758129,0.9851963948626696,-0.014803605137330367,0.058893489224187134,True,1.1068742254269872
4.239427898804886,0.061820263613304255,-0.12504325081989437,-0.10984228437482807,0.2738397800078245,21,1.5208860513439943,0.06313366212219043,24.089938714475874,-0.2579102203870937,2.0597929897271676,1.0597929897271676,1.2579102203870938,True,105979351.14573179
3.8581381294262487,0.7894544027011274,0.05303723405099281,-0.2246354448751606,0.013214245077537434,21,0.9929411566183122,2.2263171577249037,0.44600166385682843,0.7336981287109042,0.8813190748653258,-0.11868092513467421,0.26630187128909577,True,2.1809968330038467
2.732554410283285,0.4858387032471709,-0.04239242403497656,0.09321306819485436,-0.4068081785308122,21,0.6272158277980111,2.259166332080757,0.27763153995851525,0.943347432270824,0.9562783291806454,-0.04372167081935463,0.05665256772917604,True,0.812060229787635
4.067561392735965,0.7885064209866892,0.19242520690763354,0.292190231911011,0.4339849924738488,21,2.129659476418423,1.088225162592458,1.9570026035282773,1.3775122821427832,1.6861990039930974,0.6861990039930974,0.3775122821427832,True,68619906.01432182
4.894468441492194,0.8393733325922845,0.22817827167401494,-0.34473906881711974,-0.46447035638917833,21,1.6366393854449295,2.246730137203434,0.728453924369439,0.8331626080168578,0.9994252054956119,-0.000574794504388132,0.16683739198314218,True,2.221653725511188
6.56249677961385,0.9156602299841533,-0.034183684607246745,0.009094216205071004,-0.18787363628183296,21,1.3244468780585539,1.7542975615756597,0.7549727634968458,0.6529935760862278,0.8296040245955955,-0.17039597540440454,0.34700642391377223,True,3.173008610928118
3.9866699222102966,0.7081338036997419,0.346270253818058,0.23149899454142442,-0.16742444224250908,21,1.514882565533627,1.521586933854512,0.9955938315637994,1.3961159254834736,1.5520216688568655,0.5520216688568655,0.39611592548347363,True,55202170.76254721
4.066982866578969,0.270285018061154,-0.020069178772328555,-0.2054223129560738,0.2896138157855118,21,1.8509239426058024,0.38917623063048135,4.7560045987578174,0.764930859094396,1.030440161355274,0.030440161355274054,0.23506914090560405,True,3044026.3695082506
7.5326007426847275,0.3813217918315612,0.2899677898132441,-0.10520138498575252,0.21040528296865912,21,0.951835617230628,1.2499586652787025,0.7614936746875529,1.0628522120328843,1.1784953754982996,0.17849537549829964,0.06285221203288427,True,17849539.31448772
4.518654307466574,0.924655400875269,-0.015007986793224404,-0.32716353234210993,0.17552806883198868,21,1.124253071843654,2.4012143013039777,0.46820188903303184,0.5548460635233781,0.8121102106040051,-0.18788978939599488,0.44515393647662194,True,3.1175413358678092
6.353216877491848,0.7015967536037722,0.33382599389521783,0.3041672857816803,0.31569178289325683,21,2.263089957871405,0.5991716087432853,3.777031362714358,1.7760985604137949,2.447353715111974,1.4473537151119742,0.7760985604137949,True,144735382.58570114
7.839996035303058,1.0314209881881804,-0.13769004791617723,-0.16901641035842196,0.306752801988764,21,1.133455822810418,2.0463932885919576,0.5538797596381407,0.3822788234029285,0.713257381353312,-0.28674261864668804,0.6177211765970715,True,4.143565892019763
3.1441297106905677,0.2965685432395429,0.05860526789813825,-0.1651669919108321,-0.2505312454952421,21,2.035540048422169,0.7884093079722649,2.5818315789008626,0.922617826010935,1.0363607636310952,0.036360763631095194,0.077382173989065,True,3636081.667566153
4.697265489597817,0.5967066309649826,-0.07709082452199234,-0.256883621739825,0.13050133713233336,21,1.4142721803732021,2.038938055350945,0.693631754364296,0.5956999279460214,0.8066548534282394,-0.1933451465717606,0.40430007205397855,True,3.3426422671862523
6.575374745207734,0.8798030486666314,-0.31640050387430113,-0.11010942192632497,0.09057930944075554,21,0.8217105759271099,2.0660486353429626,0.3977208289633059,0.3684985710482199,0.6975510716564244,-0.3024489283435756,0.6315014289517801,True,3.9150354024992065
5.539103396252868,0.6358864054784064,-0.12400325480787897,0.2567662737050792,-0.03603564672717918,21,1.5936401673411367,0.9514912972658778,1.6748867508515126,1.0359407498250073,1.3678443975092502,0.36784439750925024,0.03594074982500728,True,36784443.12074091
4.713802992939224,0.8069385770269379,0.3295968706162331,-0.2787747995473024,0.338799054564325,21,1.4019012544635852,1.8933976946062965,0.7404156339986933,0.9088901199728555,1.1731180305261433,0.17311803052614327,0.09110988002714449,True,17311804.918413643
5.671933969855299,0.8393442970040074,0.14242417548549374,-0.07512580026081589,-0.22410710402074652,21,0.8621899865044673,1.813338551740725,0.47547105071846785,0.8287296640021926,0.9249543380926444,-0.07504566190735562,0.1712703359978074,True,1.761968711904518
3.3066454545670254,0.08700498894161353,0.3490460033969873,0.10012916769095559,0.23169086872779787,21,1.5683327104690903,0.7799764179537009,2.0107437537453676,1.2783166411035547,2.0293002682714296,1.0293002682714296,0.2783166411035547,True,102930032.04853617
7.615462606193349,0.23191712603633685,-0.26574037717706334,-0.018643526593885795,0.25981017990956,21,0.6369298247584765,1.1374773163442595,0.5599494738106131,0.5830892011482012,0.7006919285890366,-0.2993080714109634,0.4169107988517988,True,3.1510748260293866
4.459729775999245,1.0925720703121748,-0.25689321580066776,0.1554461526147084,0.20971659554665711,21,2.0971070199312205,2.0127008172991117,1.0419367855901085,0.5659559141849174,0.890291821272334,-0.10970817872766603,0.4340440858150826,True,4.154769641448777
7.638121000894488,1.1032221287100161,0.08917477363386533,-0.03113633385543546,0.3562000097259038,21,1.882044160857383,1.7047718931809834,1.1039859164651185,0.5858493043716663,0.8536146503315682,-0.14638534966843175,0.41415069562833373,True,4.173486015558798
5.430110755948127,0.9096146082741595,0.32763297688306026,0.10810569457383296,0.024545564742168735,21,1.57907386342069,1.5743100658502076,1.0030259589097588,1.1697634317426508,1.261064660715652,0.26106466071565193,0.16976343174265085,True,26106468.83081915
7.994341008823101,1.0420542520482872,0.34182189703172994,0.30444067552971366,0.14516950980063037,21,3.057129135422664,1.130555189602505,2.704095442255701,1.3791497974091378,1.8996042521910215,0.8996042521910215,0.3791497974091378,True,89960432.26526962
4.670746279665976,0.09156669402035633,0.24997411403552094,0.060071609886967636,0.28662417460739265,21,1.1495686475786135,0.8317390117346519,1.3821266423239003,1.2477762888759587,1.728596231376627,0.728596231376627,0.2477762888759587,True,72859627.00904389
6.006744267222986,1.0576063702547183,0.3217104447371375,-0.03034953770412263,0.40604801441471094,21,1.8732232290924604,1.6101176391607843,1.1634076812355216,0.9002062643074504,1.0954414950826574,0.09544149508265742,0.09979373569254957,True,9544152.223146008
5.264600912624689,1.0323704775677254,0.19469056432574583,0.304186434550037,0.12042322432901498,21,2.7227403410988402,1.417919058737688,1.9202367894841461,1.2301512805748689,1.5338328551815674,0.5338328551815674,0.2301512805748689,True,53383290.32633696
2.0080413460849083,0.9164800614272325,-0.16004485705695226,0.3474847303528428,-0.1842450193612355,21,1.7570069123362755,1.9573609049659875,0.8976407508081942,0.9477728160172826,1.1369305741739328,0.13693057417393284,0.05222718398271742,True,13693059.388241606
4.9121422176240745,0.5810495522621785,-0.19259947719743348,0.11507196795981073,-0.04507880376387163,21,0.6544807689772294,1.6168400649661756,0.40479004890995274,0.7463959403388012,0.881260734469947,-0.11873926553005298,0.2536040596611988,True,2.0390131107786362
7.524338108145829,0.6975789326442277,0.00892749578581209,-0.09650622501810358,0.4423393540198679,21,0.7612190600738271,1.5121564598362285,0.5033996681509199,0.6030918181154459,0.8035033779878659,-0.19649662201213414,0.3969081818845541,True,2.9433528342480537
6.624990905422374,0.5900726475983732,0.30658093624313654,0.3352858866639219,0.24704662809271338,21,2.159151563958906,0.20469792996012404,10.547989246298275,2.5342289444981496,4.244888400143392,3.2448884001433917,1.5342289444981496,True,324488867.7759577
4.994069059775698,1.0579241850010297,-0.13502408996853899,-0.12808448399760414,0.45979994713639727,21,1.1303129911692926,2.2004028668260824,0.5136845657721238,0.4757304856873886,0.7478099855908035,-0.25219001440919653,0.5242695143126114,True,3.599748866641682
4.282435174665174,0.9056341681929784,-0.06726499151279941,0.030967901122316177,-0.4480828644613981,21,0.9034297330217516,2.1740611237079177,0.4155493712526944,0.7546721801571405,0.8639582869836715,-0.1360417130163285,0.24532781984285945,True,2.0181249060569058
6.777655030014491,0.7677932583632296,0.09558835792566195,-0.31229858012211714,-0.06465295450691666,21,1.2136989667779663,1.977624618194793,0.6137155431882972,0.6000980906693437,0.8551517140123671,-0.14484828598763289,0.3999019093306563,True,3.1684371771004898
3.8131824710876225,1.0780637043230954,-0.08866395158506868,-0.26990196717975345,-0.48622589544172934,21,1.077317991072344,2.829960930603024,0.38068299085768054,0.6037411477205901,0.7987253539168373,-0.2012746460831627,0.39625885227940993,True,2.7063710032098194
3.038151591567475,0.12058304902642838,0.009334340672810082,0.17952310527370974,-0.40676499824050316,21,1.1274651754262517,1.281950825006319,0.879491750723507,1.0951102744442633,1.286781100655071,0.2867811006550709,0.09511027444426334,True,28678112.216202945
7.2463501132980745,0.6616886161481159,-0.13974750640177203,0.12938106263980004,-0.054312618737725304,21,1.202720923070491,1.3313406726845116,0.9033908057847642,0.7353227327272109,0.9472230931228828,-0.052776906877117225,0.26467726727278906,True,3.044050715316756
2.468452104506351,1.0297847259066533,0.045246098354708386,0.13435321275801804,-0.07939927884492004,21,1.317539016685818,2.3323043445464147,0.5649087006018729,0.9327541316963679,0.989510407595983,-0.010489592404017034,0.0672458683036321,True,1.4121958803205794
6.2935696965284516,0.3071624422730509,0.07643224025775708,-0.22343630952163937,0.11476648519208688,21,1.668595416462421,0.5023567965084692,3.3215344712357053,0.7814310674581414,1.0236521215725851,0.023652121572585116,0.2185689325418586,True,2365219.5765413134
3.4683407192879994,0.16603579831111476,-0.23344424640830616,0.2440738874731868,-0.23192566383639113,21,0.7951976793570886,0.7194799204239162,1.1052395720627752,1.075943753050931,1.4478326196325069,0.44783261963250687,0.07594375305093104,True,44783264.44808979
3.338559686310832,0.563760295564235,0.019173149364756725,-0.16417263305202456,0.2929891173528839,21,1.1101231437276822,2.0184787816293164,0.5499800908640667,0.7816467569785243,0.9485516537117439,-0.05144834628825612,0.21835324302147574,True,2.139298629012083
7.666474636213248,0.3598985021311123,-0.05191969196571383,0.33424000570061585,-0.25931607205425944,21,1.4380417918057016,0.21158249856538114,6.7966008604503365,-3.317408272856414,4.0109205851497185,3.0109205851497185,4.317408272856413,True,301092093.0473177
5.794968595538105,0.6327539768036369,0.2629942974025715,-0.2504263036647193,-0.4549630199307807,21,1.4619893504638735,1.8776230358635697,0.778638375509419,0.9323234259770662,1.0602742239326617,0.060274223932661686,0.06767657402293381,True,6027424.21470079
7.702460816617528,0.7430777473398859,-0.09591202441112595,-0.020938389956973502,-0.26109154173983085,21,0.8648515673779271,1.5965473308768625,0.5417011764398677,0.5948626375693883,0.7783676783875866,-0.22163232161241342,0.4051373624306117,True,3.0574505985104152
2.9436012252401693,0.47690921802991026,0.21481522273966114,0.0546713844879661,-0.07881303558927877,21,0.7309053960659639,2.0665329070833103,0.3536867927729051,1.1529905973795094,1.2061640555335291,0.20616405553352912,0.15299059737950937,True,20616406.991963703
3.0138078571447044,0.165901878909252,-0.09168478156064397,-0.26905120381545455,-0.4955182469408138,21,2.689190199623067,0.04787023997913242,56.17666008767321,-10.225696496238214,17.006841970261757,16.006841970261757,11.225696496238214,True,1600684360.152845
4.749541723627511,0.8700587776466973,-0.31046332120125697,0.07876791380782944,-0.229427560929526,21,1.1103628201017057,2.0759512246524086,0.5348694164467288,0.5507556207082143,0.8259220214290411,-0.17407797857095886,0.44924437929178573,True,3.2649734117255504
2.6005885858785662,0.9969636820414137,0.07478025563957047,-0.0252020098067528,-0.32473161850390875,21,0.6035406397379726,2.5475897705645973,0.23690652502667875,0.8955217494684222,0.9416808924039038,-0.058319107596096154,0.10447825053157778,True,0.9736207937874224
2.874761753161379,0.6589856266321078,0.29391336750639596,-0.1168360980171049,-0.3971839708373722,21,1.3206816174376501,2.404756612081735,0.5491955446977108,1.1263328239311767,1.1701395507492711,0.17013955074927112,0.12633282393117673,True,17013956.75262934
7.303944496341108,1.058701857875464,0.17589587751336677,0.08859886006682793,0.39705396534024096,21,2.1966250971928813,1.4461668068506321,1.5189292734332276,0.7902706397645496,1.027410356127208,0.027410356127208102,0.2097293602354504,True,2741039.5544316964
7.086252418786479,0.6657945942438007,0.16726033043398547,-0.33806551303209753,0.42659042988093965,21,1.4948603737966843,1.7887969220559887,0.8356791960926103,0.6179589736462026,0.9565835102521242,-0.04341648974787582,0.38204102635379744,True,3.5019010132644484
5.706358480851052,0.5808810092744778,-0.27900475378884665,0.19617223884001644,-0.27649425121404503,21,1.1485113304424963,1.2528879038979415,0.9166912114557796,0.7627704398810125,1.078695593297982,0.07869559329798204,0.23722956011898755,True,7869562.261943311
6.5357040516575715,0.4726251543592509,-0.30632953001935476,0.17123832091124747,0.27698558629946535,21,1.045462099465288,0.878919071001716,1.189486192709143,0.7464995072570493,1.1454201434645588,0.14542014346455878,0.2535004927429507,True,14542017.879540976
7.434993420574722,0.5649481273068585,0.0056338077993012825,-0.190796620607337,-0.2784615129239143,21,0.9304846204959967,1.6734928555957225,0.5560135003771898,0.6358825527609842,0.8107647886208447,-0.18923521137915533,0.36411744723901585,True,2.8796113243191677
7.284565580643095,0.7811068103843862,-0.1884543771706135,-0.09652413332812926,0.10133593909212146,21,0.7019970791074073,1.7868863910623918,0.3928604989207151,0.4557953743029449,0.714229875094175,-0.285770124905825,0.5442046256970551,True,3.4692940451936733
3.702517944368897,0.16824602456836957,-0.2855223917959675,0.08766483798084351,0.35090395910335914,21,0.7221217368058562,1.043380318543751,0.6920982924172115,0.7770408959804033,0.8615358734791536,-0.1384641265208464,0.22295910401959673,True,2.433016682933341
6.086656291548949,0.9784354351878863,-0.22011910898162185,0.07135651731509357,-0.39516390737184615,21,1.5606303620347166,1.9572529730475794,0.7973575125573605,0.5577616101566774,0.8252270152054239,-0.17477298479457615,0.44223838984332264,True,3.7298975419263405
6.671525020052279,0.8931155483525502,0.059333102271798555,-0.028203889379479097,-0.481935095515156,21,1.0698269275612313,1.7822491031055632,0.6002679006526425,0.7395728422609528,0.8684693791893707,-0.13153062081062927,0.26042715773904723,True,2.4454500529848247
6.710544131598956,0.7806402075233619,-0.05094918787639052,-0.3041569809020068,-0.27098627956618904,21,1.1908490214636294,2.1440309150851093,0.5554253033783132,0.5101873055260219,0.77235518249304,-0.22764481750695997,0.4898126944739781,True,3.5069672373544334
7.050722707226653,0.4113329884787569,-0.24068676129187963,-0.306793887724394,-0.018088953212586967,21,1.9399200652626827,0.6272346045261774,3.092814157994564,0.41384954001909025,0.7784738481813316,-0.22152615181866842,0.5861504599809098,True,8.821552957056785
4.570178017864487,0.3682224609439962,0.18488273603227856,0.24338045488295634,0.35835128310580777,21,1.1847244017662237,0.5347791327167604,2.2153527115907483,1.6159145949770934,2.127146258662181,1.1271462586621812,0.6159145949770934,True,112714633.16531433
5.931233208606763,0.693068775255799,0.10755720757935922,0.3445952890307262,0.4343038275157163,21,2.417842814429017,0.3577900822780341,6.757713346984677,1.844604642115637,3.0349577504530383,2.0349577504530383,0.844604642115637,True,203495792.13956344
3.1677112980430735,0.9995564846324855,-0.20342044869814316,-0.05471426518885697,0.3609672576929984,21,0.9216855704790414,2.3728628750477108,0.3884276584927012,0.5511807672654635,0.7652264989487654,-0.23477350105123462,0.4488192327345365,True,2.9839239674190887
3.009217576639447,0.5226216493475708,-0.15140394130590737,0.08032246996869519,0.0751772304281404,21,0.2957003042357391,1.9454195632045541,0.15199821664620902,0.8089357821364542,0.8583860295940304,-0.14161397040596957,0.19106421786354577,True,1.2448280395465274
6.626102447066247,0.6344431819841023,-0.14262866615049938,0.024694519779566937,0.3153582078101562,21,0.7576491484644956,1.4498144897396967,0.5225835124606362,0.6198573083772961,0.7922830693163585,-0.2077169306836415,0.38014269162270387,True,2.8960643396602306
5.827502483828832,0.5117797658280887,-0.15751057057966933,-0.3112261451836629,-0.1134176877891302,21,1.8712049186135555,1.203321723866555,1.5550329404848897,0.5019631114290016,0.7845351068953612,-0.2154648931046388,0.49803688857099837,True,5.452014219798823
4.150128753454295,0.684166269738161,-0.31049851791775623,0.04974934612322546,0.15060832844794247,21,0.571593813324333,1.9239576600155661,0.2970927194518971,0.5623861095186501,0.7813654903691923,-0.21863450963080766,0.4376138904813499,True,2.753934033199145
7.042171586704129,0.9563440070757339,0.2465061256365777,0.10095909949885201,-0.12565919737205278,21,1.8189766279054687,1.44834015264081,1.2559043016164844,0.9887905815830995,1.1223852419755547,0.12238524197555467,0.011209418416900485,True,12238526.645689994
6.2724197929478915,0.7873361080893047,0.21652259689975784,-0.011468634664293764,-0.0748634922467788,21,1.0345335886103906,1.5619023202015796,0.6623548574259582,0.9414600978064579,1.021044693590796,0.02104469359079597,0.058539902193542104,True,2104470.9133487437
5.385666673818808,0.8966727103523994,0.03479870022341913,-0.3466435897826791,0.3556067276247301,21,1.161830549123235,2.238450857392089,0.5190333061306638,0.5323606899580136,0.8391094612627841,-0.16089053873721593,0.46763931004198644,True,3.3267854484258415
3.4969902978868426,0.4543155102838047,-0.21298380022335922,-0.03575139593042115,0.168205504787045,21,0.8297831215889062,1.9172278678659054,0.4328035991426257,0.6651249288090918,0.7629498646653198,-0.23705013533468022,0.3348750711909082,True,2.4987248305768417
6.879937662853246,0.5048143936498403,0.13627387153972076,-0.18264239495529677,-0.484679614729406,21,1.1390797154782768,1.6521823703178171,0.6894394565287373,0.8293811660567428,0.9428897283598545,-0.05711027164014548,0.17061883394325716,True,2.166251118732459
7.447008946195488,0.15583298178871158,-0.21478272497223083,0.22914695813647235,0.0448751506198104,21,0.6209890088022841,0.0828178245053317,7.498253093599502,-4.654180202732906,5.673747825843199,4.673747825843199,5.654180202732906,True,467374825.13694364
6.105911190420942,0.4801262749142156,-0.1801880277713369,0.12063150774952425,0.3317468090522673,21,0.7195266280668646,1.2160493510801216,0.5916919633465249,0.7793933685850972,0.9427128818513358,-0.05728711814866416,0.22060663141490278,True,2.2300130622536507
3.4235878189413174,1.0250495325526838,0.07684890268477051,-0.130045887960127,0.2972374522366861,21,1.131023538450909,2.220894840392378,0.5092647872742524,0.7396130608131201,0.9101287477843093,-0.0898712522156907,0.26038693918687994,True,2.2719177567610798
3.8826830897409357,0.84802410430669,-0.02780809700194814,-0.023495991625203216,-0.056397606809650336,21,0.6460913911782029,2.0946481344567145,0.3084486508975306,0.7543841296513144,0.8481059424119797,-0.15189405758802033,0.2456158703486856,True,1.8155732723555462
7.964549971164979,0.7199276504045542,-0.05061228537375234,0.0681905075278958,-0.3637540247547484,21,1.146405920155204,1.4159800535296467,0.8096201053803908,0.7218773378966497,0.8784915484452082,-0.12150845155479184,0.27812266210335035,True,2.9326751367956945
3.785243159606533,0.17043324370510024,-0.2972430960121093,0.2060524255861772,0.15367710800008683,21,0.6070581414870827,0.5943365436401755,1.0214047040906997,1.020547900401561,1.4466665162988313,0.44666651629883125,0.02054790040156096,True,44666653.678064935
3.069718540687676,0.3128100562286769,0.18001986642407897,0.07932889364422746,0.49377649814358426,21,0.9646632600366991,1.2834764014448834,0.7516018673586223,1.1870391559070714,1.532595184425978,0.532595184425978,0.18703915590707143,True,53259520.80934962
2.733208368233063,1.1068899148190476,0.318461815379807,-0.06970721460529528,0.010657543820322912,21,1.405170321665496,2.28491226626633,0.6149778012972114,1.074029564002107,1.153032244835961,0.1530322448359609,0.07402956400210692,True,15303226.025075728
3.715281575723314,0.4644250181941388,0.2849594366859812,0.23327298430791465,0.28811932765511006,21,1.4717562194066516,0.8927884926999096,1.6484937154105421,1.4811364396754834,1.8235630464358892,0.8235630464358892,0.48113643967548336,True,82356310.18911313
6.065688007772128,0.7924069281723322,0.3280598736119782,0.12173860985750468,0.2346697313104642,21,1.5513634227616946,1.3804031766301472,1.1238480532541928,1.2140953675351083,1.32977401305689,0.32977401305689,0.21409536753510827,True,32977404.51672926
4.882932338912952,0.544933729012843,-0.17967659369679884,-0.1272390294401823,0.3940198619931966,21,0.7802684969590583,1.8044724883279595,0.43240808713136003,0.5548100045830054,0.7415442596260873,-0.2584557403739127,0.44518999541699456,True,3.0495461305257043
3.3201277439694437,0.9791278405318781,0.2736029658991235,0.04848745402348692,0.11438665132407766,21,1.4004150976057763,1.9969031524655942,0.7012934482459359,1.0928567299124914,1.1643935326456571,0.16439353264565715,0.09285672991249139,True,16439355.064584294
3.1362623075169536,0.759466063892086,-0.047021355576919666,-0.3370017816819218,-0.3472146157203415,21,1.9776997409937656,2.5347856932609854,0.7802236481970465,0.6847997241232177,0.8493517348631122,-0.15064826513688778,0.31520027587678234,True,3.0620725575193273
2.4988025687059237,0.23154388399382286,0.2594209616114995,0.012106389524494887,-0.4085710204590687,21,1.7700258620938416,1.4619016411099066,1.2107694610356963,1.162136756330853,1.3486458965858863,0.3486458965858863,0.1621367563308529,True,34864592.77539271
6.465144215168198,0.9217179136010873,-0.02138444909507986,0.081418986050873,0.09210893161411982,21,1.6646188446018135,1.5963011593004064,1.0427974915030118,0.7025287286468672,0.8971722123361852,-0.10282778766381484,0.2974712713531328,True,3.473544932740697
7.802719404876663,0.5355817440005453,0.16454932986561954,0.17663880121163378,-0.3155257064438608,21,1.1395340154483842,1.0256318225874197,1.1110556345391243,1.258564930255216,1.4055642031034008,0.4055642031034008,0.258564930255216,True,40556423.719362766
3.1425450666183723,0.061727497425969564,-0.25810541891164956,-0.2636522963608716,0.3639044055017997,21,1.9698132281543284,0.024636776032099433,79.9541801081377,-52.66511058846287,71.28065753622239,70.28065753622239,53.66511058846287,True,7028066174.234387
6.571436855434572,0.8931328976866569,0.23460412809450482,-0.030278343291231302,0.3452294821510987,21,1.4361606434280818,1.5196832195926933,0.9450394825133377,0.8496108170323641,1.0119159746356265,0.011915974635626547,0.15038918296763593,True,1191600.0155000726
7.729831619606642,0.7525843509586,0.15391911783156897,0.1753269593007153,0.1515901668634756,21,1.696903279735503,1.1680161880014452,1.4528080151346356,1.0754469008359548,1.2783219207295262,0.2783219207295262,0.07544690083595484,True,27832195.21731181
3.008523840103038,0.3977909801963095,-0.18382581308759036,-0.19401941258574118,0.2629381524433627,21,1.760903504387437,1.2226294056634097,1.440259408313474,0.6296282215721072,0.826071293917427,-0.17392870608257305,0.3703717784278928,True,4.595082582781149
2.817403936686765,0.39168420969585105,0.2569465163122907,0.20506288275608198,-0.3664247016704889,21,0.6653140224053495,1.5628901543135318,0.42569467890568125,1.2419255563991385,1.45311231660904,0.45311231660904006,0.24192555639913849,True,45311233.6813411
6.5133251799649265,1.0790755953403846,0.2785718319048276,-0.3177849179633374,-0.041820226748558786,21,1.4339876086824626,2.0783528479481146,0.6899635016730622,0.6768663073877622,0.9459430723238115,-0.054056927676188526,0.3231336926122378,True,2.9298235468901463
2.1062073376655888,0.4972845150315912,0.10152255176363423,-0.13210099524392013,0.21123008747308158,21,1.451446606187112,1.9343773721901125,0.7503430442549979,0.9485203793297938,1.1337583788723273,0.13375837887232733,0.05147962067020617,True,13375839.573789224
4.1734425481915,0.4573394982842442,0.27315584863902886,0.1812955778886911,0.03530330304400209,21,1.0610269431419226,1.1912086416651944,0.8907146120588159,1.356989945732256,1.535000003178392,0.5350000031783919,0.35698994573225606,True,53500003.79930929
5.957357657378806,1.1090459346816175,0.13459171647818702,0.33398128454710574,-0.11649516240486402,21,3.0546789276979185,1.3837180698390155,2.207587654075592,1.161237159569824,1.5482907004725164,0.5482907004725164,0.1612371595698241,True,54829075.05817077
5.46720311058744,0.5552388759682333,-0.17862626096567055,0.18729884104600436,0.1639719938447275,21,1.1097599177420021,1.1154755758559407,0.9948760347266655,0.8708120305338125,1.1006012462045565,0.10060124620455646,0.1291879694661875,True,10060127.161309348
3.4698011130261412,0.42780835422841396,0.13110598096349774,-0.32215879387119595,-0.34510017575265317,21,2.5632647125330004,0.6338973621433082,4.043658903810853,0.8997243634364613,1.0924766886525308,0.09247668865253078,0.10027563656353866,True,9247677.068480551
3.751055567746235,0.8565420264874486,0.2323485063621341,0.12232692161816466,0.3116136957373776,21,1.4627452210210314,1.7402610278188122,0.840532079750352,1.121993625564315,1.2233433330993146,0.22334333309931464,0.12199362556431503,True,22334335.520838633
7.291376154489145,0.7083580917828162,-0.07754911727041353,0.286118188288628,-0.36210596254918637,21,2.0350932082152497,0.8003560184935008,2.5427349344431467,1.1377651785593954,1.6531059060457054,0.6531059060457054,0.1377651785593954,True,65310596.13647585
7.717039016779733,0.6429559645878621,-0.01701946656651704,-0.17001338199193386,0.1351727474368275,21,0.6614128990620181,1.628748173342965,0.40608665592820564,0.5654158483745458,0.7773559691531626,-0.22264403084683737,0.43458415162545416,True,2.9463831834136824
3.7983729599348695,0.5620527805179164,-0.08934584373250931,-0.2726888076422614,-0.09822731907707116,21,1.8121198235032772,1.7361838372539298,1.0437372959130025,0.6470722576661002,0.8254282047606395,-0.1745717952393605,0.3529277423338998,True,3.752617308044451
6.951213324553188,0.900750888594814,-0.13989418215031196,0.1695512883378526,0.27816795452920706,21,2.011734337456436,1.4339213876757326,1.4029599912149229,0.6662618578746824,1.0010541858610487,0.001054185861048662,0.3337381421253176,True,105422.9269760623
7.3063237279963325,1.0103137672395344,-0.15570514394350402,-0.10471651046393018,0.3936483008670537,21,1.2968145572685814,1.9492643286077525,0.6652840962799651,0.4095786736393699,0.7239042014755037,-0.2760957985244963,0.5904213263606302,True,4.219255510253751
6.4964233658998545,0.9138783252307554,-0.1261567160743485,0.11510752407506453,-0.1329172162162383,21,1.7056827879565268,1.6511254577303147,1.0330425104711354,0.6542704444696688,0.8907542307030534,-0.10924576929694663,0.34572955553033125,True,3.6962563013708674
3.792375094431522,0.4670506424369567,-0.2142611308981264,0.19608144477873646,0.21472867795338824,21,0.7484184619717129,1.1586043982896987,0.645965493551128,0.8936924264535797,1.0673513474013052,0.06735134740130522,0.10630757354642029,True,6735136.502021641
3.7406837913310573,1.1847090754367202,-0.0254121979603672,0.29537805882654367,-0.05386732958087748,21,2.66644214889278,1.9661686197124308,1.356161481858443,0.9168375589720045,1.1471542033769575,0.1471542033769575,0.08316244102799553,True,14715423.336552568
4.71304761652277,0.4166038393075083,0.07414698227910732,0.2516383486957463,0.2894156523876841,21,1.0962217300888155,0.5790774134758019,1.893048674630484,1.4778155868877714,1.8602124378312588,0.8602124378312588,0.47781558688777137,True,86021249.77784315
6.690966051586733,0.3615941508825273,-0.17363634729320843,0.020199749185090377,0.32714243772383855,21,0.22926821841958755,1.2340453663998903,0.18578589139590318,0.6863343938944787,0.777497951422634,-0.222502048577366,0.3136656061055213,True,1.9221894639071815
6.694904782321506,0.5987585533998462,0.012516187292475112,-0.2584505734504078,0.38976438179315964,21,1.1595575677917012,1.7498498388770742,0.6626611849939196,0.5698713163493676,0.8372803766873207,-0.1627196233126793,0.4301286836506324,True,3.412796507516898
2.1486660396556374,0.7480987782976268,0.11659918612301778,-0.016290146748791035,0.08802411735399018,21,0.5713201628230626,2.303343869173303,0.24803945709943695,0.9766949866889897,1.0282649209697383,0.028264920969738316,0.023305013311010314,True,2826492.685933038
2.9344120463672074,0.5986232657118551,0.024242526962367117,-0.008610284361318776,0.09286685110505333,21,0.4396124734307145,2.043162795683389,0.21516272436023615,0.8976440414659108,0.9400080286032422,-0.059991971396757826,0.10235595853408919,True,0.921594496466875
5.388035398877703,1.1931074090933957,-0.008464543881283593,-0.2827417020015857,-0.4980386281808856,21,1.1641741203668134,2.606237323056833,0.4466876865232533,0.5538849690357687,0.7901431284872095,-0.20985687151279053,0.44611503096423133,True,3.0813692804595383
6.196033209117679,0.7434206628666433,0.12100814683065858,0.25804218927436084,0.21797039697798548,21,1.9994153173758369,0.975851497368882,2.048893015757742,1.2649806863762083,1.5868819062771273,0.5868819062771273,0.2649806863762083,True,58688195.855088055
4.304133726488512,0.3720686199006339,-0.0622664949294201,-0.20547052646685615,0.3743865092491431,21,1.5684879956107622,0.9995885606026662,1.5691335989930681,0.6818743044754025,0.9135670480589434,-0.0864329519410566,0.31812569552459746,True,4.579315402834697
2.837803239672021,1.1079253484109706,-0.1607247327118119,0.09861630745714478,0.2857694726704494,21,1.6829561352259939,2.2937928502267666,0.7337001399492614,0.6632366119160285,0.8548189382227357,-0.1451810617772643,0.33676338808397155,True,3.081276032940409
6.66460398913599,0.7655424887378433,-0.30544598446754523,0.2928406489922776,0.48234527985898257,21,2.386748821162025,0.678263030200217,3.5189133343409242,0.8498508460464733,1.8505116990678474,0.8505116990678474,0.15014915395352668,True,85051177.35991092
7.540761996847049,0.4334606533676581,-0.051992573088696425,0.27034230402308446,0.10935738958324293,21,1.5372278805496993,0.19976576504959043,7.695151770214949,2.0495665184001766,3.530146385001011,2.530146385001011,1.0495665184001766,True,253014658.40468407
4.430236933240071,0.7831056578857375,0.018319271556195837,-0.24487729628372368,0.18757731230560948,21,0.968081132912741,2.141400983531038,0.4520784011766143,0.6481282220774047,0.8491611848925771,-0.15083881510742292,0.3518717779225953,True,2.6204205657087476
5.135997013105198,0.48890262010434515,0.26537227256757745,0.003047163056213442,0.10551516914678072,21,0.6765721429592955,1.5382919737630962,0.439820368628856,1.1547232349390253,1.2099958919647626,0.20999589196476265,0.1547232349390253,True,20999590.80780657
5.452001511627911,0.3136572267501062,-0.20627000301322265,-0.31146382718951465,-0.14574816288564352,21,2.366450013197156,0.013160397363549459,179.81600006634653,0.5168308521124965,0.9056568899900186,-0.09434311000998141,0.48316914788750354,True,344.90658629016104
4.578817073317403,0.057768464268256436,0.131284916097599,-0.00014590898288108223,0.1745503998265444,21,1.3001781247786206,0.3457353317122521,3.760616880951959,1.1024057085510968,1.4428530766216578,0.44285307662165785,0.10240570855109676,True,44285315.336941026
7.940956617479179,0.26584605819835494,-0.23506770435289684,-0.34228622672111936,-0.47377290290691854,21,2.1768028629900216,0.08901240843462331,24.455049596695407,0.31652532883219736,6.765373111467408,5.765373111467408,0.6834746711678026,True,576537361.142995
4.6864428965079705,0.6578171490789644,-0.05803221658080615,-0.22250353639041273,0.32142898960224575,21,1.0301140253428225,2.004064298856604,0.5140124625395215,0.5977393380898917,0.8129831127496449,-0.18701688725035515,0.40226066191010834,True,2.990329140858694
2.3482494201056703,0.1553763262898334,-0.23124948383883023,-0.13492231000915894,-0.31645695532021934,21,2.656807539030111,0.12272409768404668,21.64862149461522,0.7371115089503933,0.8752924461616615,-0.12470755383833854,0.26288849104960665,True,42.54799455771597
6.213953720905511,0.557880001415288,0.1989251106881884,0.2749238217380595,0.26528896028135773,21,1.7233990895188436,0.5183204098930667,3.3249686036372625,1.6780463995325219,2.25799948110641,1.2579994811064101,0.6780463995325219,True,125799957.83385205
6.540259935309917,0.1831603184698628,0.2217083129543468,-0.16765560049476613,0.19076667246462198,21,1.657840106556287,0.09302830785058003,17.820813307913465,1.0336572702757263,1.389054531569038,0.3890545315690379,0.03365727027572629,True,38905487.26801806
5.509106885405429,0.6369037371007764,-0.0057039783867759986,0.08263404083809306,0.09030720451756435,21,0.7907485051985872,1.4989240899867926,0.5275440634258901,0.8611783595494724,0.9382065712299544,-0.061793428770045566,0.13882164045052758,True,1.6989073129502734
4.081817806649572,0.33824068149227443,0.2435823704177188,-0.23192982319122363,0.4035996715378064,21,1.9815886159374556,0.6378651498063048,3.1065948916306025,1.0199423604821183,1.4276470307637539,0.4276470307637539,0.019942360482118282,True,42764709.09313565
3.245229093779284,0.6947076461143495,-0.08448882699801885,-0.22229653933761753,0.24670082579743124,21,1.1850101000252864,2.2934588216878105,0.5166912476558918,0.6382392154707139,0.8281404343631102,-0.17185956563688976,0.36176078452928606,True,2.7929319645361965
2.973486548954954,0.41522467627788373,-0.03311081459245607,0.07284472610952242,-0.4131547232871753,21,0.7762174710620686,2.169456217174121,0.35779356362081827,0.9486712381424552,0.9571639354520974,-0.042836064547902564,0.05132876185754476,True,0.9381236693867284
3.6254038918760703,1.131356757977281,-0.323050076197827,-0.2067799622366808,-0.38956413256683464,21,1.1278547898063374,3.060627516255682,0.3685044272182899,0.46138799189143204,0.7702046708279857,-0.22979532917201428,0.5386120081085679,True,3.3949405969318422
7.759692956158396,0.7402421069950671,-0.2994730473973472,-0.0380357587729247,0.2484898179765167,21,0.8385661899806218,1.6564135537938265,0.5062541223838585,0.3938658585211946,0.7067356760854548,-0.29326432391454516,0.6061341414788054,True,3.994919435083052
7.031561564166301,0.5156388740816013,0.28009793233498215,-0.22757395764206095,-0.01526370465607585,21,1.352845432770569,1.533734051154083,0.8820599840973725,0.9125348188087706,1.0958097797621196,0.09580977976211957,0.08746518119122937,True,9580980.093573995
2.1066430821107804,0.3205402939487505,-0.23238855984438483,-0.2345831701505961,0.3553838808556108,21,2.296286447701126,0.23221116837157907,9.88878555585518,0.7121804764064126,1.3128997309357635,0.3128997309357635,0.2878195235935874,True,31289993.36758013
6.551519768140357,0.0831181653455765,-0.11114321718129291,-0.20838461080076448,-0.29087408746100574,21,1.6303818020189644,0.08975824369185208,18.164145542065285,-2.7158188940550874,6.3818356879093106,5.3818356879093106,3.7158188940550874,True,538183621.9667891
3.0477900631465658,0.5241093368733685,-0.3332529423788109,-0.311043090549976,-0.10703148831617948,21,2.444758063941567,1.2783974779403549,1.9123614573147882,0.4902197407277436,0.7759514849336421,-0.22404851506635792,0.5097802592722565,True,6.191325171181878
7.866877007221229,0.8831107352516355,0.09171501000239857,0.1406350063239668,0.2324698944511906,21,1.9464045583838843,1.2788755986293072,1.5219655144488107,0.8469353539833867,1.0769262283327357,0.07692622833273566,0.1530646460166133,True,7692626.497443927
6.575252557760683,0.08355244581786324,-0.050555163823787774,0.1318487224094705,-0.2761053645780195,21,0.5199318805060893,0.5654486612355086,0.919503247863449,1.1734024157478156,1.4364731477632025,0.43647314776320245,0.17340241574781556,True,43647317.39468563
6.920876270559,0.21176067166143092,-0.1357894961000139,0.11576079035843256,0.14257957789188702,21,0.2101624262262013,0.7045468413136475,0.2982944694413043,1.0025676718599417,1.0930114200793164,0.0930114200793164,0.002567671859941667,True,9301142.588923521
4.623709479071726,0.3415284683540574,0.011260013105796662,0.17965368503203283,0.16921933397656053,21,0.48065942251947513,0.9019972642525478,0.5328834593725514,1.1853621358989141,1.3075155408188324,0.30751554081883237,0.18536213589891415,True,30751556.02366283
3.286164080332753,1.1821418585921915,0.056828032098578785,0.20148698379084673,0.4172270390447941,21,2.4148916757212624,1.9234698067468805,1.2554871759622326,0.8932712079472749,1.0864079789963712,0.0864079789963712,0.10672879205272512,True,8640800.824574027
5.694052999776615,0.2292061337131579,-0.06986941367249261,0.1688981551361951,0.38728608193713665,21,0.41450794028841675,0.5059977926732703,0.8191892262978115,1.256098575500587,1.5025543069097962,0.5025543069097962,0.2560985755005869,True,50255433.53176037
7.825591202614866,0.10773515815591761,-0.2894641017168746,-0.14768905227407886,-0.3190877526998175,21,1.5811542135745182,0.03276175537750133,48.26219460329508,0.8853936452841624,6.601905121039359,5.601905121039359,0.11460635471583758,True,560190604.6006829
5.3174963865377265,0.9860669058313922,0.11910687640834738,-0.1668488492441243,-0.10936287428150693,21,1.0281307433969864,2.0612826734520207,0.4987820237557135,0.7130027440570972,0.8755475534759076,-0.12445244652409237,0.2869972559429028,True,2.3850031003892735
5.317289942574532,0.6901146015762257,-0.07430325699187396,0.16193143481084793,-0.07582068893964777,21,1.1393079170645126,1.5398490542953076,0.7398828566257765,0.8748282897404683,1.0075113721117013,0.0075113721117012755,0.12517171025953167,True,751139.2462638268
7.929490728409942,0.8803500970698405,0.08709588769459614,-0.10073230038883846,-0.0835294709487342,21,1.0541787205858095,1.6663747714015766,0.6326180272755492,0.6328378028242744,0.8298893816781685,-0.1701106183218315,0.3671621971757256,True,3.0407416737339785
2.4745511446906843,1.197457782628888,-0.19786388261683102,0.28435872552365704,-0.30974643898771603,21,2.1806044201881267,2.5575209963165593,0.8526242495481826,0.7956206603406537,1.0350647772218284,0.035064777221828436,0.2043793396593463,True,3506480.368050215
3.807669568489569,0.9234656211028879,-0.03576604737273914,0.23385231217465463,0.15109658010868343,21,1.8749247233492554,1.7662973682152097,1.0615000379261226,0.9283895224285181,1.1004086586006114,0.10040865860061143,0.07161047757148187,True,10040868.239924347
2.4031547118864403,0.9583801164786361,-0.30116368687882317,-0.21681663446920926,-0.10669516200794993,21,1.1834900210994097,3.0534804726683946,0.3875872243797826,0.5217850726087366,0.7625701627649678,-0.2374298372350322,0.47821492739126337,True,3.129301688257938
3.7251410979399395,0.9625932429909159,0.30672509256460756,0.2598584958580644,0.49266369132777166,21,2.467631769910834,1.595428367516417,1.5466891652128294,1.3372980607126839,1.5865313323962562,0.5865313323962562,0.33729806071268387,True,58653137.872053534
4.970165965874671,1.0062335865211902,-0.3045835219320236,-0.13111400272239326,-0.30012376536203034,21,0.9570337886936113,2.5193074504490602,0.379879711991096,0.43818515516236495,0.7375615395044822,-0.2624384604955178,0.561814844837635,True,3.5326209821631114
6.226450100795189,1.1136988750735948,-0.08401721218257185,0.0056602061675979365,0.2193456610932799,21,1.8706040368846946,1.9167319196824368,0.9759340978651909,0.5370937341495249,0.8026945091335848,-0.19730549086641525,0.4629062658504751,True,4.173366982271151
3.2174548737615645,0.8441358920535971,0.12778581921239224,0.12178012540925975,-0.36440620397194423,21,0.7766386634574873,2.196387603154581,0.35359818200668824,1.0369761726507893,1.0644344762608395,0.06443447626083953,0.03697617265078934,True,6443448.484453845
5.09910776808376,1.0318245595685753,0.23479247466050612,0.05946038012209681,0.09541454853931763,21,1.7142978985838278,1.715436352084499,0.9993363475716904,0.9656151937487168,1.0817996998043562,0.0817996998043562,0.03438480625128315,True,8179972.055768944
5.962291409445942,0.1618647564355255,-0.22682818832700224,-0.223253283904823,-0.2956604676192036,21,1.9712493736818224,0.05851095336184721,33.69026242814905,0.09165156049237456,7.140937499460077,6.140937499460077,0.9083484395076254,True,614093818.6566944
7.988669570801953,1.1520826387376182,-0.007154736178926369,0.01189098860116028,0.19715499544625814,21,2.1594863155372557,1.751340106080555,1.2330479431377377,0.5265590593394224,0.8265925470335251,-0.17340745296647486,0.4734409406605776,True,4.71575824149733
2.689762235906696,0.5628753615211097,0.19154815579778772,0.022888676689138077,0.24736507388743456,21,0.7815877286627781,1.9789041458401049,0.3949598722635302,1.0992311909201564,1.2039484626453647,0.2039484626453647,0.09923119092015642,True,20394847.51296196
3.7438991143493277,0.05574535828922869,0.004806677038050378,0.02944092718202368,0.31228604880082445,21,1.2298850302382274,0.5111177128275142,2.406265717997674,1.0121589263256523,1.2653296484723515,0.2653296484723515,0.012158926325652297,True,26532969.491179932
5.524744511007453,0.5106785542413215,0.2606946372479719,0.1676669568902336,0.32251107368378595,21,1.2657200892986014,1.0546834217580698,1.2000947992419857,1.3648308983296875,1.5359735743979883,0.5359735743979883,0.3648308983296875,True,53597361.54974189
3.814113716190921,0.5526084641746448,0.15153483118211497,-0.02944025475438594,-0.30974326384526174,21,0.6963260735984427,2.0087924287766215,0.34663913683830117,1.0204201881951114,1.0362674296975896,0.03626742969758956,0.020420188195111377,True,3626743.7320942176
4.526004286596065,0.3642177077214073,-0.029107904744062385,-0.27640879520975215,-0.046903444474749256,21,2.108876419458976,0.5268534750699312,4.002775950522215,0.7047145134734857,0.9360287132821055,-0.06397128671789454,0.2952854865265143,True,9.100408051972092
2.9641022064508897,1.0298689316029446,0.23823525686718028,-0.24754992786888336,-0.022018689765424315,21,1.1577368344449535,2.409448281044768,0.4804987280917869,0.908073719961548,1.0414190281441373,0.04141902814413734,0.09192628003845205,True,4141904.189238249
6.3205024760110895,0.13972002820652146,-0.29504781497393195,-0.08046594164432902,-0.006902622932190017,21,1.3927360087556204,0.35552451937315466,3.9174119726291505,0.5639401138026786,0.7257391421974487,-0.27426085780255127,0.4360598861973214,True,9.641689557855134
2.8055204354526153,0.6772461641698609,0.0035126338921757094,0.10104922375685538,-0.15337849041943075,21,0.2908153987932467,2.1538493643717604,0.13502123389119758,0.9449618590514132,0.9622817941183075,-0.0377182058816925,0.05503814094858683,True,0.5323620486078087
7.567981683987792,1.1179234797336386,-0.2286588767989831,0.048689015622798426,-0.2356230137310572,21,2.0455233427552937,1.9256010764194005,1.0622778351157163,0.44571963158856387,0.7964741788798012,-0.2035258211201988,0.5542803684114361,True,4.794694109069919
4.509118507444298,0.20077688274539718,0.2506150659940277,0.03971612528796231,0.07866850419480109,21,1.0235855185159837,1.2669998905339372,0.8078812998828483,1.2309262050823115,1.4468790535949247,0.44687905359492475,0.23092620508231154,True,44687908.05287347
6.222454452883856,0.379490867864627,0.02152328708041279,-0.09402416023530896,0.04384612581289793,21,0.805850261196718,1.4554146413391573,0.5536911875884651,0.800006808779604,0.8806204758505063,-0.11937952414949371,0.19999319122039605,True,2.0545667969816233
3.4297752353300583,1.1702626362414437,-0.2582286358193821,-0.3018319694584157,-0.25156193277466066,21,1.2209415769173968,3.1475079396027583,0.38790738588938706,0.464264892385234,0.7520489321608106,-0.2479510678391894,0.5357351076147661,True,3.4175123924657207
6.194905733363984,0.5120193240611252,0.22453135242831834,-0.12933616286529906,0.22245045407725395,21,0.9012832701451607,1.4775211576263605,0.6099968623075919,0.9418497912903656,1.0665993222219556,0.06659932222195564,0.05815020870963439,True,6659933.674791366
6.086730885911873,0.9922256356772895,0.28643457477758727,0.34377097591151395,0.3439887878240486,21,3.036603986650288,0.9435199835388206,3.218378030808659,1.49639319599617,2.0775440036321284,1.0775440036321284,0.49639319599617004,True,107754408.97513764
4.313725991291591,0.43606413699925983,-0.34680550660334347,0.060795534285438824,-0.23032222200672825,21,0.9036691201474889,1.780597588914709,0.5075088980089453,0.6215296978959743,0.8150628708079304,-0.18493712919206962,0.37847030210402566,True,2.8589901758837897
3.5836146214891613,0.4134768686734632,0.3190042055753042,-0.05819703940887755,-0.33074008567138413,21,1.3867237521792062,2.111500895828814,0.6567478872107626,1.205414383806048,1.2924052807932873,0.2924052807932873,0.20541438380604804,True,29240530.357290838
6.380902012068434,0.8773031301270274,0.2869155952833482,0.32116874918891836,0.44353913864000427,21,2.7284393380476573,0.7937084773161464,3.437583717479784,1.5650031579790449,2.186539993392018,1.1865399933920182,0.5650031579790449,True,118654008.71169165
4.809229714286952,0.07795255386842795,0.06877474058185368,-0.07603680111497324,-0.4465501149538167,21,1.7870656589582974,0.011494516520728248,155.4711462405272,0.9928173586517106,1.3043361532383404,0.3043361532383404,0.007182641348289387,True,30433911.481493868
7.93848935168376,0.6028515641653124,-0.058665401602246536,0.031374782643325105,0.24425061644149026,21,0.8157299966424978,1.2739570504398774,0.6403120076621414,0.6885465279854442,0.8368849159364548,-0.16311508406354525,0.31145347201455575,True,2.776852567211254
6.473235047793869,0.7928496127950063,0.0023899864382699865,-0.31778453450707617,-0.34898971730188144,21,1.2906050831461284,2.1662469154443063,0.595779305648276,0.5579591787398255,0.8034222694970138,-0.19657773050298621,0.4420408212601745,True,3.344969063373581
4.7651107689475,1.146369583169178,-0.27057060330153315,-0.24738499274380193,0.40594259939539834,21,1.1169682933517149,2.651526476416187,0.42125481426887856,0.35556397318962135,0.7000655834226159,-0.29993441657738407,0.6444360268103786,True,4.024532946072361
5.690820829917843,1.1229472296274745,-0.0313708138722929,-0.16894817286035604,0.3630739869077425,21,1.2845664206598664,2.1845079321969267,0.5880346789896969,0.49819439366256857,0.7735202869832702,-0.22647971301672976,0.5018056063374314,True,3.629042004872965
7.307062693200848,0.5937978316284706,0.1506606268734747,0.09831495232128346,-0.37779669324430787,21,0.807392853694773,1.3247588884038488,0.6094640019117514,1.0583874238414768,1.1064811657599873,0.10648116575998734,0.05838742384147677,True,10648118.028765684
2.7054123534556394,0.08028808899180954,-0.16625986349043215,0.0020711321186054343,-0.053395845962724064,21,1.7350218915220208,0.49415532666248985,3.51108608550333,0.8445403055740027,0.8845571931762288,-0.11544280682377117,0.15545969442599727,True,7.46477051642908
6.31572083040514,0.5525857597352898,-0.1678560093529475,-0.046068293637307134,0.3129084374343061,21,0.44939784634532676,1.5326674381880152,0.29321288829403463,0.5742762764827062,0.7391980844830539,-0.2608019155169461,0.4257237235172938,True,2.687093387427794
6.815157630122265,0.7857804288933801,-0.12322512078258108,-0.02686970148897616,0.3698542716723592,21,0.9858361172019534,1.6252040994731924,0.6065921920339179,0.5407118298268869,0.7644388639690324,-0.23556113603096762,0.4592881701731131,True,3.4518008243124725
3.2969186438024165,0.41805688498110216,-0.31680510819920604,0.29060415402638407,-0.08374752214921244,21,0.932741209653529,0.8799411205296445,1.0600041160618834,0.9668868355290412,1.4394519645889712,0.4394519645889712,0.0331131644709588,True,43945198.64342452
4.623015989723868,0.8920434424077928,0.2708269043754584,0.1688711027606563,-0.43400743181297996,21,1.3921531081297642,1.863990283642447,0.7468671485826311,1.1953992725131735,1.2612725198805494,0.26127251988054945,0.19539927251317346,True,26127254.38758925
7.861819697658996,0.7611828386558344,0.25813235164633574,0.14827690911243263,0.02647246658030622,21,1.5741174353646656,1.1965383122934845,1.315559576481467,1.1486196190296092,1.2965613502730025,0.29656135027300246,0.14861961902960918,True,29656138.276109587
4.6964794841335635,0.9176044299757937,-0.18913303527702743,-0.07581441515823428,0.2062730847416916,21,0.8384194615030547,2.133083536425808,0.3930551463108235,0.5179572951364342,0.7428131588124456,-0.2571868411875544,0.4820427048635658,True,3.158855180719913
4.360633384382849,0.0789443565409229,0.10276737666717983,0.007932595249782182,-0.4757868681371742,21,1.517504994306524,0.5212617107442304,2.911215159348476,1.0679310945717704,1.2747142177722395,0.2747142177722395,0.06793109457177038,True,27471427.66179331
2.9498453466006236,0.24656517643134668,-0.22020234327219432,0.10691454145974749,-0.32338865613242584,21,1.1895394402334851,1.5249139861301622,0.7800698603678159,0.8502470038050057,0.8975441318226712,-0.10245586817732877,0.14975299619499427,True,2.234543243532789
3.437838287252971,0.6360024860145523,-0.11138298930686855,-0.09454532545933286,0.29708115167855875,21,0.6134294541588843,2.0384693066606734,0.3009265099820297,0.6741428815587329,0.8099524657039957,-0.1900475342960043,0.3258571184412671,True,2.2024522915938336
5.186243220942561,1.0611465604645836,0.11525534671593402,0.18908072418667154,-0.038365359256848364,21,2.2082930474476354,1.677791274231314,1.3161905663500204,0.9532828806881164,1.1167942994798654,0.11679429947986542,0.046717119311883604,True,11679432.688485213
6.444861028411452,1.0043385666147977,-0.0777330899157907,0.23286563888347844,0.4648097776616461,21,2.5295882200190465,1.3979535458819212,1.8094937614133777,0.7686111838204215,1.1768986324514834,0.1768986324514834,0.23138881617957852,True,17689867.84858694
2.613950263427177,0.8035696055254814,0.23120843052606443,-0.2681419974812836,-0.37460199416697537,21,1.7359268595805144,2.5971943130812716,0.6683854384083558,0.9905144618296612,1.069881619970927,0.0698816199709269,0.009485538170338814,True,6988163.317576303
3.7181250293957593,0.5558274320566952,0.2260687159569359,-0.01723333344080552,0.36813539158844877,21,0.8177295714394099,1.7216952646221102,0.4749560437566116,1.089978138990922,1.2217919205765828,0.2217919205765828,0.089978138990922,True,22179193.412185088
2.506674128581143,0.8600260695930664,-0.21010413405374578,0.2971644250297455,0.09563019376618909,21,1.760617244904829,1.699709877527994,1.0358339785995812,0.8714361181838443,1.1056171248928863,0.10561712489288633,0.12856388181615575,True,10561715.1050334
7.950318285381309,1.076123689737526,0.2362039175377687,0.2040068177589046,0.16579769170355552,21,2.669487418784643,1.2710069728546933,2.1002932916952846,0.992370514799181,1.2930294338452886,0.29302943384528857,0.007629485200818964,True,29302947.423048913
3.1891245463306497,0.684598952460712,-0.05870050819090711,-0.04064118628463287,-0.32147903605829287,21,0.6222561418763899,2.30958051871073,0.2694238788538752,0.8033863661368508,0.8555798339323156,-0.14442016606768437,0.19661363386314923,True,1.4962326472079552
2.3618514748074384,0.6175089625379696,-0.18456862373778365,-0.20971806042653107,-0.42080541197255417,21,2.032537132261652,2.4467454126686308,0.8307105110886025,0.691296804734501,0.8246243043517846,-0.17537569564821542,0.30870319526549905,True,3.1257481359853116
3.492761545679874,0.6819803922279195,-0.313849281355758,0.0798478572138886,0.13602393237853638,21,0.6208040143643425,2.0120897207208825,0.3085369444370123,0.604521280194591,0.8109340118300007,-0.1890659881699993,0.39547871980540905,True,2.565055689989476
6.208728592419643,0.6408608218509146,-0.14776427182085108,0.33710367728296364,0.026826480754725712,21,2.1739463733004216,0.3929297883764066,5.53265860112874,1.475839595809386,2.701709088169766,1.7017090881697658,0.47583959580938595,True,170170921.73408186
5.842055248221726,0.9498758022152963,0.16902492167753969,0.34752366798522716,0.15792883904566135,21,2.8740166541244028,0.9278661472694424,3.097447474058798,1.3937022912136159,1.9263835903234996,0.9263835903234996,0.3937022912136159,True,92638366.90048704
7.010998908961948,0.1547218178683818,0.021714224656405934,0.09826197492695704,0.258185912532632,21,0.2616358552618321,0.6617538628252337,0.39536732607019015,1.1655641765042735,1.2831043145627161,0.2831043145627161,0.16556417650427346,True,28310433.037138097
2.702916940258236,0.22332198007480214,0.15432414259904403,-0.2840538064855235,0.3820524965730029,21,2.2800707025160283,0.10745812102024452,21.218226048140888,0.021381322864988537,2.1891765187158,1.1891765187157999,0.9786186771350115,True,118917697.17846276
6.036222942149184,0.08231148457333454,-0.22697294571919763,-0.2693683289002742,-0.4742278509920962,21,1.9711018350296734,0.18926951338556633,10.414259538007506,-0.09042225941251053,4.046932327347035,3.046932327347035,1.0904222594125106,True,304693258.0225772
7.096304913265538,0.19462607934565496,0.2226092869442975,0.04953180144318714,-0.05146066133640215,21,0.5703107087572825,0.9740348103303589,0.5855136825796328,1.2358533341673852,1.3730347002306922,0.3730347002306922,0.2358533341673852,True,37303472.317548186
6.41066934965999,0.11909958938423247,-0.2991760895179957,-0.08282740056947346,-0.2090597153832533,21,1.5215831200667171,0.21763313288855402,6.991504923314651,0.5729141472002377,0.7487688508101051,-0.25123114918989486,0.4270858527997623,True,15.45196226365712
2.8757516759900392,0.745709155879702,-0.2531822705415981,0.060473611747315914,-0.28383117226016885,21,0.7275726526180244,2.41495393462259,0.30127806671050633,0.6920944496954513,0.8416570066107641,-0.15834299338923585,0.3079055503045487,True,2.1133640516367462
3.888684181661458,0.14303807053779677,-0.1834171702638419,-0.030840496112113536,-0.44799289575912904,21,1.775255124913266,0.6731854465540994,2.637096707898899,0.791725448833115,0.8435770059126046,-0.15642299408739535,0.20827455116688498,True,6.064180537449648
4.652815480910526,0.7658515529885398,-0.241736834945387,0.08781013559770245,0.18211253299465124,21,1.0259015773127536,1.7984701932170757,0.5704301251040679,0.6097162290677842,0.8240736946870008,-0.17592630531299924,0.3902837709322158,True,3.0379019034845967
2.9992442734474567,0.19731759891170475,-0.2665714751431604,0.31062404630184726,-0.36118054078987105,21,0.9665311109797916,0.7178856790749025,1.346357977533838,1.1021280389072405,1.69505855407506,0.69505855407506,0.10212803890724054,True,69505858.48251833
3.8075243511925385,1.1437096467152266,0.03247974631416578,0.23926438422639051,-0.46094819169866963,21,2.153001297818895,2.149237587557283,1.0017511839004685,0.9476435161242187,1.0869247860979065,0.08692478609790655,0.05235648387578129,True,8692480.779581843
7.101696110396089,1.0590336826690485,-0.03422035671327878,-0.1748778990386442,0.22088588947920895,21,1.1833704391155275,2.055380009781291,0.5757428959530689,0.4652436614393503,0.7538763146389799,-0.24612368536102014,0.5347563385606497,True,3.7703838345983556
2.644474786282316,0.771928805969951,0.04723987666628504,0.07688992059073357,-0.10878786027422416,21,0.46627049502043105,2.229171439237269,0.20916762471170441,0.9519310162100865,0.9730726142165038,-0.026927385783496183,0.04806898378991353,True,0.6387409163041705
5.8216538796409925,0.8430585249714062,0.3073033749009336,0.3339368438113375,0.13265372373632123,21,2.58738821032485,0.8232150629973378,3.1430282639680236,1.626922469519976,2.159055930796417,1.1590559307964172,0.626922469519976,True,115905602.20069619
4.215579240742274,0.16003581229945457,0.2951761999067455,-0.03538987904324015,0.3087686990494204,21,1.5169006194408334,0.7478755995372866,2.028279329315391,1.2372254455445684,1.6104200554879875,0.6104200554879875,0.23722544554456837,True,61042010.59813553
4.333111717596223,0.5915644519564457,0.12777122247168082,0.04310984059004713,-0.2004689004002126,21,0.37645619926841567,1.7987782661949265,0.20928438281876627,1.0217613757812298,1.0338202492992565,0.03382024929925653,0.02176137578122983,True,3382025.4373509153
5.495983316765252,1.0023443722242296,0.10870325619372662,0.27826143941241654,-0.38363703585378195,21,2.326482847545207,1.6312169668318082,1.4262252630094707,1.0964914456375294,1.3098618095787142,0.30986180957871423,0.09649144563752943,True,30986184.156821877
3.734105668467926,0.3161295512794809,-0.09857257643095624,0.34785513547936164,-0.4158063407072471,21,0.7466465031326339,0.577952405489896,1.291882335016403,1.355669977215758,1.971058746668595,0.9710587466685949,0.3556699772157581,True,97105878.90582322
7.073356641377243,0.6831696218785854,0.005809447814012436,-0.2954992143189389,-0.012852588064392378,21,1.2527967444905541,1.9214962381885043,0.6519902144964028,0.5417222168938146,0.8069713421434563,-0.19302865785654366,0.4582777831061854,True,3.5332172918284037
3.217058259591883,1.0486652777920236,-0.19029012966745218,-0.22404496711769176,-0.49381507062569197,21,1.0481647173416833,2.999822989270856,0.34940885548598744,0.5858879812555059,0.7956008945188673,-0.20439910548113271,0.4141120187444941,True,2.736069823814466
4.744919842702732,0.3701744569246352,0.15192795358040556,0.24871519895162486,-0.41124037679159264,21,0.6415393690592692,0.8935796174343624,0.7179431541883768,1.3590980302655928,1.659441613117927,0.659441613117927,0.35909803026559284,True,65944164.47473004
6.985625853263596,0.9476567345664386,-0.17101566589223893,0.3113367138483789,0.04988098917155381,21,2.7840777520769144,1.009177733249725,2.7587586015316727,0.8743635105215058,1.5563106473759682,0.5563106473759682,0.12563648947849415,True,55631070.62031322
2.834515040786333,0.46910079844159774,0.17049762030204163,-0.22842297835978576,0.12636996375977239,21,1.9299659606053148,1.4440669204908718,1.336479586381824,0.9639807533263335,1.17172502097482,0.17172502097482,0.036019246673666516,True,17172504.823135264
7.999887932881476,0.5530798866440206,0.07029353108035158,0.31408808982830005,0.4458956717167205,21,2.1471771782947364,0.07609304865392136,28.21778357258767,5.843135955628981,8.99546809596059,7.9954680959605895,4.843135955628981,True,799546887.5573987
2.401814473422922,0.4974886273212397,-0.1057774984253064,0.0871553864801411,0.4935175822608442,21,0.3161739544249689,1.1946410212619996,0.2646602190932367,0.8599421972918093,1.0445932640882827,0.04459326408828268,0.14005780270819068,True,4459327.6132085435
6.390019264526118,0.9136139003184404,0.22660999948466543,-0.309139872532601,-0.019889560508499327,21,1.1982059193202899,1.9957042842600305,0.6003925174538381,0.6886366626720024,0.9364840657186667,-0.06351593428133329,0.3113633373279976,True,2.7003683052279195
3.5345918076979626,0.5827075116193557,0.22683239809009648,-0.23102126652411412,-0.23595192295760492,21,1.7491288845441713,2.1101174705714496,0.8289248863810802,0.9977572674260825,1.101096982856832,0.101096982856832,0.002242732573917494,True,10109699.87572799
5.317597133359044,1.0995400475902986,-0.34901141582605766,0.19335814366265358,-0.3260596593180024,21,2.1785005871292045,2.068714885413115,1.0530695179360907,0.5305929775188943,0.958422957074618,-0.041577042925382,0.46940702248110566,True,4.35278854322509
2.69684260993429,1.0222786953497573,0.2665817878776542,0.21772361545257435,0.010827238736021094,21,1.7991396029334494,2.1280219161177145,0.8454516324792999,1.2111097415780443,1.2901842131745,0.29018421317450005,0.2111097415780443,True,29018423.983307894
2.8460055069348424,0.6376254812727774,-0.2500525132711772,0.17000241385081216,-0.18704865912240276,21,0.6984247253613316,2.039989191820763,0.34236687535484567,0.7813484949967582,0.926724464619234,-0.07327553538076603,0.21865150500324182,True,1.7453545833261146
3.9976360496859886,0.8629085073601964,0.1877160984744255,0.31827960138702616,-0.4549528911667917,21,1.8606119165020771,1.6211528454500472,1.147709126702087,1.269190361201262,1.4428775221539192,0.4428775221539192,0.26919036120126205,True,44287755.74735469
4.953078386499462,0.1441341176909424,-0.0690001367307479,0.1369665095669811,0.12196742221415913,21,0.44177488442541846,0.735331429279687,0.6007833567758291,1.1144465799917112,1.2406202468637981,0.24062024686379813,0.11444657999171115,True,24062026.40290875
3.4661811331018457,1.1529783183495046,0.017156375601173224,0.05052549855824667,0.3910488859053266,21,1.8207999806808721,2.0912297974761866,0.8706838353576999,0.7414303206193883,0.918695411292235,-0.08130458870776502,0.2585696793806117,True,2.951216681411533
5.936735668490314,0.2227125828454911,-0.2018780189402948,0.05442675447402495,-0.19700300854790442,21,0.63063164827452,1.1934384227049986,0.5284157408349198,0.7865380963747768,0.8248078984753042,-0.17519210152469578,0.21346190362522321,True,2.0737688895415394
3.6451980255234897,1.0371664331492807,0.04462073532973321,0.2554797864863553,0.4943152721589741,21,2.3689445040587875,1.6960778006169126,1.3967192443631617,0.985638764823497,1.226965429448304,0.2269654294483039,0.014361235176503007,True,22696545.67693047
3.697685332201055,0.24515932527379974,0.34655574847568804,0.26700826819901047,-0.35772168584247777,21,1.1196492553152337,0.6307450145370292,1.7751218471969425,1.37707542379763,2.186727155940676,1.1867271559406758,0.3770754237976299,True,118672720.86047195
6.535297597490043,1.0301225828956229,-0.12628357898631593,-0.3188878070884942,-0.08842855206498135,21,1.1653506815301196,2.4505822198410914,0.47554033163828596,0.4073473512194543,0.7263607410586327,-0.2736392589413673,0.5926526487805457,True,3.869012233338818
7.946247812989826,1.1373040557391623,0.3264600264136167,-0.1516043600195984,0.4707345375462859,21,1.8797465952620056,1.705589160995967,1.102109838786933,0.6639881681081555,0.9671660390535451,-0.032833960946454854,0.33601183189184447,True,3.7792183817481355
2.1136168601947807,1.0587672152063083,-0.2861455248980359,0.2426433540145072,-0.2936546332368477,21,1.6712677492075687,2.6839257830849266,0.6226952174834729,0.7414639197516383,1.0003693512518221,0.00036935125182213646,0.2585360802483617,True,36937.60389359152
3.265364841622006,0.6888978319403916,0.004969531193612153,-0.12426479032801627,-0.4582306136838452,21,1.0540333464740836,2.4195445505493196,0.4356329567210415,0.8284075692989579,0.8868491143423972,-0.11315088565760278,0.17159243070104213,True,1.6877006300625834
5.109238100630635,0.09789167042357758,0.28351282422705426,0.09077153769931162,-0.24698826751788638,21,1.1370095108202265,0.8383695666190919,1.3562151539033858,1.2619720864878785,1.7482958803969613,0.7482958803969613,0.2619720864878785,True,74829591.9327034
5.884696947061202,0.814032101807003,0.07232409055544786,0.2863632455120976,-0.3126142829670485,21,2.065457995247331,1.1922954137445751,1.7323374487875143,1.1881800576109154,1.4587256386407745,0.45872563864077454,0.18818005761091539,True,45872568.10451469
3.774454151001763,0.37446020334653485,-0.25762875927723766,-0.05187541340467017,0.36248048083118767,21,0.958653521154073,1.769056926934392,0.5419008888624792,0.6081373643902931,0.7406533365873174,-0.25934666341268264,0.3918626356097069,True,2.9914573513319276
5.735001156555748,0.7663213571986917,-0.24832180683393384,0.023964097691049957,-0.2557370200904001,21,0.8167885375608006,1.8728786034606522,0.43611397773008986,0.5561677046451062,0.7779118369710828,-0.2220881630289172,0.44383229535489377,True,3.049816141221399
4.596323695701486,0.9392782761707474,0.07409014085251514,-0.2089197550111696,0.16819511937156595,21,0.9685418659603515,2.1433095593907927,0.45189079744301924,0.670984546556643,0.8641455830018115,-0.13585441699818845,0.32901545344335703,True,2.505781619483613
5.284968676281325,0.982002235417473,-0.010457222794674592,0.3157919485078392,-0.49672307560125795,21,2.390211139127813,1.539639074608262,1.5524489983056362,1.0360922539069504,1.3179691916177094,0.3179691916177094,0.03609225390695037,True,31796922.29914042
5.596942922909023,0.2967304820316335,0.06383270634627286,-0.08667889009003393,0.3721986239256895,21,0.9471274832557408,1.2603095516495975,0.7515038523798078,0.8823392193546394,1.004148120799743,0.004148120799742916,0.11766078064536056,True,414814.0996475436
5.496862459182933,0.2276419567650212,-0.1227893425285039,-0.27744269074160605,0.41458638438770623,21,1.911026621245662,0.027495232007440584,69.5039278347792,-6.6718049802539365,11.389589190153048,10.389589190153048,7.6718049802539365,True,1038959089.7566078
4.14379758004765,0.9831758550409913,-0.23067498173264306,0.04088852372779378,-0.05730543851764203,21,1.246881089348621,2.216127917465711,0.5626394936509406,0.5773234504904051,0.8003638542595992,-0.19963614574040078,0.4226765495095949,True,3.1850271883791286
2.1540112752818397,1.0267335674860067,0.11942300185663424,-0.07126963156356497,0.20244347134751361,21,1.0766190451608875,2.407690434951952,0.4471584176818697,0.8865637246663608,0.9942163697972533,-0.005783630202746748,0.1134362753336392,True,1.418872091392395
6.09545474766348,0.33419881833264803,-0.11255057405123964,0.21050804382750932,0.08339696141233044,21,0.816692158496093,0.5212394435611254,1.5668272395435479,1.2468678087471825,1.6069209065324968,0.6069209065324968,0.2468678087471825,True,60692094.87188278
2.450591894996551,0.8406798146661683,-0.2539104091191253,-0.18327086989667946,-0.16381942647707837,21,1.2510516878302649,2.8749888859245307,0.435150095346527,0.5834928840461722,0.7716351679729907,-0.2283648320270093,0.41650711595382783,True,2.9113543631419243
7.573471984990208,0.3913943552070753,0.2056194665813379,-0.330846624597933,-0.07091621208270138,21,2.061098896237328,0.36328638365485344,5.673482379112537,0.7810994025425775,1.1327312298211702,0.13273122982117025,0.21890059745742252,True,13273134.882750617
4.0134159115007275,0.7475322715079704,-0.2607263532347072,-0.0675105257405283,-0.22053383075084498,21,0.7058239996257032,2.293061961828368,0.3078085160258452,0.5662863715304345,0.7577505765752663,-0.24224942342473366,0.4337136284695655,True,2.7548428151389786
3.749066802887016,0.26217613523908184,-0.10115734101503879,-0.32264893553854096,-0.21928507781840845,21,2.5625617671251386,0.040340663770521853,63.52304418445589,-2.2093128201124523,4.333743590263163,3.333743590263163,3.2093128201124523,True,333374496.06352884
6.590292448847675,1.1480587598119045,-0.3007037518336977,0.1841082211352718,0.4265368454850831,21,2.648650852545372,1.7432826429240043,1.5193467698977348,0.45742038767361365,0.9552653047198607,-0.04473469528013929,0.5425796123263864,True,5.606757341026576
4.601678616019324,0.8707510647232768,-0.06077774101680261,0.30505393630289535,-0.12856672456609608,21,2.1537801288337883,1.3310399192038607,1.6181183582548269,1.0326980904755654,1.3176695237886515,0.31766952378865154,0.03269809047556538,True,31766955.624342494
7.629187425908316,0.7389650942063037,0.08823133287980844,0.21924800259694144,0.1945218577660296,21,1.9102813515216184,1.0470504670068255,1.8244405706465012,1.1150434118271317,1.4252634584569175,0.4252634584569175,0.11504341182713174,True,42526349.895872116
6.638775734171364,0.9412391662922891,0.03522719502087651,-0.285075933513371,0.265065244630038,21,1.0504443662843912,2.097193553443927,0.5008809819004992,0.5035841694662623,0.7962939645900122,-0.20370603540998777,0.4964158305337377,True,3.4360938029533123
4.246992330707556,0.6282239713054519,0.12980603206228025,-0.27166297397944283,0.18857483729413527,21,1.523971115775637,2.0075137896341144,0.7591335729023276,0.7890104575584321,0.9996569613109889,-0.00034303868901108814,0.21098954244156787,True,2.5008491862941513
7.92854722233363,0.3440512144865642,0.015428161698279874,0.2736992314538258,-0.06012249475840947,21,1.3483546244346907,0.040612927745311556,33.200133536059774,8.199913027985504,14.160527146425139,13.160527146425139,7.199913027985504,True,1316052813.877488
5.529338464301736,1.0834067021702685,-0.30414173995372684,-0.09402523653912792,0.4482905205040456,21,1.3160968429942843,2.260458356696851,0.5822256530827944,0.3601788824654865,0.7093621357000481,-0.29063786429995186,0.6398211175345134,True,4.3080552641105925
5.805577052426489,1.0140898654431325,0.2996842103941685,0.10365727499397848,0.28109294446848776,21,1.9821509053164161,1.5011815354872504,1.320393875396991,1.0477817537811787,1.201680993277471,0.20168099327747102,0.04778175378117866,True,20168102.081574876
3.8340017651968,0.6094954928623374,0.2236761465741478,-0.17408518507079537,-0.16310418944297944,21,1.321553959273774,2.054147899946858,0.6433587178936645,0.9993247841909693,1.081054991220055,0.0810549912200551,0.0006752158090307381,True,8105500.350769783
2.691771093017537,1.185640527800674,-0.22578426045522787,0.2993552550483288,-0.4838010146001267,21,2.190157160339973,2.5960607734819847,0.8436463362922006,0.7909360510959212,1.0717973995005947,0.07179739950059472,0.20906394890407876,True,7179742.602249897
4.495042991717689,0.5802844139255853,-0.02606069072347894,-0.006213442676034908,-0.13430282951257677,21,0.31736811062703696,1.8113195891764369,0.17521375715443818,0.8196483530656011,0.8638879691058874,-0.1361120308941126,0.18035164693439887,True,1.2354832058667526
4.324839627245312,1.056476538327906,0.2630411939649685,-0.258871638141136,-0.2476262699912095,21,1.2184555805977668,2.2601998805149575,0.5390919586811753,0.8642186450090531,1.0080196083319064,0.008019608331906403,0.1357813549909469,True,801962.538891494
6.682102366433231,1.1810520971601248,0.13664350870323416,-0.14231229130675868,-0.019939071892745686,21,1.576870388829955,2.0163036345306646,0.7820599843321729,0.6107028916616796,0.8495072786544292,-0.1504927213455708,0.38929710833832043,True,3.4360543402978743
6.615706373527165,0.30145644227477647,0.21080088836027677,-0.07479063381447376,0.454884470622292,21,0.9342389808666509,1.233030255987644,0.7576772559553581,1.041394531688142,1.183257629249025,0.1832576292490249,0.04139453168814189,True,18325764.57500281
4.532357103628655,0.5712888013449284,0.06766006818437165,0.30828885265559547,-0.45338421010384145,21,1.2741064049821487,1.0122770033213842,1.2586539067880387,1.3012189894233646,1.560583508787696,0.560583508787696,0.30121898942336456,True,56058354.78218908
4.067528850605208,1.0683264466898617,0.004612173323348678,-0.11856244917320666,0.371855260676762,21,1.2060061592554776,2.1910327314895977,0.5504281802470203,0.6305606303343585,0.8387149499387291,-0.16128505006127092,0.3694393696656415,True,2.895582726132365
6.656137646800326,0.349785410128703,0.28904001017988723,-0.06776330614988091,-0.4211602766062317,21,0.9770068944900064,1.4791578503704976,0.6605156401970803,1.1566338406109888,1.215323004958511,0.2153230049585111,0.15663384061098884,True,21532302.537086837
5.480705165125873,0.08944374345702734,0.296643469236776,0.09997401636704512,-0.03941262619083674,21,1.014828221862103,0.6146856219407342,1.6509711397803757,1.2958509655417012,1.91014804341837,0.91014804341837,0.2958509655417012,True,91014808.96565253
5.705920421115912,0.7932773749893501,0.25631618282655155,0.12213521829516738,-0.08900381529892798,21,1.2777245023260544,1.5227810410246962,0.8390730301358752,1.1450914088881892,1.2172850101536483,0.21728501015364832,0.14509140888818917,True,21728503.338981904
6.766206962967524,1.1372026564507294,0.10243019391482922,0.00045243245852932823,-0.46197900062497854,21,1.8369696438785417,1.8749349318035395,0.9797511437431707,0.717988261775315,0.8960744350743216,-0.1039255649256784,0.28201173822468495,True,3.2761645696448425
6.20533238452828,0.5513415232729844,-0.2749027833357753,0.2382023108469925,-0.3617356691204192,21,1.338476735709633,0.9234326902046353,1.449457821785606,0.871210555268501,1.3272148109956872,0.32721481099568717,0.128789444731499,True,32721484.504259605
4.5124514725435105,0.19767076402414324,0.15804772565081937,0.12898559998574766,0.1625062906780299,21,0.5615748214087557,0.8788552773079339,0.6389844106403321,1.255501520369998,1.5092964672674043,0.5092964672674043,0.25550152036999796,True,50929649.221304595
4.945442091444049,0.37114100100062886,-0.12825916571911763,-0.25941709525333895,-0.34174502838103615,21,2.0922368939980793,0.6703434344837396,3.1211417705752593,0.6294610893122028,0.8461101299890497,-0.15388987001095034,0.3705389106877972,True,7.797450058920717
7.368252325174275,0.985206200641095,-0.13858733366726178,-0.2927458695066473,0.31250995676755644,21,1.092904782560819,2.251797110404439,0.4853478039877781,0.3617282140900234,0.7121527274331282,-0.2878472725668718,0.6382717859099766,True,4.115787950054782
5.966378673464315,0.5849030877330431,0.12265381926024821,0.3319019428299236,0.19096403385158278,21,2.0383027695610196,0.30424077086701257,6.699637145121445,1.9652667461256819,3.1107599000497355,2.1107599000497355,0.9652667461256819,True,211076007.5919275
3.052620553751839,0.4559111481371287,-0.152675248537104,0.21794485775763583,0.29757548226103525,21,0.6932234628300893,1.135378374595595,0.6105660265697814,0.9966481483283929,1.1389106164808953,0.1389106164808953,0.00335185167160712,True,13891062.827777619
3.9172967437051405,0.5550830907749016,-0.2056201213807402,-0.28499357015445304,0.2844149390798232,21,1.7726611149924407,1.6205371237226913,1.0938725741254793,0.5081722230586097,0.7715348999147119,-0.2284651000852881,0.49182777694139035,True,4.542608808641032
4.091187173358521,0.3397409199188787,0.043675872723228926,-0.20854790901232956,0.26334103450249746,21,1.7296925148039728,0.7871580654392949,2.19738905150984,0.8125727794815127,1.0455949463826157,0.04559494638261574,0.18742722051848726,True,4559499.76070601
6.817653950568171,0.8165721014243548,0.15613897426505563,0.3003047853339732,-0.3224736042990637,21,2.283187655159205,0.9848947623060718,2.3182046879945415,1.3434958991944725,1.7210142891050029,0.7210142891050029,0.34349589919447254,True,72101435.04340243
7.3231772557939765,0.5268301766247795,0.25143307512112145,0.30511526936471756,-0.23441794180199194,21,1.7862283272099435,0.323153382098875,5.527493834687494,2.00204087196984,3.0338273117472325,2.0338273117472325,1.00204087196984,True,203382746.7129977
3.1659508254669797,0.68433083038809,-0.27750871529269444,0.011971397007979778,-0.4822487342460997,21,1.039433133893399,2.484067255183943,0.4184400127348525,0.667455682304778,0.8389806304279119,-0.16101936957208807,0.33254431769522197,True,2.4597131230711193
7.207374034096637,0.29133903866806904,-0.046959754713747415,-0.3109285712989432,-0.14395813093566623,21,2.085688932160177,0.04328544524899007,48.184532240865416,0.5111959106691031,1.1220191691099892,0.12201916910998922,0.4888040893308969,True,12202011.130813092
2.437958201484227,0.866863157227798,-0.07472698111917891,-0.2747750697458984,0.48769918511814214,21,1.1155938399985663,1.2880273532210733,0.8661258918210948,0.6091369564192548,0.9536568355081977,-0.04634316449180231,0.3908630435807452,True,3.604002108895137
2.325295979144502,0.4433017977973369,-0.2951063026590286,0.23043763568039555,0.17589507127129778,21,0.6044707366525803,1.3064870931338475,0.4626687395760237,0.8614037081964063,1.0643257880792678,0.06432578807926781,0.13859629180359367,True,6432580.382141051
3.55263470019013,0.6966804934531752,-0.22046367205918202,-0.07806389768079564,-0.4434674873390886,21,0.981781379667602,2.444881628068765,0.4015660179192889,0.6457748965052962,0.7950280466854172,-0.20497195331458284,0.3542251034947038,True,2.5359776040867077
5.267699755956141,0.11663850839225447,-0.2216481484642782,0.04839626564202637,-0.3801624336861681,21,1.0918839268396403,0.8548997568251853,1.2772069685626486,0.8050841720634545,0.8365919404567778,-0.16340805954322224,0.1949158279365455,True,3.4072411961080036
3.9258623423153054,0.20428532652832393,0.25152438144608946,0.29566256287538784,-0.2887183874561421,21,0.9783716299913506,0.43895914095062893,2.228844415615874,1.528068388158827,2.633156841222406,1.633156841222406,0.5280683881588271,True,163315691.00780305
7.59926001504909,0.40681944194935515,0.1241715995937232,-0.333849280270075,-0.4110493913301082,21,2.1028315836182845,0.437820970075681,4.802948527693392,0.7162004256291209,1.0274014252759274,0.02740142527592737,0.2837995743708791,True,2740153.0946385995
2.9544549742649515,0.1466847452097799,-0.0069905534072680076,0.11362265701955748,-0.2643629857963461,21,1.1863491193161766,1.512452177165919,0.7843878551844167,1.039133941808132,1.120396471966859,0.1203964719668591,0.03913394180813201,True,12039648.886358252
7.32493944622424,1.1433376601138707,0.02921318673036455,-0.11358310992245918,-0.4931775242150387,21,1.4790875886814892,2.066031460851738,0.7159075825843056,0.5676956647150528,0.801094341971945,-0.19890565802805504,0.43230433528494716,True,3.525091759369017
4.516973847674182,0.8970733889703532,-0.07835277517359324,0.02262214516380595,-0.05621761970690664,21,1.0585785254735434,1.991060712177252,0.531665618732426,0.6978195428912479,0.8327566454673345,-0.16724335453266548,0.3021804571087521,True,2.523551612732895
2.5183483217394227,0.7632800765285142,-0.1007670469029969,-0.1775576758285634,-0.2716924784751662,21,1.3005822181696822,2.7027030272753767,0.48121536293272027,0.7211327004481319,0.8239616754679219,-0.17603832453207813,0.27886729955186806,True,2.3108945679777975
5.243717975045437,0.6953079968411173,0.2549189060739665,0.14468143367616626,-0.15035406211813507,21,1.131314857293601,1.5824011512964533,0.714935562557396,1.218778417015225,1.2819226462856286,0.2819226462856286,0.21877841701522494,True,28192267.084173646
3.6334744240963612,0.08374805879639469,0.2682722140236061,0.008583387003174736,0.04347242532792772,21,1.6481502934944268,0.5539886747974165,2.975061347774167,1.2111008388687403,1.6409983135459918,0.6409983135459918,0.21110083886874031,True,64099838.076623395
7.643951140121468,0.4652001413678373,0.009755929308775335,0.05536790764125188,0.4893176710581366,21,0.5962203070368275,1.10247786271228,0.5408002529592982,0.8602214421759782,0.9464849223718447,-0.05351507762815533,0.13977855782402182,True,1.7289406105470597
4.444450467650993,0.18671605939760294,-0.23395916941094694,-0.0395084809828769,0.20369637236658522,21,1.2216878777739024,0.8832454704883562,1.3831804618238435,0.6770715245247441,0.7515904359468717,-0.2484095640531283,0.32292847547525594,True,4.2491493206435615
2.7459071177638217,0.8841436522679352,-0.20142065485234123,0.062278142375345624,0.3905626415379141,21,0.976670706202746,2.1744598251927307,0.449155553433221,0.6502172637302793,0.8248679959748288,-0.17513200402517115,0.3497827362697207,True,2.604408287284976
2.6285873515326172,0.5234912905450945,0.25213458316777115,0.014439441465139535,0.31431503947884176,21,1.0350298480358369,1.9713937525865408,0.5250244131482307,1.1672462096152947,1.3423851141571825,0.34238511415718254,0.16724620961529468,True,34238513.251949295
3.83099931710439,0.8731461613744534,0.30152393903186525,0.004162730232459166,0.03434687963423244,21,1.1630675695525716,1.9162228281940819,0.6069584144599137,1.1132899497613542,1.1738744992875325,0.1738744992875325,0.1132899497613542,True,17387451.651260506
5.905323342739829,0.922272946516156,0.333163538017234,0.2987377796636935,0.44025599150271866,21,2.689040964469704,1.0591855309758582,2.5387818147328853,1.4860747189037429,1.9312872761245912,0.9312872761245912,0.4860747189037429,True,93128734.87838273
2.8231431807584677,0.16588702513696607,0.18451877595466304,-0.16559971801897555,0.05669258637970842,21,2.3033016088048877,0.001723842707943124,1336.143720184987,1.0642221032890096,1.4836203756650181,0.48362037566501814,0.06422210328900957,True,48364582.80492803
7.765427305029391,0.3004655120673675,-0.3361199531496393,0.03731441081359693,-0.43572658381069496,21,0.6832881176494864,1.2322859005306452,0.554488302881052,0.578057697311749,0.7682200779624374,-0.2317799220375626,0.42194230268825095,True,3.165830598563688
5.1198549524222585,0.864251888940683,0.22542759888707453,0.19737976667944956,-0.19270090894208902,21,1.660827293600846,1.6307429906462567,1.0184482184667658,1.182468723997948,1.285106997250483,0.28510699725048294,0.1824687239979479,True,28510702.57720308
2.003758361003495,0.6005528574678424,0.08205825061287597,-0.00022316171668351759,0.47022326939928405,21,0.8233799142664266,0.9834078318612671,0.8372720732842239,0.9707049308096416,1.2760391686206067,0.27603916862060673,0.029295069190358403,True,27603918.60326581
3.8954152095071994,0.33654969969428183,0.28738879147590723,-0.22571232944384795,0.29069901315881164,21,2.071041897324891,0.6650242215026032,3.1142352870177135,1.0911455977463984,1.4481245340467883,0.4481245340467883,0.09114559774639841,True,44812459.79200773
7.626248237084788,0.3258702554328508,-0.11086333501529436,0.024630192034332088,0.18843552785336282,21,0.17041310523406739,1.12204378193344,0.15187741153952258,0.764054723097485,0.818155545077592,-0.18184445492240797,0.235945276902515,True,1.469003240475924
2.60443982689665,0.4904667092380874,0.31064053609763853,-0.08975450196825968,-0.11114423711243704,21,1.55683125725962,2.280147908920494,0.6827764335677159,1.1808769888599637,1.2813905824450604,0.28139058244506043,0.18087698885996373,True,28139060.449357055
4.098529468976499,0.8191767913362168,0.015329944339432078,0.07385328703934574,0.15119002132515802,21,1.0373128484367076,1.8178403225017619,0.5706292437220939,0.8475542574684682,0.9356868760994869,-0.06431312390051314,0.15244574253153176,True,1.8490910174034527
7.725247117787122,0.843514483507098,-0.10199200637621644,0.13200269059711156,0.3252754352754409,21,1.8064793004579278,1.348796371442568,1.339326927848907,0.6582843812611013,0.9544747323509475,-0.045525267649052514,0.34171561873889866,True,4.259558380149809
5.237413861594619,0.354512464287996,0.10129763970626404,-0.2214498707009908,-0.21473965349565016,21,1.79339747728111,0.7983755615220312,2.246308083206053,0.8562165571680849,1.021937209163158,0.021937209163158,0.14378344283191513,True,2193725.913716123
2.5192191397768102,1.0415360791127164,-0.1184277819533274,0.340781574351798,0.05413794415950357,21,2.346286622417367,1.8217465320755961,1.287932531285864,0.9443636685420296,1.172660799639396,0.17266079963939607,0.05563633145797042,True,17266082.695212014
5.068016888768144,0.05367990183528313,-0.18047079727494902,0.24188464935399823,-0.42725950004770596,21,0.788879618230219,0.2831705343431503,2.785881730456612,1.388575530034801,2.75850781792505,1.7585078179250502,0.38857553003480105,True,175850789.0415773
6.251269406149248,1.0974442511808444,-0.01222380509411325,0.1810825521191789,0.47062889521543005,21,2.552053849178113,1.5342815244000814,1.6633543509402489,0.7227437782401135,1.0436674705561793,0.043667470556179255,0.2772562217598865,True,4366751.610045713
5.988804739356954,1.092639280556151,0.3058745925267846,0.019827739507240705,-0.20532877705431862,21,1.7554291468797951,1.7160897560900654,1.0229238538661058,0.976666601696765,1.0940057430794776,0.09400574307947762,0.023333398303234998,True,9400576.372950543
5.451058552844422,0.16247276953818476,0.009963753805946274,-0.3453551839239293,0.03430779022132935,21,1.9613528282031694,0.2411078173474319,8.134754193294762,-1.2955571360661653,3.754340495060004,2.754340495060004,2.295557136066165,True,275434076.4778355
7.5918247642106795,0.19180641490166173,0.003061784860649175,-0.20077078447546662,-0.3798061402439725,21,1.7447534931376978,0.0019007174516654565,917.9446906266372,-187.76794735360605,615.1903957956949,614.1903957956949,188.76794735360605,True,61419042271.79401
6.2493851163632,0.7634235593210299,-0.3132388835694916,-0.2373344887890592,0.32741314965937884,21,0.9102855663603,2.1585587084357463,0.4217098950345257,0.33902487832102335,0.6828187300310448,-0.31718126996895524,0.6609751216789767,True,4.108095200614996
3.606060103107988,0.5909591929010056,-0.16340540412424118,-0.05780994036095244,-0.11342159765446891,21,0.7623033478301555,2.123473559439955,0.3589888578745503,0.6868633763019035,0.7821879792670002,-0.21781202073299977,0.3131366236980965,True,2.2494396236821688
7.290539685903791,0.29231869745821926,0.32455167759339454,0.14295268798614363,-0.014527931982926012,21,0.9029524727445678,0.6551408500961992,1.3782570154371852,1.504166185933024,1.828036010838948,0.828036010838948,0.504166185933024,True,82803606.2298551
2.6559273285842773,0.3414373598597324,0.18902002677063057,-0.14645756197730428,0.41031678058015075,21,1.789709778264179,0.7789660387506568,2.297545321917502,1.0722368481797688,1.5746728604708125,0.5746728604708125,0.07223684817976883,True,57467290.784338795
2.953270960755198,0.8367783076320052,-0.2060466147981265,-0.14678857828329278,0.1504200400030764,21,0.7382998540943193,2.5005430259313055,0.29525580901346254,0.5701761286478307,0.7529189767325453,-0.24708102326745474,0.42982387135216926,True,2.711485223222189
5.319206701919606,0.7321160035668574,0.3468201831123109,0.2556345523661102,0.45196967475396055,21,2.1573725556155554,0.9912239652552538,2.176473361456714,1.5401626442781342,1.89406361236101,0.89406361236101,0.5401626442781342,True,89406368.08238499
3.4675816086531084,0.3507053919250581,-0.16308913881662984,0.3090718272132318,0.3139839690445584,21,1.0434941207153958,0.36135918084174845,2.8876922907692157,1.4872052558796638,2.2773354395187377,1.2773354395187377,0.4872052558796638,True,127733551.88801055
2.587549867399506,0.8371561485192146,-0.07241139912966593,0.3493703704839388,0.08411812023956478,21,1.962557553768694,1.3878111419962396,1.4141387789593145,1.0880154984396444,1.3048864267244045,0.30488642672440447,0.0880154984396444,True,30488645.80599036
7.588366271940217,0.38504068138582237,-0.33814195775425276,-0.24485823958227437,-0.2670182070940458,21,1.747873563192952,0.8410946508212878,2.078093781105657,0.3728439026152545,0.73456480301451,-0.26543519698549,0.6271560973847454,True,7.093870299632963
2.8974642080380564,0.24326422633999956,0.061897686875528046,-0.33452930353956345,0.08701682934567012,21,2.4440767125003706,0.07410894890980574,32.97950852703272,-5.4009651907208,10.905435446600311,9.905435446600311,6.4009651907208,True,990543639.4800476
4.289526432728264,0.9680625268758869,0.2847520485092848,0.012212120696512452,0.3398193188052192,21,1.604151264191731,1.7551214557949404,0.9139830516544902,1.025528316461305,1.155771682114422,0.15577168211442194,0.025528316461304934,True,15577170.079922924
5.345878132118085,0.9068317986808747,0.05329978233285426,-0.05403260755082284,-0.3023008871969156,21,0.8738712921994511,1.9564936337885002,0.44665174325525964,0.7550226715922584,0.8674956260957122,-0.13250437390428782,0.24497732840774156,True,2.0756123074929653
5.956649060529782,0.8263560015841264,-0.19176055607901077,0.31019990017005405,-0.2548237190665722,21,2.2759601871341903,1.0316978623110147,2.206033636665694,0.9373685992938194,1.4692114972350578,0.46921149723505784,0.06263140070618056,True,46921154.23843623
6.660280868392508,0.27617359548565457,-0.26170976960174946,-0.07818845136954072,-0.20915580210330142,21,1.1195328126401147,1.1879108646966832,0.9424383982934378,0.5647657130885584,0.7143126670739846,-0.28568733292601545,0.4352342869114416,True,3.9712087217611427
7.929951000793849,0.17587152229563374,0.23353405943773975,0.3357291891325598,0.25530421679210924,21,0.792576536300533,0.48910544481962764,1.6204614867716705,-2.335495030853485,3.0225435671759375,2.0225435671759375,3.335495030853485,True,202254376.4815187
2.527698039123866,0.24624229839903056,0.10586689201160765,0.14077158553427588,0.1782899214160154,21,0.7670505781999772,1.3542962035738395,0.5663831709605437,1.1564505439321797,1.352046263887641,0.35204626388764093,0.15645054393217972,True,35204628.249791734
2.1561370803756583,0.7639606988699372,0.19107722399791782,0.23212700744233195,-0.10528996725717699,21,1.0404881145273202,2.1296919188635672,0.4885627377891065,1.1872631067645307,1.2503492734074824,0.25034927340748236,0.18726310676453073,True,25034929.207616188
2.068039352466794,1.0456695637159732,0.253160533913096,0.09518622565075219,0.23702004952054045,21,1.5416899417686678,2.237650887331611,0.688976976031827,1.114579711307214,1.2021856610649542,0.20218566106495417,0.114579711307214,True,20218567.99167005
3.4672167309534863,0.24788068432595484,0.2790645782395249,0.06617450455033802,0.24042373140390283,21,1.1377390378758143,1.2987507454865739,0.8760257053400675,1.2651369314329755,1.5528212701069057,0.5528212701069057,0.26513693143297545,True,55282130.00491803
3.9310837267891703,0.6823277240338657,-0.25378320293596573,0.3231757723721276,-0.3566453517640059,21,1.6117667821891195,1.1991757008779094,1.3440622429300015,0.9390574892302637,1.3420310774765623,0.34203107747656225,0.060942510769736336,True,34203110.6123683
5.186183620327589,0.742333866299831,0.24864491372375008,-0.028586033465748784,0.32194927557821695,21,1.104037826607662,1.580783541441428,0.6984117671170538,0.9961693253148877,1.1047774085427897,0.10477740854278972,0.003830674685112334,True,10477742.203678615
5.270606211612009,1.1864055999765735,0.34963566569027105,-0.12436972663134158,-0.27118767634712715,21,1.6089315023662218,1.9938549452517798,0.8069451121295332,0.9398683807683824,1.0742274534036993,0.0742274534036993,0.060131619231617583,True,7422747.177994864
7.004971272988298,0.45821508571226716,-0.10525929056517583,0.22074014215405546,0.2215211282507491,21,1.2871930050087736,0.5471540485492568,2.3525239526632067,1.2092096277351312,1.6718373970083975,0.6718373970083975,0.2092096277351312,True,67183745.22767752
6.504434277651192,0.5950568439439154,-0.2933260937289227,-0.0019430630050182307,-0.10146563852230872,21,0.5141625850574507,1.644329432632992,0.312688306159031,0.5071043770993783,0.735968249758097,-0.26403175024190295,0.4928956229006217,True,3.0600471934418234
6.884739965858879,0.4320749917366063,0.19771571421961154,-0.12196539537588288,0.1915582663786175,21,0.8885388977197319,1.368186212983535,0.6494283375229603,0.9271861326262433,1.0433540885962191,0.04335408859621914,0.07281386737375672,True,4335410.460640089
7.393903836877748,0.4120510772798163,-0.19234444268739775,-0.22785124760701186,-0.1185957307279556,21,1.4796016345261191,1.1051989780368268,1.3387649318626287,0.4790396336358461,0.7487673483480214,-0.2512326516519786,0.5209603663641539,True,5.154711699506587
6.090453359477915,0.2583085050713182,0.34970536406979547,0.057843623195846405,-0.14548045238733265,21,0.7592436575426693,1.1039109752992504,0.6877761654075882,1.3479787408424746,1.543905648517792,0.543905648517792,0.3479787408424746,True,54390567.90166183
5.460534652083773,1.0660828359793717,0.023383174741135104,-0.028867804338099323,0.46657170812797555,21,1.6180607568839664,1.866730702315751,0.8667885275989194,0.6235245888337115,0.8527814532503938,-0.14721854674960622,0.37647541116628847,True,3.5333260515197593
2.7955798396863885,0.6169858260381801,0.2590422106361391,-0.12421679462612256,0.4399247932996996,21,1.3516740976930033,1.6343381741243637,0.8270467636951547,1.0654425832068304,1.36542506087246,0.3654250608724601,0.06544258320683038,True,36542507.98971284
5.670773271540756,0.696887209036268,-0.21644489674202927,-0.33320306636318897,-0.4104216095532053,21,1.7953247025885428,2.1821048560384737,0.8227490524208286,0.4543272801777641,0.7519426547176116,-0.24805734528238843,0.545672719822236,True,4.295431780735986
5.41589549038363,0.1372955255998124,0.12727069465923518,-0.3150669728727027,0.16864808692715594,21,1.7733285470237254,0.17901194113633853,9.906202545857699,-2.549517130222876,5.087111391773294,4.087111391773294,3.549517130222876,True,408711175.79299486
4.0487977396529375,1.1900885083388124,0.21042678276219617,-0.332048362260208,0.39480369967166407,21,1.5403993244574878,2.3695666584642234,0.6500763837789058,0.67851184372217,0.9844145261100258,-0.015585473889974222,0.32148815627783,True,2.8456239353511146
4.848377037797778,0.4622067010708273,-0.22658808906913747,-0.2741138791845032,0.3064577908027466,21,1.7871778148137267,1.1285569313179447,1.5835956212919053,0.47478264170435847,0.7611743676370079,-0.23882563236299215,0.5252173582956415,True,5.642319144934136
6.008329868180694,0.2198566577128543,0.23046837346927374,0.33229548847823986,-0.013185929247109596,21,0.9342580941988978,0.29817623313230596,3.133241319687446,-2.53018651494725,3.942458680913183,2.942458680913183,3.53018651494725,True,294245891.7100521
6.045370570720459,0.6272533897039567,-0.29715835590290834,0.1702685765346188,-0.07050047461803166,21,1.2231814323032586,1.3457653936241416,0.9089113437589855,0.6724648045977694,1.0033281267395127,0.00332812673951266,0.32753519540223064,True,332816.0428064434
4.383939079519445,0.9208554035926108,0.04491712325984759,0.25663424147299474,-0.37660554585914374,21,1.806531319842194,1.8413059313727302,0.9811141587402529,1.0401983946044553,1.180293073945258,0.18029307394525795,0.04019839460445529,True,18029309.464219745
6.1128597816822206,0.9434068325017213,0.15404737180110784,-0.26012942989041077,-0.010733090548494806,21,1.1014819972579215,2.031834153378063,0.5421121578385876,0.6551955552931268,0.8800184629525397,-0.11998153704746028,0.3448044447068732,True,2.756568795203087
4.304565010739459,1.0868873150825895,-0.3202887773759964,-0.33349144764293037,0.2500015496524617,21,1.2154682792998326,2.8881801321418377,0.4208422687259665,0.3429975268495087,0.7032583794173924,-0.29674162058260756,0.6570024731504913,True,4.086579413277825
5.372914282915387,0.18526898210039106,0.18551768634766275,-0.07718968803741272,0.21746514131511097,21,1.2874593443177613,0.6484757643778701,1.9853623142769483,1.0796741619832915,1.283642227087395,0.28364222708739506,0.07967416198329147,True,28364226.888576973
7.175426826550353,0.5036132659473923,-0.030634668702962886,0.22182522679152195,0.12823846958100382,21,1.3770312580413515,0.6388229285482325,2.155575820001869,1.2364154252220978,1.6120666557361678,0.6120666557361678,0.2364154252220978,True,61206670.86136169
4.726163958589326,0.13273386789303848,0.0892412652047277,0.08145028022160611,-0.07407313331799192,21,0.8540268001375019,1.1057491520052216,0.7723513046234459,1.1276428200017778,1.2854315420832048,0.28543154208320476,0.12764282000177785,True,28543156.31761151
2.6532656293631804,0.9266958130091387,-0.1144393974544893,0.24692286272119468,-0.03886116842071419,21,1.5693913933075538,2.1295014447588505,0.7369759702066204,0.8881432746981539,1.0249675770521613,0.02496757705216135,0.1118567253018461,True,2496759.668198241
2.4258904385654536,0.8572457555945167,-0.3348688811265725,-0.2725672794558306,-0.039414382304409634,21,1.650974019153375,3.0489877291685334,0.5414826709071734,0.4859748779899314,0.7538159390357141,-0.2461840609642859,0.5140251220100687,True,3.6014732147460053
6.649311826340552,0.30212831513113264,0.07342637715164901,-0.28925225170243163,-0.44216271235392857,21,2.177331451467683,0.07725638057220596,28.183192576989654,0.7657960438657235,1.0869637911921752,0.08696379119217523,0.23420395613427647,True,8696433.970012704
4.760673884273777,0.18399569912128805,-0.21853139441726355,0.08112415217665414,-0.4396590736489542,21,1.0041368965044144,1.1333601091030674,0.8859822120429849,0.8299619922525346,0.8805843964647195,-0.11941560353528047,0.17003800774746536,True,2.5376967333885805
2.1023883394098353,1.0007572869156132,-0.3276210088659568,-0.1919250819750086,-0.26896737876540044,21,1.2426125957925165,3.2592769306589027,0.3812540702214301,0.5460481130383813,0.8002077706078471,-0.1997922293921529,0.4539518869616187,True,2.995923896257223
3.2238319615143025,0.9236777260814396,-0.11937926767179574,0.18612983579550268,0.30499252196675364,21,1.6081008373284675,1.9249530002890067,0.8353974549441114,0.7983209056260911,0.971565737531164,-0.028434262468835958,0.20167909437390885,True,2.599554728512059
4.745337224034852,0.8110548444064571,-0.057076377729691596,-0.21903198297389428,-0.3102720751358232,21,0.9378531848234752,2.293371574698649,0.40894079056801336,0.6247470410995974,0.7935761629698975,-0.20642383703010247,0.37525295890040256,True,2.655163413931652
6.047143153423815,0.6782589962600268,0.15750014409628965,-0.1763092175861974,-0.4915042811741246,21,0.8700996273816071,1.849390616463391,0.4704790970798303,0.8363856789566827,0.9380889715607985,-0.06191102843920149,0.1636143210433173,True,1.7141805961464986
2.7003448932731158,0.6907377782382852,0.3348830207956016,-0.14845979524857517,0.4741600864149047,21,1.518272102099147,1.4822183237528175,1.0243242022909589,1.127694258865284,1.4852578138230081,0.48525781382300814,0.12769425886528407,True,48525783.97177511
3.490048856687714,1.0170137850117582,-0.1104564842371917,0.11865594762465226,0.18355012013636474,21,1.618559648801657,2.070377912317683,0.7817701489047291,0.7235685404567659,0.8891179537005698,-0.11088204629943021,0.2764314595432341,True,2.871174054512223
3.5409019206297003,0.06496756264464065,0.24060934960219216,-0.24360856641325995,0.4069934716053175,21,1.6744288343060523,0.1884308063578427,8.886173480180306,-2.4699076978527157,5.487656014485832,4.487656014485832,3.4699076978527157,True,448765635.72337943
5.948779455702191,1.0203238058678894,0.18267730585955788,0.19024341605329287,-0.15125476558922635,21,2.168361427899223,1.5541355392503988,1.3952202836472563,1.032071521344531,1.1930608926333266,0.1930608926333266,0.03207152134453106,True,19306092.081129134
2.6203086137535756,0.7583742733893103,0.31849297723441283,0.006344199716392163,-0.3024796014498645,21,0.7191265980432155,2.3995713503525677,0.2996896082867278,1.1847955829901364,1.2178434918715106,0.21784349187151064,0.18479558299013643,True,21784350.681939784
3.7498802872460644,1.1098914901519799,-0.2114967122567501,0.10257601389135595,0.3667827284620686,21,1.8969184330757936,2.134422438648095,0.8887268043702107,0.5778054824343792,0.8407973752001958,-0.15920262479980418,0.42219451756562076,True,3.8037068343007445
7.17763467480988,0.9704333300954645,0.01853133973960569,0.0335935702974387,0.07951015606406753,21,1.6885308949798672,1.6161872439535414,1.0447619242739212,0.6562080452576161,0.8665603749893763,-0.13343962501062367,0.3437919547423839,True,3.7088899524043004
4.047603625112945,0.10570412277042342,-0.09864040167407839,-0.10529785009925774,-0.37687722685560876,21,2.050368097823813,0.0024376360269940944,841.1297154777325,0.8222603515745944,1.0257922676351001,0.02579226763510012,0.17773964842540557,True,2580829.729548685
6.380193444639183,0.11328659543235318,-0.24320089541011983,-0.15230103289384475,-0.32722721100929475,21,1.7481189116531755,0.04062025820697653,43.035642529542955,0.35237945130698606,8.255815253658607,7.255815253658607,0.647620548693014,True,725581610.5728043
2.996074368257961,0.980304131146206,0.31021502246136856,-0.045700431108025186,0.34434637460645035,21,1.5147664101653637,2.0237730729558505,0.7484862954288398,1.0716200768691901,1.2201730575467087,0.22017305754670868,0.07162007686919014,True,22017307.538393144
3.510852582777523,0.8954725506445477,0.250053647655492,0.0002050086054750655,-0.12276041077677469,21,0.9835910596886444,2.0736928043401477,0.4743185960958304,1.0637594239066561,1.1040551690534834,0.10405516905348344,0.06375942390665612,True,10405518.127567446
2.8294461530468045,0.6314039673971757,0.174490038099418,-0.19807187208935917,-0.2764567549962712,21,1.598320280781436,2.3970672675389384,0.6667815719758363,0.9743219229883336,1.0431908873282543,0.04319088732825427,0.025678077011666356,True,4319090.131216892
5.2296311422145605,0.8038341396879111,0.08758379446917353,0.16448945052915054,-0.34492995815099725,21,1.3195518385645233,1.6742164548082048,0.7881608347444469,1.0124707082126703,1.0949413302272986,0.09494133022729856,0.012470708212670267,True,9494134.586272322
7.5588521896458705,0.7920500074841521,0.10521815131225387,-0.10311332800517681,0.20170533849539762,21,0.9657154853763472,1.5714446610806951,0.6145399257726435,0.6686449051737796,0.854422464786336,-0.145577535213664,0.3313550948262204,True,2.8272732841046353
7.522415491078727,0.2700940982433341,-0.0720368439661217,0.1662844545775779,0.09271554513143265,21,0.5980154865019834,0.48318737497900976,1.2376471685088253,1.251472131840168,1.5274283405162343,0.5274283405162343,0.25147213184016803,True,52742837.66629765
2.7397530905537852,0.46607264350835315,-0.02884088215973274,0.04676883647700558,0.19598071244831938,21,0.3858224649854294,1.9279354040141228,0.2001220913222065,0.9140366586364175,0.9574576614589434,-0.0425423385410566,0.08596334136358252,True,0.8109839179237814
6.581979046688632,0.8484519117845531,0.24439059972397958,0.012875604681309882,0.09550309874128216,21,1.3282437778834404,1.4850775447742501,0.8943935503956122,0.94394655727302,1.0534511543069986,0.05345115430699865,0.056053442726979985,True,5345117.414494624
6.743266931318124,0.5602312936880093,0.341618725783816,-0.01156494301429728,0.18608779417853116,21,0.8758661769774834,1.3297654890118502,0.658662135703597,1.167951958222464,1.2368962187250787,0.2368962187250787,0.167951958222464,True,23689623.966803867
7.651987177153833,0.4698423107772166,0.3458400284885348,0.03705585269815853,-0.24514653021020283,21,0.7323009291718321,1.2805594439197665,0.5718601605328635,1.267286190801821,1.3060097210830917,0.30600972108309166,0.2672861908018209,True,30600974.53394692
5.792874362681134,0.581429991964162,-0.28114189882466545,0.2391890299385282,-0.2781676183456332,21,1.378831427268616,1.0042430608677568,1.3730056805940793,0.8427303215164155,1.275572846826861,0.275572846826861,0.15726967848358453,True,27557288.084161803
6.793403904554706,0.661253287745383,0.3111123999599058,-0.24783798544445293,0.4330956628005058,21,1.2201991478628824,1.5756156771037984,0.7744268894974305,0.837026533447091,1.1065565712795213,0.10655657127952134,0.162973466552909,True,10655659.417849714
4.71390144613616,0.6298930961783654,-0.29886101375014384,0.2510985252337845,-0.46195599435801515,21,1.3259832350060037,1.3474485352880423,0.9840696696609269,0.8085832422696403,1.174718258784422,0.17471825878442204,0.1914167577303597,True,17471828.70985725
3.7323395435460074,1.0425576530018557,-0.11557069880190904,-0.22885781571295322,-0.4938659479139015,21,1.0175628113894857,2.7977739744035603,0.36370443813511183,0.6087218213475932,0.7965585173439418,-0.20344148265605821,0.39127817865240677,True,2.649129038435536
7.311765762452311,0.6978523181247621,0.003990389335408573,0.3006862206554338,-0.38542577652022214,21,2.084234456300119,0.7092465057097038,2.938660168955701,1.3094499050921715,1.8536723080974518,0.8536723080974518,0.3094499050921715,True,85367237.95418237
4.349367287803551,0.26084320643365133,0.3064615451846189,0.2283054823331322,-0.1833675437057064,21,0.9592366152468271,0.6186167827942447,1.5506152466702061,1.455131998634699,2.0797772902359286,1.0797772902359286,0.4551319986346991,True,107977734.25266837
2.1501894434018145,1.1677635312963266,-0.031066134988507854,-0.24314475894019477,0.13991487379939427,21,0.9200430481264772,2.8634913377897036,0.3213011459069571,0.6620295347369376,0.8402320418079335,-0.15976795819206646,0.3379704652630624,True,2.3018260514613917
5.740781179055283,0.5857863315572938,-0.31876796404692154,0.15801483939830918,-0.08774873075350509,21,1.0439712248355133,1.3850162295262454,0.7537610048025293,0.657396328539319,0.9713121547669142,-0.028687845233085763,0.34260367146068105,True,3.1486868441890223
2.3928478015433763,0.5676372290574752,-0.19979357651577145,0.07501628836197904,-0.467207377969893,21,1.082975813516269,2.5189526553605788,0.42993099183964023,0.8061386427815925,0.8913068726912802,-0.10869312730871983,0.19386135721840747,True,1.788184882182128
7.12151149271308,1.1091798908765476,-0.11419101252383834,0.31991595156557595,0.06636301384856624,21,3.1887508997240035,1.250672867157619,2.5496282708771147,0.8273987077672418,1.4583235218377872,0.45832352183778724,0.17260129223275822,True,45832357.90299416
2.834962077546372,0.3405359273209183,-0.28376349037564275,0.05389569378866199,-0.4104099326526607,21,1.4515180087987216,1.8467311299611868,0.785993144995194,0.7509066887489964,0.8552994679646,-0.1447005320354,0.24909331125100365,True,2.742526741098811
6.709463160977205,0.3405097066149994,0.21372866382336142,0.2156445333475573,-0.4507372631973696,21,0.7916181254541932,0.64430483110286,1.228639127381951,1.511020816951465,1.9112526682399065,0.9112526682399065,0.511020816951465,True,91125271.71925092
7.783214435677873,0.9971868609839077,-0.09733802682091158,0.3363984741181507,-0.3238405120773289,21,3.003882459166455,0.9876774484233012,3.041359771817979,0.9824958683977595,1.6893342082813234,0.6893342082813234,0.017504131602240514,True,68933426.70844987
3.873694117283199,0.8544561746226019,-0.2722788304890925,0.2359899392355409,-0.43262557040609617,21,1.5505607889104858,2.012814238985576,0.7703447038868038,0.7485279919262886,1.0336373904958365,0.03363739049583647,0.2514720080737114,True,3363741.7741987035
7.334659823100479,0.8613074791354841,0.23672455399165238,-0.2863222030018426,0.47075902861630514,21,1.2255321996736337,1.7941586202977158,0.6830679215365437,0.6284527050370313,0.9459604325798621,-0.054039567420137935,0.3715472949629687,True,3.1587577310277286
5.540931117989759,0.5217224342140949,0.0894940014909556,0.3381505936922088,-0.42113912149161037,21,1.5828309786192913,0.5058303623726068,3.1291735260710585,1.6265760877625877,2.2815075851068944,1.2815075851068944,0.6265760877625877,True,128150767.60362324
3.6741209696960446,0.47114224808175464,-0.10890892487762668,0.24227012936399972,-0.2437272147438142,21,0.6895522600673099,1.2488997160559814,0.552127805941787,1.044888702462115,1.1755145882051452,0.1755145882051452,0.04488870246211496,True,17551460.096581142
6.914733158754109,0.42252820070452063,0.19238143116666828,-0.24891380738170704,0.4192055735540039,21,1.5210141531725392,1.0416863599368815,1.4601459821982323,0.8001652016006406,1.0879070062953855,0.0879070062953855,0.19983479839935936,True,8790704.40981366
6.718794184367417,0.6948794401054516,-0.2801862910361188,0.13014222930824726,0.21487392302247887,21,1.2752539110680234,1.421072541716913,0.8973883272188806,0.5816261999171286,0.9076548597366646,-0.0923451402633354,0.4183738000828714,True,3.8011006184982197
3.653303854015615,0.7420388175890381,-0.14159322424954413,-0.06895911406320648,-0.4980233927851342,21,0.7649168132569528,2.408519248509724,0.3175880008973342,0.7053016935441044,0.8187423100253056,-0.18125768997469438,0.29469830645589556,True,2.0783929291363687
2.7988520339362744,0.4825827311319607,-0.22152788761374334,-0.02924474781316705,-0.3990310473906382,21,1.3606465087675483,2.4117854818685887,0.5641656436680077,0.7316333280022224,0.8215931911074363,-0.17840680889256366,0.26836667199777764,True,2.4163846180629127
2.014770216497201,0.6886127441721727,0.003797821852328298,-0.0849537514333904,0.49443746814105927,21,0.7735041871229869,0.8591223858671921,0.9003422560596149,0.8211814885889674,1.1705620677527504,0.1705620677527504,0.17881851141103255,True,17056209.384225484
3.8471428279274202,0.23202789104724736,0.32662454135425,0.042618975066535836,0.4291558988304115,21,1.3022380954602804,1.2018467734094522,1.0835308828645716,1.310646770975982,1.7164403866659501,0.7164403866659501,0.3106467709759819,True,71644042.28360125
5.637622353488904,1.0339605388048487,0.015697024536058646,-0.045289319818836216,-0.3461914159430294,21,1.2672482538500944,2.0372038453862724,0.6220527497629048,0.6828145413630938,0.8399472950208711,-0.16005270497912893,0.31718545863690617,True,2.770734578683615
3.5207000424172055,1.0947184936358298,-0.32473813989338424,-0.0751394437588791,0.2873664721420791,21,1.076938610466452,2.569883060952787,0.4190613288322838,0.43602590932256335,0.7360219105627204,-0.26397808943727963,0.5639740906774366,True,3.618045392185638
3.709158136563064,0.1449290237309053,0.3265224073039765,-0.060815053587057466,-0.305439325003495,21,1.9292973813009744,0.5046838208630869,3.822784288986279,1.2304708218707263,1.5543998943959811,0.5543998943959811,0.23047082187072632,True,55439997.87310752
2.779597591634451,0.7425711571334256,-0.003830294517182531,0.09794784151210895,-0.23970634652017464,21,0.4030172599153743,2.2485653594513293,0.179233064416555,0.9257407324211792,0.950915225950993,-0.04908477404900702,0.07425926757882084,True,0.7126767764565906
4.374973000784907,0.9104115222016853,-0.01859977610960384,0.31847534986093373,-0.4934743962043019,21,2.0306962168433165,1.6125701743596057,1.259291687972438,1.057804065685141,1.2787180360616595,0.27871803606165946,0.05780406568514107,True,27871806.293725576
5.334787723062544,0.366019964775498,0.12416191004251365,-0.29008255335298316,0.1658905391030383,21,2.0212301160177955,0.45562446853508876,4.436175525244285,0.8031250555866369,1.107962873164147,0.1079628731641471,0.19687494441336306,True,10796296.750254665
2.5161355057471013,0.3462898497581133,0.12396998756045857,-0.045343448765691796,0.40277623672833474,21,1.280899336304636,1.0023172883543574,1.2779379854932613,1.0343523035344226,1.380814238603858,0.380814238603858,0.034352303534422646,True,38081426.46620172
7.928303947622758,0.23334980147808604,-0.2208405577428614,-0.2604784553549995,-0.3534140902524785,21,1.9402265690002813,0.024638728984039182,78.74702344658883,0.28363117577079494,12.449046387874395,11.449046387874395,0.716368824229205,True,1144904792.3566391
7.080702149888852,0.8669301388323701,-0.02162794861285544,-0.274433096984466,-0.3322591330854533,21,0.9807409958850497,2.123688588320619,0.46181017371318317,0.5157981701223355,0.7706371665965805,-0.22936283340341945,0.48420182987766447,True,3.300606673137756
4.482059891173348,0.6506015684507537,-0.3256753718346789,-0.08220301606853048,-0.31193587906805154,21,0.951571223040486,2.2262539579872884,0.4274315693528435,0.5159392192006558,0.748298318046553,-0.251701681953447,0.4840607807993442,True,3.2344214167230603
3.62250677808732,0.7998182879241267,-0.0914934715687084,0.32793826062609843,-0.1836465266366396,21,1.8560119565670197,1.344961086688316,1.3799744653855073,1.057483112711306,1.304039668104027,0.30403966810402694,0.05748311271130602,True,30403969.726218827
6.735212224876986,0.3821147106206114,0.07536066378912659,-0.13233901064210063,-0.3791036116181494,21,1.0926778856145392,1.498654199871065,0.7291060777786806,0.8384295274139529,0.9248240477176107,-0.07517595228238927,0.16157047258604706,True,2.1965612677346895
3.2042305146503,1.0208151626064668,-0.21216029054038626,-0.308124028725917,-0.08718160626582261,21,1.2486448965281656,2.950523091502485,0.42319441597466784,0.5013327518564311,0.7507484260565916,-0.24925157394340836,0.4986672481435689,True,3.2993833603880436
4.8702747709289165,0.5499602741988073,0.3219263865205455,-0.06108034341704882,0.16465441751557375,21,0.9110299215327176,1.6248173093313014,0.5606968342229531,1.1549120229529566,1.2462498191967935,0.24624981919679345,0.15491202295295659,True,24624983.76218377
2.619395639601149,0.1330300594393577,-0.014162812959428728,-0.3237148734841249,-0.3488227629105992,21,2.55898706824911,0.2704442975970758,9.462159457551747,-1.314763567001633,3.912839932594566,2.912839932594566,2.3147635670016333,True,291284022.85559726
4.043794250866968,0.9939916952379264,0.19046544412250765,0.060742145274093884,-0.4717954235963223,21,1.1348704667833207,2.1218776515330395,0.5348425560556641,1.011880370782469,1.0587468883743107,0.058746888374310746,0.011880370782469063,True,5874689.915533283
4.779057806453314,0.8966493495282006,-0.08601340258557122,0.30780284377746026,0.4442849130610246,21,2.51275314111159,1.0760798705086827,2.3350991036787683,1.0129061985299295,1.4765821631088512,0.47658216310885115,0.012906198529929469,True,47658220.823017105
