delta,t_hh1,t_th2,t_hh3,t_tt1,nk,bandwidth_low,gap_low_mid,flatness_ratio,chern_low,quantum_weight_low,trace_violation,trace_violation_abs,chern_error,chern_mag_error,is_gapped
5.417475728155339,0.35145631067961164,0.013592233009708738,0.08349514563106795,-0.08932038834951456,21,0.09032805414327116,1.3477900545435415,0.06701938023564266,-1.000000000000006,1.0123624305737695,2.0123624305737753,2.0123624305737753,5.995204332975845e-15,5.995204332975845e-15,True
4.760677997054242,0.20265744498795626,0.017560960641154165,0.04426747237618599,-0.11432890812785115,21,0.7335409221401876,1.474315674232614,0.49754671605319395,-1.0000000000000007,1.0135257259232227,2.0135257259232233,2.0135257259232233,6.661338147750939e-16,6.661338147750939e-16,True
5.917481061950033,0.326266119577461,0.06565311942312804,0.0684655770642398,-0.08325461608845836,21,0.21200773842346154,1.1520906455651732,0.18402001547322552,-1.0000000000104334,1.0288878550018923,2.028887855012326,2.028887855012326,1.0433431896217371e-11,1.0433431896217371e-11,True
5.839820887946827,0.3697066147778765,0.08799084045726013,0.0847814775793868,-0.08835623473386346,21,0.36706192802356985,1.118428798460713,0.3281942744399599,-1.0000000001256455,1.05483743346048,2.0548374335861253,2.0548374335861253,1.2564549400906344e-10,1.2564549400906344e-10,True
5.488648472605147,0.38246753446675114,0.023014013703575677,0.11641579118090722,-0.03372825948964625,21,0.2700189372839856,1.2683121307953091,0.21289628217516715,-0.9999999999752597,1.0369190805794057,2.0369190805546653,2.0369190805546653,2.474032090304945e-11,2.474032090304945e-11,True
5.835081147318996,0.45904465731282307,0.008198416051439856,0.0985164455006624,-0.05715104753460446,21,0.3969184641714396,1.2757648442690166,0.3111219641726878,-0.9999999999983047,1.032599196471066,2.032599196469371,2.032599196469371,1.695310558602614e-12,1.695310558602614e-12,True
6.3464101280082925,0.3568870587726465,0.0105082833013289,0.07854568492060565,-0.1449802723595029,21,0.10526245013912394,1.2333239583830582,0.08534858130634844,-0.999999999999882,1.0150591115130607,2.015059111512943,2.015059111512943,1.1801670751765414e-13,1.1801670751765414e-13,True
5.993204112127,0.4470939752687051,0.0017752337294827392,0.07432077455392934,-0.04970253181239323,21,0.30389687341531313,1.2620215522652074,0.2408016510255688,-1.0000000000074567,1.0232122317574666,2.0232122317649233,2.0232122317649233,7.456701922592401e-12,7.456701922592401e-12,True
5.22669363206131,0.33528488915212756,0.030795232514594005,0.08584797001735135,-0.0957703211635331,21,0.14201813984842349,1.34522625571474,0.10557193575809817,-0.9999999999999846,1.0151756432393069,2.0151756432392913,2.0151756432392913,1.5432100042289676e-14,1.5432100042289676e-14,True
5.427779564370794,0.320592060241743,0.03815732311131191,0.09668449148729982,-0.10842392537202107,21,0.11266719465977015,1.2962793560062027,0.08691582885875337,-0.9999999999991697,1.0220997282676718,2.0220997282668414,2.0220997282668414,8.303358001171546e-13,8.303358001171546e-13,True
5.598330003584672,0.4019961599890465,0.0019538959278376546,0.07661271792495734,-0.08663987465290678,21,0.12197313648626884,1.3419692738581213,0.09089115441190375,-0.9999999999999227,1.0127467777997725,2.0127467777996952,2.0127467777996952,7.72715225139109e-14,7.72715225139109e-14,True
6.186134905558007,0.2900830495672422,0.011430387349316154,0.060426705434606584,-0.1482840793174348,21,0.2052996407989487,1.256828905804495,0.16334732583790837,-0.9999999999999997,1.0045300139047628,2.0045300139047626,2.0045300139047626,3.3306690738754696e-16,3.3306690738754696e-16,True
5.593196320700504,0.32458878014300413,0.013002806984097361,0.01750759002209034,-0.055023851683903606,21,0.40309509347744643,1.3026036163662105,0.3094533812227045,-1.000000000001634,1.0110431308504673,2.0110431308521015,2.0110431308521015,1.6340262476433054e-12,1.6340262476433054e-12,True
5.443357685836729,0.33611177881316945,-0.00479072906236061,0.09099582350274014,-0.10779410713143436,21,0.11343054103915118,1.3535771200402236,0.0838005750538842,-0.999999999999607,1.0118671865489643,2.0118671865485713,2.0118671865485713,3.930189507173054e-13,3.930189507173054e-13,True
5.316537420370905,0.34839951171107025,-0.02891968067746469,0.1007578129687851,-0.09202961525984879,21,0.1732320210853624,1.3375928304117441,0.1295102793217255,-0.9999999999970431,1.0157575630241844,2.0157575630212277,2.0157575630212277,2.9568569814841794e-12,2.9568569814841794e-12,True
5.753626577456807,0.39789511686786416,0.01821922407378026,0.12312335544129403,-0.17839007202910026,21,0.3282029756012934,1.263377491870163,0.2597821931396438,-0.9999999999309863,1.0389613688717119,2.038961368802698,2.038961368802698,6.901368365674898e-11,6.901368365674898e-11,True
5.555879503803856,0.28448968898658245,-0.012752210650406881,0.09073755445024326,-0.08638379556795046,21,0.2564424629788702,1.235510941462659,0.2075598478110448,-0.9999999999982614,1.0167764584727268,2.0167764584709884,2.0167764584709884,1.7386092565629951e-12,1.7386092565629951e-12,True
5.327258064202371,0.2926186233310036,0.016324631364942353,0.10268226935955789,-0.05864373104636264,21,0.15539663971314055,1.2119007721673518,0.12822554724115792,-0.9999999999831017,1.0233648233538308,2.023364823336933,2.023364823336933,1.6898260568609658e-11,1.6898260568609658e-11,True
5.119920041125585,0.37754809783035775,0.015165216723007425,0.10452956442351173,-0.07665893167261513,21,0.14590780809759774,1.3899967198022791,0.1049698938270534,-0.999999999999075,1.0209643100109933,2.0209643100100685,2.0209643100100685,9.250378241176804e-13,9.250378241176804e-13,True
5.660485154321009,0.38936139849598883,0.008758747805386498,0.08739023851861671,-0.08079823512711025,21,0.14710119353044004,1.313635350556464,0.11198023368366807,-0.9999999999998269,1.0172461924965963,2.0172461924964233,2.0172461924964233,1.730837695390619e-13,1.730837695390619e-13,True
5.7541119182438605,0.34697189494757646,0.00733903499329016,0.1065126263899753,-0.07530635767958388,21,0.16532597328378484,1.230247476415993,0.13438432222224037,-0.9999999999791561,1.0256335722093752,2.0256335721885312,2.0256335721885312,2.0843882175825e-11,2.0843882175825e-11,True
5.67508913184637,0.34222656690032177,-0.023041686910431618,0.1053703841453809,-0.07732138746278333,21,0.16640862104022425,1.2401475993680786,0.1341845286198339,-0.9999999999789951,1.021232382477816,2.021232382456811,2.021232382456811,2.100486451439565e-11,2.100486451439565e-11,True
5.342462310057783,0.404600037958848,-0.003723211682635558,0.12385588589442058,-0.06190558439710678,21,0.3187672292027053,1.2996329226326873,0.24527481849026522,-0.9999999999273921,1.032019190873295,2.0320191908006873,2.0320191908006873,7.260791967667046e-11,7.260791967667046e-11,True
5.54413051037563,0.3737628160699667,0.03225505672526215,0.057604625071290314,-0.11041377556097051,21,0.1513222175503086,1.2951353301172501,0.1168389233398561,-0.9999999999990676,1.0157387093990755,2.015738709398143,2.015738709398143,9.323652960802065e-13,9.323652960802065e-13,True
5.571609690832972,0.31651304876266817,-0.0005688067190499687,0.06278169542972756,-0.0857357267216387,21,0.21377469225987578,1.3516589248370618,0.15815727498388368,-1.0000000000000004,1.004373441318511,2.0043734413185117,2.0043734413185117,4.440892098500626e-16,4.440892098500626e-16,True
5.363115148186618,0.35985029515321026,-0.007269767855399331,0.06131899992189883,-0.10351999844248735,21,0.1520595176441648,1.4124290463452298,0.10765816381193141,-0.9999999999999972,1.0035464706118964,2.0035464706118935,2.0035464706118935,2.7755575615628914e-15,2.7755575615628914e-15,True
5.4640659563836875,0.3577036393287347,-0.0019449314951315768,0.006199878111689146,-0.1453058322278021,21,0.44042750326780844,1.4045495138812774,0.3135720734050509,-1.0000000000037788,1.0093999348990996,2.0093999349028784,2.0093999349028784,3.778755086614183e-12,3.778755086614183e-12,True
5.897491824319779,0.3682621613903,0.02677402339023137,0.08576986686539685,-0.09784891918237448,21,0.16033808011828166,1.2447013219896808,0.12881650986115925,-0.9999999999992789,1.0219620687995168,2.021962068798796,2.021962068798796,7.210898544940392e-13,7.210898544940392e-13,True
5.302253610424696,0.3992588164477705,0.0630771189493263,0.060555794610996506,-0.06636335059134067,21,0.3108044642745478,1.2445991886886618,0.24972253485237964,-0.9999999998203655,1.03582670241286,2.0358267022332255,2.0358267022332255,1.7963452947356018e-10,1.7963452947356018e-10,True
5.526482555886249,0.35279976601389235,0.021007088166489406,0.10510540981739885,-0.10136038151282867,21,0.1478814641418873,1.2912326375719028,0.11452735923711692,-0.9999999999948465,1.0247522024578684,2.024752202452715,2.024752202452715,5.153544258007514e-12,5.153544258007514e-12,True
5.839514537850588,0.3202771660408078,0.026914853375401532,0.015697415982745988,-0.12176908206862137,21,0.40643365496621,1.2646195693946543,0.3213880797058683,-1.0000000000082963,1.0126096370193565,2.0126096370276527,2.0126096370276527,8.296252573813945e-12,8.296252573813945e-12,True
5.519679217955903,0.3391459109355247,-0.011506510740933262,0.09554484324793024,-0.08189056776778404,21,0.12175324896816919,1.3139655145757236,0.09266091660516906,-0.9999999999982321,1.0145630073944896,2.014563007392722,2.014563007392722,1.7679191444130993e-12,1.7679191444130993e-12,True
5.186678837521263,0.4802513826590314,0.03200656062930168,0.09891206152873541,-0.1481854328112741,21,0.35954730337479646,1.377943029188504,0.26093045630960554,-1.0000000000109572,1.0337023654569462,2.0337023654679034,2.0337023654679034,1.095723511923552e-11,1.095723511923552e-11,True
5.644013420420759,0.3635391140628135,0.02650531251098681,0.06647688052661464,-0.11050242862778614,21,0.11792167971581535,1.2915194080011654,0.09130461298937673,-1.000000000000611,1.0137901552327402,2.0137901552333513,2.0137901552333513,6.110667527536862e-13,6.110667527536862e-13,True
5.5705408135182175,0.36165036478688084,0.028583725582176846,0.07140917060684865,-0.09830215320825328,21,0.12155761704286827,1.2929493720649825,0.09401575937093916,-1.0000000000003801,1.0151147771032547,2.015114777103635,2.015114777103635,3.801403636316536e-13,3.801403636316536e-13,True
5.175096602319841,0.3263255134421873,0.06832234344835489,0.07550872038454148,-0.1665689577565023,21,0.2312218991244408,1.3060705753852322,0.1770362976412976,-1.0000000000010392,1.0209485762364894,2.0209485762375285,2.0209485762375285,1.0391687510491465e-12,1.0391687510491465e-12,True
5.594412711086782,0.3743639439987647,-0.004759612023160597,0.03436389503522903,-0.11576885661000794,21,0.21999505170164868,1.3725584913753623,0.1602810030202824,-0.9999999999997924,1.0055234774912292,2.0055234774910216,2.0055234774910216,2.0761170560490427e-13,2.0761170560490427e-13,True
5.671093286010988,0.3048000154585434,0.035492037396146155,0.07621715855944679,-0.086352224481836,21,0.17486999120735303,1.255675215845574,0.13926371166734805,-0.9999999999999458,1.0142944297082868,2.0142944297082326,2.0142944297082326,5.417888360170764e-14,5.417888360170764e-14,True
5.236738782461367,0.30633885035855185,0.009658370371345657,0.08148013273367331,-0.08266270919501105,21,0.22145853018686812,1.3765287155423993,0.16088188185715102,-0.9999999999999666,1.0098110592646075,2.009811059264574,2.009811059264574,3.341771304121721e-14,3.341771304121721e-14,True
5.301284344355853,0.3392944154008986,0.011560238707279003,0.08861156048375977,-0.09442387303950266,21,0.10205573490552755,1.3753509050641912,0.07420341567359083,-0.9999999999999309,1.0125259380644402,2.012525938064371,2.012525938064371,6.905587213168474e-14,6.905587213168474e-14,True
5.5977988546645445,0.3799409083648748,-0.00789906887385368,0.09030211382022436,-0.11998559992995683,21,0.10336224568218744,1.381265486374796,0.07483155606346692,-0.9999999999999434,1.0121994218588248,2.012199421858768,2.012199421858768,5.6621374255882984e-14,5.6621374255882984e-14,True
5.52979467890223,0.3181205001036518,0.02057352888261787,0.0766407370551218,-0.09469115644522916,21,0.15770538212899599,1.3157792191982383,0.11985702451289112,-1.0000000000000018,1.0105134301986516,2.010513430198653,2.010513430198653,1.7763568394002505e-15,1.7763568394002505e-15,True
4.5373589056860535,0.33727962461919264,0.019418566830262437,0.08563581067704047,-0.07748486547389813,21,0.22806594377798595,1.4926692153191237,0.15279067956742634,-1.0000000000000002,1.0103751396952436,2.0103751396952436,2.0103751396952436,2.220446049250313e-16,2.220446049250313e-16,True
5.522672700354395,0.3515088543771249,0.02288997415054235,0.09042518751833917,-0.09165830118663779,21,0.10840485104917819,1.3102684187604672,0.08273484233996171,-0.9999999999999802,1.0179817414933034,2.0179817414932835,2.0179817414932835,1.9761969838327786e-14,1.9761969838327786e-14,True
5.710705962701193,0.36141117467901607,0.04637812575410295,0.024621834762514852,-0.08336151259615832,21,0.2961234779522379,1.2243256422438138,0.24186659801516067,-1.0000000000068106,1.0252279114938312,2.0252279115006417,2.0252279115006417,6.81055212226056e-12,6.81055212226056e-12,True
5.623840440780835,0.3692120947097288,0.02487944655999498,0.030257162956660408,-0.0853571196223804,21,0.2520747223360762,1.2861251659402808,0.19599548240842127,-0.99999999999048,1.0156254387575647,2.0156254387480446,2.0156254387480446,9.520051413858255e-12,9.520051413858255e-12,True
5.150387116954713,0.30336363365423685,0.003253969451758444,0.10017178855960415,-0.10235078019921477,21,0.21558247342727332,1.2893541510183475,0.16720190744878255,-0.9999999999961208,1.017745917293071,2.017745917289192,2.017745917289192,3.8792302703427595e-12,3.8792302703427595e-12,True
5.140947083961409,0.33320000070760564,0.002693652976899148,0.12277766063536028,-0.11796195258332771,21,0.17591856946309137,1.2269408159611817,0.1433798331383061,-0.9999999998636551,1.031043597154873,2.0310435970185283,2.0310435970185283,1.36344935341981e-10,1.36344935341981e-10,True
5.511070854808139,0.3123779978527035,0.022037450653912063,0.08915417927804287,-0.131964747202373,21,0.12998097005951892,1.3169751560741574,0.09869659990169156,-0.9999999999997257,1.0141034975938352,2.014103497593561,2.014103497593561,2.743361093848762e-13,2.743361093848762e-13,True
5.271774638351657,0.3340168552307091,0.02554320669671644,0.09234767050593105,-0.09288198857801519,21,0.11286036048797676,1.3477727799523702,0.08373841805290444,-0.9999999999998672,1.0167044995674328,2.0167044995673002,2.0167044995673002,1.3278267374516872e-13,1.3278267374516872e-13,True
5.676552886170078,0.35808278975372,0.006414980905008439,0.05774222217385686,-0.08707522487232969,21,0.13302334799050786,1.3192884567115089,0.1008296156263545,-1.0000000000000697,1.0073204681633128,2.0073204681633827,2.0073204681633827,6.972200594645983e-14,6.972200594645983e-14,True
4.776851538810909,0.3585049526536608,0.007430931119796397,0.049532105830647204,-0.10117860099491445,21,0.2980025320718451,1.4875035983202123,0.20033735206312733,-1.0000000000000009,1.0042808967717192,2.00428089677172,2.00428089677172,8.881784197001252e-16,8.881784197001252e-16,True
5.484642587563235,0.32937256099093,0.038254499755281286,0.053900301568819045,-0.11658563083569404,21,0.24423644256166943,1.2947265480955485,0.18863940259889164,-1.0000000000000775,1.011438561212304,2.0114385612123815,2.0114385612123815,7.749356711883593e-14,7.749356711883593e-14,True
5.212709366915403,0.3475631850764685,0.07884457278439339,0.10194753474704722,-0.11168284986565966,21,0.2369063129495097,1.2469042063123754,0.18999560010318847,-0.9999999999950109,1.0423075893206801,2.042307589315691,2.042307589315691,4.9891202280605285e-12,4.9891202280605285e-12,True
5.395950886573571,0.3497868095337577,0.0059581809307646125,0.09132931078708449,-0.07913806720367336,21,0.08683212383942407,1.3635349020456917,0.06368162905779022,-0.9999999999998257,1.0139113676336748,2.0139113676335008,2.0139113676335008,1.7430501486614958e-13,1.7430501486614958e-13,True
5.38815502870147,0.32700328012599444,0.0012804520841253192,0.06321009721484168,-0.08432955290283801,21,0.2076892573897986,1.3782310567513845,0.15069262615467469,-1.0000000000000002,1.0045507504842526,2.0045507504842526,2.0045507504842526,2.220446049250313e-16,2.220446049250313e-16,True
5.4361579965583955,0.3542958051435546,-0.023200572958467308,0.06307928898647507,-0.09232342382213791,21,0.1778642758456559,1.4299895582357447,0.12438152070501596,-0.9999999999999996,1.0024322208810728,2.0024322208810723,2.0024322208810723,4.440892098500626e-16,4.440892098500626e-16,True
5.260983099307484,0.37625876390629887,0.015612192713910449,0.10929142525831395,-0.09604485641778089,21,0.1663625777096276,1.3521349172322161,0.12303696590438425,-0.9999999999957904,1.024164131869366,2.0241641318651564,2.0241641318651564,4.209632642471206e-12,4.209632642471206e-12,True
5.550334174936158,0.40244182499817893,0.032762235647317846,0.06977283948662866,-0.10591382186903689,21,0.20664478232361838,1.2907417371053331,0.16009769916253572,-1.0000000000032907,1.0216401659727354,2.0216401659760264,2.0216401659760264,3.290701044988964e-12,3.290701044988964e-12,True
5.5262112590557235,0.3733857447438915,0.013922981050969329,0.09333939528517565,-0.060857003162488946,21,0.14743790090735254,1.3143752749543407,0.11217336761943753,-0.9999999999999795,1.0194057348308194,2.0194057348307988,2.0194057348307988,2.0539125955565396e-14,2.0539125955565396e-14,True
5.3022870972554195,0.36589247193856345,-0.057507943879830645,0.10182293653161323,-0.06629178135815113,21,0.22222617737784445,1.357868567457782,0.16365809085182595,-0.9999999999978977,1.0175171682151207,2.0175171682130184,2.0175171682130184,2.1023183194301964e-12,2.1023183194301964e-12,True
5.2581333896222935,0.3407054414512588,-0.016363474740589752,0.08226842163541312,-0.056454717304964944,21,0.15794617668131017,1.423378416601945,0.11096569600821804,-0.9999999999999706,1.0081100502505926,2.008110050250563,2.008110050250563,2.942091015256665e-14,2.942091015256665e-14,True
5.469303270990979,0.29931354675485233,0.004116455451371929,0.0456985010479335,-0.08232290345390277,21,0.3271500438135022,1.3567352984428598,0.24113034000735145,-1.0000000000000002,1.0034703794276212,2.0034703794276214,2.0034703794276214,2.220446049250313e-16,2.220446049250313e-16,True
5.533679905865791,0.3558871033217448,0.017931009079111167,0.0751589651209407,-0.0793205228105653,21,0.10450443373531026,1.313364594681617,0.07957000984988788,-0.9999999999999168,1.012484538211889,2.012484538211806,2.012484538211806,8.315570454442422e-14,8.315570454442422e-14,True
5.768637063473648,0.3835889675150513,-0.022393515743825802,0.06616370961540613,-0.07522855274248769,21,0.04918451314931316,1.3623692484539724,0.0361021897735347,-0.9999999999999977,1.0050066649178129,2.0050066649178104,2.0050066649178104,2.3314683517128287e-15,2.3314683517128287e-15,True
5.53809485126253,0.3325013252699804,-0.006061941909221763,0.08121562122413578,-0.14638253866323206,21,0.16023132430979836,1.3982099380302837,0.11459747206168687,-0.9999999999999784,1.0074551409379369,2.0074551409379153,2.0074551409379153,2.1649348980190553e-14,2.1649348980190553e-14,True
5.423248624592932,0.298173439454656,-0.004572370171054543,0.09158229981186766,0.010567967225991098,21,0.16793579154972615,1.2466785271252072,0.13470657262139554,-0.9999999999973225,1.0178472352588464,2.017847235256169,2.017847235256169,2.67752486848849e-12,2.67752486848849e-12,True
5.612117950583698,0.46229136301082485,0.02444514473482881,0.09061835804966867,-0.09065139547872568,21,0.36812628009691917,1.2915721585589648,0.2850218453978179,-1.0000000000197613,1.0334248185928405,2.033424818612602,2.033424818612602,1.976130370451301e-11,1.976130370451301e-11,True
5.498457683551794,0.34687193389495063,0.02732506203761538,0.06885671310846866,-0.1129750505338917,21,0.14788030087469028,1.3151102149321414,0.11244707796777381,-1.0000000000000633,1.0115968885265565,2.0115968885266198,2.0115968885266198,6.328271240363392e-14,6.328271240363392e-14,True
5.200794015463176,0.3409464449870848,0.012220712248928702,0.051063424588875236,-0.08065160089210249,21,0.2526928270531934,1.3843729445024202,0.1825323357095929,-1.0000000000000133,1.0058685538588503,2.0058685538588636,2.0058685538588636,1.3322676295501878e-14,1.3322676295501878e-14,True
5.570467946653989,0.20622084645646221,0.020217271385457716,0.12963215580321935,-0.0925430173642758,21,0.30118319226623447,0.8760860294179775,0.3437826676294835,-0.999999995571027,1.0781035213706571,2.078103516941684,2.078103516941684,4.428972966152855e-09,4.428972966152855e-09,True
5.549477628425827,0.39352062254803405,0.04379278289011319,0.09293944060178191,-0.08496498193189404,21,0.2531464415985323,1.2561868031452064,0.2015197428954922,-1.0000000000004197,1.0322433784638823,2.032243378464302,2.032243378464302,4.1966430330830917e-13,4.1966430330830917e-13,True
5.230964132269006,0.3408890403028246,-0.009118609689569878,0.07699383932445736,-0.10505271507556163,21,0.18795736763232895,1.4416060065141747,0.13038053863746915,-0.999999999999999,1.0057098309251271,2.005709830925126,2.005709830925126,9.992007221626409e-16,9.992007221626409e-16,True
5.593526327758176,0.3564517012823604,-0.0030901731348187272,0.12339595048184769,-0.10473961811397306,21,0.23842689643642268,1.1873799086930192,0.20080085126155245,-0.9999999997058135,1.0348973511351542,2.034897350840968,2.034897350840968,2.9418645297596413e-10,2.9418645297596413e-10,True
5.368918566492959,0.40177239405959786,0.04928626794116983,0.10077506941785999,-0.15648625488481202,21,0.2305400047421735,1.3100421653614804,0.17597907215342226,-0.9999999999980181,1.033178267352472,2.03317826735049,2.03317826735049,1.981859121258367e-12,1.981859121258367e-12,True
5.493952967319029,0.32377887465290023,0.0019061195768950295,0.08757640830065126,-0.08229548630934512,21,0.12343710415323272,1.3338276236573994,0.09254352058983763,-0.9999999999997476,1.0120113121479295,2.0120113121476773,2.0120113121476773,2.523536934972981e-13,2.523536934972981e-13,True
5.8002526218741,0.37789821550188973,-0.038290012097849345,0.12862409815679565,-0.08638159758573842,21,0.35047813278120454,1.1611147292263546,0.3018462551196181,-0.999999999291588,1.0393546020535205,2.0393546013451083,2.0393546013451083,7.084119957312396e-10,7.084119957312396e-10,True
4.634305646752746,0.3900732826152344,0.010732609919133839,0.07137562776036642,-0.10962642578025111,21,0.16444830438756775,1.5136233761274076,0.10864545763577417,-0.9999999999999996,1.0068232579735374,2.006823257973537,2.006823257973537,4.440892098500626e-16,4.440892098500626e-16,True
4.614824928760772,0.3960067813789094,-0.0010912415669251385,0.04956353355254317,-0.06914656167714697,21,0.23564794237333397,1.521346201710041,0.15489435745030175,-0.9999999999999908,1.005421677458767,2.0054216774587577,2.0054216774587577,9.2148511043888e-15,9.2148511043888e-15,True
4.678171680262111,0.22343917761633714,0.014344409613090066,0.052497373072382385,-0.06653315703152396,21,0.6420894293350846,1.4698990814012418,0.436825519152639,-1.0,1.012977801283594,2.012977801283594,2.012977801283594,0.0,0.0,True
5.692718504171018,0.3462276514030309,0.015000426742935464,0.0032191443721854463,-0.09569669718251715,21,0.4337938799547898,1.3018358492723892,0.3332170336200544,-1.0000000000548996,1.016244737208222,2.0162447372631216,2.0162447372631216,5.489964038929429e-11,5.489964038929429e-11,True
5.282945579180945,0.3642785608902134,0.0311794158478933,0.05171621124955688,-0.0752390289025961,21,0.21487052232866555,1.3238408053846658,0.16230842972560516,-0.9999999999983802,1.0140792008957267,2.014079200894107,2.014079200894107,1.6198153929281034e-12,1.6198153929281034e-12,True
5.2411146644975775,0.33862971610875797,0.018752195904235658,0.1314319791348553,-0.039362231394809946,21,0.221741107889603,1.145772395955596,0.1935298045862474,-0.9999999990095317,1.0453803776986412,2.045380376708173,2.045380376708173,9.904682629624517e-10,9.904682629624517e-10,True
5.38434716037297,0.3343494201020207,0.011194868391487122,0.07732669339761288,-0.12055365833153911,21,0.1438043212770872,1.3753604493700315,0.10455755168978079,-1.0000000000000042,1.008108970444911,2.0081089704449155,2.0081089704449155,4.218847493575595e-15,4.218847493575595e-15,True
5.708732935443797,0.33280239762482244,0.003688042777742633,0.08707104369332293,-0.07604035325674875,21,0.07907286141148995,1.3146927400766835,0.06014550700787911,-0.9999999999997936,1.0132234952554582,2.013223495255252,2.013223495255252,2.063904602778166e-13,2.063904602778166e-13,True
5.099585125487615,0.5105186732546487,0.039068913747753405,0.07045214265355705,-0.1058170342355919,21,0.4199535933146612,1.3542899042709986,0.31009135635602203,-0.9999999995867681,1.03895370780493,2.0389537073916983,2.0389537073916983,4.1323189314823594e-10,4.1323189314823594e-10,True
5.275111037972148,0.34240011246096774,4.5348145049169467e-05,0.07880899626602098,-0.0985183177449669,21,0.14507875379311108,1.4087060799740772,0.10298724187786625,-0.9999999999999998,1.0073135661665717,2.0073135661665713,2.0073135661665713,2.220446049250313e-16,2.220446049250313e-16,True
5.5758895776254045,0.3429837752929045,0.027741591255152402,0.08367698156125189,-0.07087769721089722,21,0.10232475462685398,1.280531238146633,0.07990805032991848,-0.9999999999998535,1.0174695672467726,2.017469567246626,2.017469567246626,1.4654943925052066e-13,1.4654943925052066e-13,True
5.171339956249776,0.3888491419263528,0.011705370904202683,0.07473891874996753,-0.08102555054581924,21,0.09233566003047722,1.3910572230919684,0.0663780457753121,-0.999999999999988,1.0112831367313646,2.0112831367313526,2.0112831367313526,1.199040866595169e-14,1.199040866595169e-14,True
5.479704600031735,0.23826242750074952,0.012126491020753931,0.06975391232216915,-0.0917422765462765,21,0.41765604058999695,1.2799107993458954,0.3263165220603202,-0.9999999999999882,1.0105464248919866,2.0105464248919747,2.0105464248919747,1.176836406102666e-14,1.176836406102666e-14,True
5.335841411738383,0.25694211089384816,0.006750154818254558,0.052961729677954913,-0.09245856161028557,21,0.44949854931977495,1.3792100710351836,0.3259101414350884,-0.9999999999999996,1.0055321343551156,2.005532134355115,2.005532134355115,4.440892098500626e-16,4.440892098500626e-16,True
5.277047349398804,0.33137780857204296,0.0390787562527444,0.08443529334523826,-0.10419081884527036,21,0.15438042029523547,1.3219483364436917,0.11678249144785038,-0.9999999999999039,1.0168139023572949,2.0168139023571987,2.0168139023571987,9.614531393253856e-14,9.614531393253856e-14,True
5.111177319367705,0.3390373042544201,-0.005316924871290046,0.10764575002737092,-0.08912786804702248,21,0.1464442264531205,1.315774412656644,0.11129888607382095,-0.9999999999907614,1.0195122846646223,2.0195122846553835,2.0195122846553835,9.238609877115778e-12,9.238609877115778e-12,True
5.227364672330848,0.3269770771385464,0.0379638081415673,0.092435297955741,-0.07208670153571137,21,0.14079198005391635,1.3164125193741232,0.10695126184370737,-0.9999999999999275,1.0204931883344908,2.0204931883344184,2.0204931883344184,7.249756350802272e-14,7.249756350802272e-14,True
5.375420936238727,0.367638669444698,-0.015397236663654813,0.09295173047835321,-0.08649401592124457,21,0.1037192570498584,1.4048443429557287,0.07382971470820589,-0.9999999999997361,1.0115193993402811,2.0115193993400173,2.0115193993400173,2.639000129533997e-13,2.639000129533997e-13,True
5.505267883422111,0.24315226361563747,0.022772451895780716,0.10746477360929882,-0.06780582363313058,21,0.2497124646103286,1.0689203885812804,0.23361184544506472,-0.9999999998585419,1.0349070287480198,2.0349070286065616,2.0349070286065616,1.4145806748189216e-10,1.4145806748189216e-10,True
5.441323730028097,0.3488271450172646,-0.002565962334954817,0.023657258863813875,-0.11773193709951492,21,0.35780629848430623,1.3952897958636508,0.25643869792857815,-1.0000000000000897,1.0052850486214828,2.0052850486215723,2.0052850486215723,8.970602038971265e-14,8.970602038971265e-14,True
5.397974720666933,0.3599930783538732,0.05583451158313113,0.08029044843272697,-0.1104711140004111,21,0.19064618609575001,1.2667913200643277,0.1504953365847731,-1.0000000000033116,1.0260720769011515,2.0260720769044633,2.0260720769044633,3.311573237851917e-12,3.311573237851917e-12,True
5.430700257275396,0.3541669472012894,0.023885484033801124,0.10421336072006276,-0.09726467029422171,21,0.14328149766150577,1.312476219151892,0.10916883336300962,-0.9999999999970592,1.024246531846131,2.02424653184319,2.02424653184319,2.9407587476271146e-12,2.9407587476271146e-12,True
5.494750193252277,0.3667951601074415,-0.015981143486350942,0.07918351529666488,-0.08020442260454899,21,0.0670766506002558,1.3967913587820406,0.04802195415838239,-0.9999999999999976,1.0070837446828602,2.0070837446828578,2.0070837446828578,2.4424906541753444e-15,2.4424906541753444e-15,True
5.360933280629007,0.36275383575345244,-0.0061589379135873635,0.11355473672360009,-0.09709565075483244,21,0.16315427226639634,1.2878610707474132,0.12668623656098973,-0.9999999999710381,1.0238821968757748,2.023882196846813,2.023882196846813,2.896194395418661e-11,2.896194395418661e-11,True
5.376891787619444,0.37841223947575725,0.02017765568013092,0.06279777109927448,-0.07521242584075469,21,0.13195379955103514,1.3326104801468377,0.09901903183028804,-1.0000000000005065,1.012787857661518,2.0127878576620244,2.0127878576620244,5.064837438339964e-13,5.064837438339964e-13,True
5.406505015531609,0.2848140673753393,0.026758756365942524,0.07477803687750283,-0.07725000884577297,21,0.24307745525198232,1.3138157798515668,0.18501639193239472,-1.0000000000000004,1.0105812465393451,2.0105812465393456,2.0105812465393456,4.440892098500626e-16,4.440892098500626e-16,True
6.103097312267456,0.33684115858980423,0.004500081568451409,0.07047874207662402,-0.06821532228131262,21,0.08000573301859437,1.2480487830460618,0.06410465208205054,-0.9999999999999719,1.0097970680203268,2.0097970680202986,2.0097970680202986,2.808864252301646e-14,2.808864252301646e-14,True
5.350122370445148,0.3897970535071124,0.00611925857965695,0.020674866258577066,-0.06972131996024125,21,0.2857250569244525,1.3662140388358166,0.20913637892926762,-1.000000000005815,1.013018063929153,2.013018063934968,2.013018063934968,5.81490411377672e-12,5.81490411377672e-12,True
5.311169975130984,0.3105100151849071,-0.009816151868964824,0.08014821399683694,-0.08633411396795161,21,0.2463878947336955,1.380621934069485,0.17846152422586029,-0.999999999999962,1.0084162398437826,2.0084162398437444,2.0084162398437444,3.7969627442180354e-14,3.7969627442180354e-14,True
4.508367929604154,0.3201825844367576,0.05687423591923566,0.049607380666688045,-0.0967203413357061,21,0.4348811781526505,1.4198756115291475,0.30628118028191315,-0.9999999999995015,1.0146473357551014,2.014647335754603,2.014647335754603,4.984901380566953e-13,4.984901380566953e-13,True
5.37977906222117,0.3798850970208506,-0.010535236218732667,0.08468726338183764,-0.10989430261555885,21,0.06670209468851285,1.4203924514310542,0.046960327493510735,-0.9999999999999967,1.0086818182002038,2.0086818182002,2.0086818182002,3.3306690738754696e-15,3.3306690738754696e-15,True
5.229238598911656,0.35599927467525894,0.019301370802949098,0.09248870964679116,-0.0884969371561331,21,0.09548770731332668,1.367233306151834,0.06984009743156636,-0.9999999999999715,1.016063231616668,2.0160632316166396,2.0160632316166396,2.853273173286652e-14,2.853273173286652e-14,True
5.092305132116001,0.327096516746224,0.03068581485091843,0.15525567130221862,-0.10363753591487,21,0.26675540019747745,1.041630666787418,0.25609403476973325,-0.9999999819822492,1.072285439179844,2.072285421162093,2.072285421162093,1.8017750846865965e-08,1.8017750846865965e-08,True
5.744531904011159,0.46057141761427817,0.03536626264201728,0.08691474519321904,-0.09879705592153194,21,0.39802648614981706,1.250250151881412,0.3183574787420385,-1.0000000000429459,1.0391730629250995,2.0391730629680453,2.0391730629680453,4.294586908315523e-11,4.294586908315523e-11,True
5.647721016763937,0.35024545143941854,0.0012526357123500628,0.07723172082621738,-0.09324556717266866,21,0.07776509188049774,1.3386040912224655,0.05809416868693388,-1.000000000000006,1.008899788234755,2.008899788234761,2.008899788234761,5.995204332975845e-15,5.995204332975845e-15,True
5.5124381258973125,0.5192647130915105,0.0198619131229987,0.07954438758702362,-0.09660973424627321,21,0.4751820798618447,1.3212452221737574,0.35964715095057,-0.9999999999000653,1.0375390049887476,2.0375390048888127,2.0375390048888127,9.993472716018914e-11,9.993472716018914e-11,True
5.574528604530632,0.3524997890927624,0.0018922373780977768,0.08927277259557234,-0.0925508739728794,21,0.08589737405455011,1.3490857104433545,0.06367080563496694,-0.999999999999879,1.0130449816808078,2.013044981680687,2.013044981680687,1.2101430968414206e-13,1.2101430968414206e-13,True
5.637847312250233,0.3251974648604667,-0.000696722513076951,0.021798408580201732,-0.0948169144519591,21,0.3829357838629863,1.345398069445675,0.2846263812618386,-1.0000000000000784,1.0057644955025369,2.005764495502615,2.005764495502615,7.838174553853605e-14,7.838174553853605e-14,True
5.415739456337277,0.29412489466170344,0.023704171876424828,0.083253804862651,-0.10725584614615655,21,0.2023105866424293,1.3232693936769622,0.15288692356155073,-0.9999999999999217,1.0120419070330846,2.0120419070330064,2.0120419070330064,7.827072323607354e-14,7.827072323607354e-14,True
5.724759834908821,0.3203473086744602,0.028870147160614548,0.12088764061352124,-0.10757512116003959,21,0.18196696757296027,1.1152730883578488,0.16315911275227865,-0.999999999528713,1.0416251532367853,2.0416251527654983,2.0416251527654983,4.712870094181199e-10,4.712870094181199e-10,True
5.870429987424079,0.2394439877556375,-0.00687076937743549,0.1257490935154868,-0.08974138238694701,21,0.26942941581195234,0.9113239253846414,0.2956461564401863,-0.9999999977050468,1.0686859643464837,2.0686859620515303,2.0686859620515303,2.29495322745521e-09,2.29495322745521e-09,True
5.479183417369177,0.3743040287044598,0.0025857874548234107,0.0741548502492315,-0.08950043782797898,21,0.07243188507245435,1.3621919346148335,0.0531730391524707,-0.9999999999999722,1.0090896585355276,2.0090896585355,2.0090896585355,2.7755575615628914e-14,2.7755575615628914e-14,True
5.884123269775717,0.3739330498647451,-0.0032222883395049817,0.0540041815850896,-0.07846270629059636,21,0.0946852074366169,1.3029980298288157,0.0726671915605708,-1.0000000000000957,1.0073703203699496,2.007370320370045,2.007370320370045,9.57012247226885e-14,9.57012247226885e-14,True
5.8000088317846785,0.35237912176703234,-0.029326306052354013,0.0651420598399414,-0.08989966948765367,21,0.1273624214341904,1.3799259662551115,0.09229656122772349,-0.999999999999999,1.0029871573713731,2.002987157371372,2.002987157371372,9.992007221626409e-16,9.992007221626409e-16,True
5.089816664330144,0.33845020045591434,0.04309553517350011,0.08433911557876195,-0.15834483474536507,21,0.16883474138434118,1.3756849427258677,0.12272776719486478,-0.9999999999999254,1.0148703488423114,2.014870348842237,2.014870348842237,7.460698725481052e-14,7.460698725481052e-14,True
5.685088689472047,0.33972716386446206,0.030800319350828366,0.10484614185655863,-0.06282915592287158,21,0.1727771526086046,1.232610995194912,0.14017167888501875,-0.9999999999909983,1.030298566506809,2.030298566497807,2.030298566497807,9.00168828366077e-12,9.00168828366077e-12,True
5.13255783171031,0.34339768240577145,-0.002209131009408354,0.12133919174508341,-0.11067110135107969,21,0.1739527472504263,1.2523768496446694,0.13889808590743358,-0.9999999999075154,1.0287977726098907,2.028797772517406,2.028797772517406,9.248457555344203e-11,9.248457555344203e-11,True
5.9145082813511225,0.38105890885235233,0.08707834776728013,0.11502191749888964,-0.024867639451477214,21,0.45969721255371465,1.0834155441620472,0.4243036894114909,-0.9999999999751598,1.0798171992906467,2.0798171992658063,2.0798171992658063,2.4840240975265715e-11,2.4840240975265715e-11,True
5.681549176251795,0.32008555361002283,0.027761967020557513,0.105571606310876,-0.12375699651787062,21,0.11981088683341357,1.2112190796637896,0.09891760198053576,-0.999999999980437,1.0267638282373979,2.0267638282178346,2.0267638282178346,1.9563017872314958e-11,1.9563017872314958e-11,True
5.59816692615553,0.3551248328504646,0.015091662059872958,0.07509578083981092,-0.03816033321363733,21,0.10203480551591237,1.2890505781872517,0.07915500542996573,-0.9999999999998828,1.0136427765101832,2.013642776510066,2.013642776510066,1.1723955140041653e-13,1.1723955140041653e-13,True
5.561866726846533,0.5407215419440357,0.02517495083646212,0.09300957797103168,-0.046401758108994696,21,0.6245585400842752,1.2766348196609267,0.48922254858296715,-0.9999999998784651,1.0508767561370562,2.0508767560155214,2.0508767560155214,1.215348932603888e-10,1.215348932603888e-10,True
5.492215702129795,0.33380673596298904,-0.027414386590099496,0.040279795032119654,-0.12221821092386201,21,0.3234592130965117,1.4457188060818376,0.22373591028614018,-0.9999999999999988,1.000835055837887,2.000835055837886,2.000835055837886,1.2212453270876722e-15,1.2212453270876722e-15,True
4.600029987222017,0.40294168189080487,0.023599883702303398,0.0890680504007141,-0.0912454219624759,21,0.10401079630340826,1.478201656677642,0.07036306300534093,-0.9999999999999063,1.0147232853318089,2.014723285331715,2.014723285331715,9.370282327836321e-14,9.370282327836321e-14,True
5.694234454295644,0.28034310341538404,0.017417610728078323,0.08762201485540735,-0.06477020688634894,21,0.1774581351958433,1.2175518147829913,0.14574996566160292,-0.9999999999985609,1.0163768947498004,2.0163768947483613,2.0163768947483613,1.439071084519128e-12,1.439071084519128e-12,True
5.825607645333554,0.5460757956135129,-0.021720100227727253,0.024021446063818355,-0.09409801364446174,21,0.3541301913625514,1.3608108743905274,0.2602346865585986,-1.0000000004063168,1.0291669604395997,2.0291669608459166,2.0291669608459166,4.063167580170557e-10,4.063167580170557e-10,True
5.186502005788287,0.35810450093705976,0.08484591481494327,0.0668826940706026,-0.10094838163799193,21,0.28387223838237263,1.2324183060204361,0.2303375704463655,-0.999999999956682,1.0378594593413841,2.0378594592980663,2.0378594592980663,4.331801584100958e-11,4.331801584100958e-11,True
5.321934734543754,0.36875507179833794,0.04273928491891886,0.07765111449942472,-0.10560202700797318,21,0.1589213898615669,1.306629931782065,0.1216269319996518,-1.0000000000011873,1.0204374114841206,2.020437411485308,2.020437411485308,1.1872725025341424e-12,1.1872725025341424e-12,True
5.7395186107064085,0.3440537057125435,0.034787670144698,0.052563592101409345,-0.16500990737984786,21,0.19565752139846726,1.2842731226702384,0.15234884071361668,-0.9999999999996354,1.0114185519919698,2.0114185519916052,2.0114185519916052,3.645972412869014e-13,3.645972412869014e-13,True
5.2624364563037895,0.3645191731884499,0.022161452168009597,0.10194920954741772,-0.0757231202317696,21,0.14303173593166374,1.3481125265861797,0.10609777233793863,-0.9999999999992626,1.0223307182084618,2.0223307182077246,2.0223307182077246,7.37410132956029e-13,7.37410132956029e-13,True
5.16213405374903,0.3742677194768459,0.034735820936606376,0.013148398057547249,-0.13270728990556913,21,0.4093682825179079,1.3676028797098845,0.2993327146289345,-1.000000000066974,1.0187719634384433,2.0187719635054173,2.0187719635054173,6.697398191590764e-11,6.697398191590764e-11,True
5.327027429530814,0.32828570660593537,0.019102678574921258,0.08623192304059898,-0.08193696509648149,21,0.13021063774441055,1.3470808104126533,0.09666134112958148,-0.9999999999999701,1.013359890930206,2.013359890930176,2.013359890930176,2.986499936241671e-14,2.986499936241671e-14,True
5.401813725135466,0.3701164845300943,0.016277695155746976,0.07677126018260706,-0.1050616386237464,21,0.09022347918490148,1.3525596074789052,0.06670573236552062,-0.9999999999999333,1.0118515577786422,2.0118515577785754,2.0118515577785754,6.672440377997191e-14,6.672440377997191e-14,True
5.613427295273609,0.3934979612138121,-0.02437065263980969,0.08176932072599802,-0.036699768320641916,21,0.11486418486488081,1.3733416834032066,0.08363846102758772,-1.0000000000000075,1.0090007034161153,2.009000703416123,2.009000703416123,7.549516567451064e-15,7.549516567451064e-15,True
4.705676687607994,0.46090370351796134,0.03568880644095233,0.09885796329788468,-0.04764141951909883,21,0.317676182863041,1.4028797665937,0.22644576565130967,-1.0000000000057536,1.0317542959394665,2.03175429594522,2.03175429594522,5.753619802817411e-12,5.753619802817411e-12,True
5.780449898503462,0.2147474111024301,0.027556593650270526,0.10280052823469091,-0.038283386690025574,21,0.28095160910156913,0.9911267527438147,0.28346688082406063,-0.9999999997821394,1.0394732412500012,2.0394732410321406,2.0394732410321406,2.1786061843442894e-10,2.1786061843442894e-10,True
5.004785168506434,0.37598461756671414,0.007387336310636959,0.05461336149554809,-0.013369662813455946,21,0.19438676320827075,1.3944545913309416,0.13939985168160815,-1.0000000000000586,1.009647155094615,2.0096471550946733,2.0096471550946733,5.861977570020827e-14,5.861977570020827e-14,True
5.315833023898419,0.4218398871833704,-0.03485949244047314,0.09049510458978828,-0.04836589393631017,21,0.17166499378021927,1.4547478615026486,0.11800326250550514,-0.9999999999999812,1.0094497895647523,2.0094497895647336,2.0094497895647336,1.8762769116165146e-14,1.8762769116165146e-14,True
5.253703540771462,0.35820081611498505,0.027417922408714667,0.07688871558774757,-0.09158322972993135,21,0.13298381024793549,1.3459811228535532,0.09880065031372993,-0.9999999999999314,1.0137270156255158,2.013727015625447,2.013727015625447,6.861178292183467e-14,6.861178292183467e-14,True
5.092402701861542,0.38740986023212975,0.04021727479661314,0.05701183165148926,-0.07923183598537253,21,0.19413400716496998,1.3386378264348704,0.14502354806602002,-0.9999999999934938,1.0194240147274571,2.019424014720951,2.019424014720951,6.506239991210805e-12,6.506239991210805e-12,True
5.252695398598266,0.4542693906578613,-0.03558209471599247,0.07358701452119383,-0.04219326574088894,21,0.14009907320355097,1.4644895626257386,0.09566409811235667,-0.9999999999999872,1.0067469108909277,2.006746910890915,2.006746910890915,1.27675647831893e-14,1.27675647831893e-14,True
5.191303236741042,0.3942812250867196,0.005001066693422174,0.08973437656420881,-0.08966270399614847,21,0.10886625508315628,1.4076280923703017,0.07734021200147878,-1.0000000000000069,1.0134160179734621,2.0134160179734693,2.0134160179734693,6.8833827526759706e-15,6.8833827526759706e-15,True
5.280487156886928,0.3612491448198736,0.016244357982671927,0.07054354291300977,-0.09182188846524314,21,0.13560564810705356,1.3669254536742232,0.09920485988650862,-0.9999999999999863,1.009685164921873,2.0096851649218594,2.0096851649218594,1.3655743202889425e-14,1.3655743202889425e-14,True
5.181761674237541,0.3075607807960554,0.008322242161427627,0.09404129689624435,-0.16937849952531547,21,0.24143743071300205,1.3483323539258876,0.17906373751992077,-0.9999999999994319,1.0126627424482284,2.0126627424476604,2.0126627424476604,5.681011217006926e-13,5.681011217006926e-13,True
5.473636691837954,0.28876513245442814,-0.019680850442053095,0.07963309016869935,-0.08159069998241131,21,0.30442541667264256,1.3161415259251399,0.2313014297293419,-0.999999999999918,1.011160702921251,2.011160702921169,2.011160702921169,8.204548151979907e-14,8.204548151979907e-14,True
5.777540226806016,0.3558061430541433,0.03040901903453897,0.06950870898258762,-0.089486207911482,21,0.13695754050088027,1.2515115022480152,0.10943370496785018,-1.0000000000008633,1.0165153740115018,2.016515374012365,2.016515374012365,8.633094239485217e-13,8.633094239485217e-13,True
5.896926480783136,0.3444727896811787,0.03365290232328659,0.07073429542937848,-0.10947163549067133,21,0.12436869694792319,1.2352616847560989,0.10068206476628444,-1.0000000000004652,1.0165233050117752,2.0165233050122406,2.0165233050122406,4.651834473179406e-13,4.651834473179406e-13,True
5.603861461819882,0.22797769570660123,0.011395764576818783,0.11100474459932512,-0.10347003673247246,21,0.3113995575356667,1.0170984031701098,0.3061646312343931,-0.9999999998076351,1.0432254152854221,2.0432254150930573,2.0432254150930573,1.9236490178542454e-10,1.9236490178542454e-10,True
5.690754372264737,0.3801017353544089,0.013849878914716897,0.08185945393566843,-0.0592829045556135,21,0.14465742595252729,1.2871174683462954,0.11238867431298634,-0.9999999999996849,1.0172089642653777,2.0172089642650626,2.0172089642650626,3.1508129438861943e-13,3.1508129438861943e-13,True
5.767932634666908,0.37199480271370383,0.014172945915242804,0.1632093360523272,-0.10362180110201835,21,0.5196347881476993,0.9683444227071158,0.5366218630092398,-0.9999999107641063,1.093410570262753,2.0934104810268592,2.0934104810268592,8.923589367437756e-08,8.923589367437756e-08,True
5.086887303607156,0.38962334476403293,0.0031851312668672582,0.07889638189352803,-0.09342926629633505,21,0.07657104413083649,1.4331841381891783,0.053427219915776945,-0.9999999999999843,1.0090414766922828,2.0090414766922673,2.0090414766922673,1.5654144647214707e-14,1.5654144647214707e-14,True
5.421437173608308,0.3274773154379972,0.011524158879197142,0.09577656749086397,-0.1147505923784764,21,0.09526106485539176,1.3170024051793205,0.07233173187897193,-0.9999999999987694,1.0158002902049208,2.01580029020369,2.01580029020369,1.2305712004945235e-12,1.2305712004945235e-12,True
5.425501901492481,0.4044565025778809,0.023466281800361758,0.1556937059832198,-0.06466860548859343,21,0.5066017839157535,1.1112242263957706,0.4558951936810309,-0.9999999903862421,1.0736960969799128,2.0736960873661547,2.0736960873661547,9.6137579008726e-09,9.6137579008726e-09,True
5.420502267458605,0.4637113230430708,0.004677436240756094,0.08372088752309872,-0.12901706260713425,21,0.253908793376894,1.3883878383216146,0.18288030647390113,-1.000000000001135,1.0196717476608939,2.019671747662029,2.019671747662029,1.13509202037676e-12,1.13509202037676e-12,True
4.5227531287416145,0.40394705551639876,0.007012883558168168,0.09066280220829549,-0.10103718835097301,21,0.08722908025381826,1.5405976122959006,0.05662028784000496,-1.000000000000003,1.0099723087282952,2.0099723087282984,2.0099723087282984,3.1086244689504383e-15,3.1086244689504383e-15,True
4.9998942012853975,0.38991449197343253,0.013776305658348488,0.056871085008002656,-0.0997060021581369,21,0.17225056538215067,1.428243769547606,0.12060305744355584,-1.000000000000027,1.008653806327414,2.008653806327441,2.008653806327441,2.708944180085382e-14,2.708944180085382e-14,True
5.122721746779972,0.456600384281211,0.030012751046504423,0.07221651135018924,-0.09780493054824854,21,0.27485204804700425,1.3666728485937114,0.20111034497379782,-0.9999999999941478,1.0254549328334686,2.0254549328276164,2.0254549328276164,5.852207607404125e-12,5.852207607404125e-12,True
5.323528719632246,0.3662703494865018,0.029092551959792507,0.08617617372974044,-0.06677016801494962,21,0.13338951455458914,1.317281542259634,0.10126120367994823,-0.9999999999996703,1.0191663501770922,2.0191663501767625,2.0191663501767625,3.297362383136715e-13,3.297362383136715e-13,True
5.0732908500627305,0.33626621383296473,0.015564588309922987,0.0749765410100636,-0.0937087136696905,21,0.18823981889895447,1.4069727815157096,0.13379066132051728,-0.9999999999999991,1.0080641885549382,2.008064188554937,2.008064188554937,8.881784197001252e-16,8.881784197001252e-16,True
5.293079315374062,0.38373806701579083,0.021388294095093068,0.07681108899854179,-0.11190015590633147,21,0.10671706164279149,1.363579319792761,0.07826245242485089,-1.0000000000000215,1.0136964830561859,2.0136964830562074,2.0136964830562074,2.1538326677728037e-14,2.1538326677728037e-14,True
5.27867630603171,0.33053497886645605,0.010925935220943333,0.06901308336287207,-0.02976029126421645,21,0.1848184019681618,1.3469851463902123,0.13720893839360956,-0.9999999999999902,1.0089479095205034,2.0089479095204936,2.0089479095204936,9.769962616701378e-15,9.769962616701378e-15,True
5.605244142390021,0.3451584110103151,0.026888748170109215,0.12687894330055607,-0.10049925727978959,21,0.23812528920755915,1.1441358477057872,0.20812676194443713,-0.9999999994094841,1.044924827898642,2.044924827308126,2.044924827308126,5.905158584340597e-10,5.905158584340597e-10,True
5.644421719544075,0.3596771196578047,-0.013568400986340068,0.07954213319157906,-0.070255692689738,21,0.06485309948012064,1.3607992955686017,0.04765809307170619,-0.9999999999999974,1.008163231612385,2.0081632316123823,2.0081632316123823,2.55351295663786e-15,2.55351295663786e-15,True
5.331579803368365,0.35195421888418277,0.005124929763734085,0.10203578972970559,-0.05730831890805424,21,0.12203848805947537,1.3234858539815806,0.09220989230246342,-0.9999999999967952,1.0193949795647579,2.019394979561553,2.019394979561553,3.204769782882977e-12,3.204769782882977e-12,True
5.571893132779362,0.363503430008562,0.013071322829338303,0.026491341505423347,-0.07470600191273802,21,0.2798019124173843,1.3155896737558186,0.21268174872381768,-0.9999999999989952,1.0117645202537577,2.011764520252753,2.011764520252753,1.0047518372857667e-12,1.0047518372857667e-12,True
5.15976826806247,0.46583736294435724,0.019003054904723274,0.1572424424021836,-0.122950638734318,21,0.5845138259125902,1.2788356258648388,0.4570672055818751,-0.9999999986650638,1.0631853010726569,2.0631852997377207,2.0631852997377207,1.3349361616121769e-09,1.3349361616121769e-09,True
5.3207502771008315,0.34917390980579444,0.00665627116183699,0.06880582967523859,-0.09706880288283874,21,0.15065391444768617,1.3845438716262644,0.10881122479039278,-0.9999999999999931,1.0064521032863598,2.006452103286353,2.006452103286353,6.8833827526759706e-15,6.8833827526759706e-15,True
4.66222066564417,0.39616901843744884,0.03199234635706229,0.06988230356679508,-0.09505550786666644,21,0.17587836640174936,1.4478172606107504,0.12147829093262533,-1.0000000000004623,1.0141370335205586,2.014137033521021,2.014137033521021,4.622968674539152e-13,4.622968674539152e-13,True
5.475296743113172,0.5265491568431444,0.009392439197667225,0.08790366876925224,-0.07325700094978027,21,0.5041492324575052,1.3392092443796848,0.37645292143351705,-1.0000000000209572,1.0355709521405991,2.0355709521615566,2.0355709521615566,2.095723594663923e-11,2.095723594663923e-11,True
5.402391306197926,0.3319737842856192,0.013232079110172082,0.11139724603420162,-0.10617701258147508,21,0.11857599783943584,1.2394099372494811,0.09567133058702244,-0.9999999999644144,1.0259731185804943,2.0259731185449086,2.0259731185449086,3.5585645541402755e-11,3.5585645541402755e-11,True
5.503650352105586,0.3453864049003713,0.015520993248692095,0.08232100166664547,-0.0890953736498945,21,0.09560872606500537,1.3286733191876294,0.07195803865728406,-1.0000000000000013,1.0126003946835243,2.012600394683526,2.012600394683526,1.3322676295501878e-15,1.3322676295501878e-15,True
5.107442914502439,0.2676847773874159,-0.00030715895493045944,0.10671991044773188,-0.05696125338287448,21,0.29411233283284477,1.17998772899924,0.24925033168123242,-0.9999999999764292,1.0290747892700047,2.029074789246434,2.029074789246434,2.357081196890931e-11,2.357081196890931e-11,True
5.304853045120483,0.3788834796038398,-0.025453988601789886,0.09996565176882295,-0.09300664928491796,21,0.1381187680230036,1.4001990001447335,0.09864224157332405,-0.999999999998806,1.0134373729859443,2.0134373729847503,2.0134373729847503,1.1940448629843559e-12,1.1940448629843559e-12,True
5.7494753696164365,0.495910907280361,0.031665022838462425,0.07766776299449706,-0.05418459252886273,21,0.490477174907767,1.2367348407776935,0.39659040785116173,-0.9999999995971355,1.0449564253566452,2.0449564249537806,2.0449564249537806,4.0286451952198377e-10,4.0286451952198377e-10,True
4.960744796476464,0.507016108975833,0.01651951424411838,0.08923806430786776,-0.09516742323168288,21,0.3624464831647174,1.426628723501766,0.2540580300914351,-1.0000000000097469,1.0277717024330077,2.0277717024427546,2.0277717024427546,9.746869977789174e-12,9.746869977789174e-12,True
4.829096490489798,0.3365920873287227,-0.030459294840675062,0.09191231038162455,-0.09946838809590662,21,0.2816870597671728,1.4506287001323872,0.19418274279384207,-0.9999999999998902,1.01156888991375,2.01156888991364,2.01156888991364,1.0980105713542798e-13,1.0980105713542798e-13,True
5.827393156040482,0.34561662456801295,0.012274625705949591,0.14251763228289785,-0.10648729188015922,21,0.35630794487651296,1.0261585533955389,0.34722504012415706,-0.9999999893221138,1.0646560818269692,2.064656071149083,2.064656071149083,1.0677886241872159e-08,1.0677886241872159e-08,True
5.4179426394996275,0.27653022156188856,0.014629460809877806,0.09117143366586665,-0.10311826539766628,21,0.24939178196342282,1.2455307746383257,0.20022932154032133,-0.9999999999983173,1.0160198386931878,2.016019838691505,2.016019838691505,1.6826540161218873e-12,1.6826540161218873e-12,True
5.427417283093381,0.3239161176353,-0.017594003834870288,0.0837386657224332,-0.08155153059393833,21,0.18999386134892782,1.3654571392580848,0.13914304293151242,-0.999999999999892,1.0092795900867946,2.0092795900866864,2.0092795900866864,1.0802470029602773e-13,1.0802470029602773e-13,True
5.096197398241181,0.37911153333541553,0.02363688140275312,0.09787384501719083,-0.0722629808935577,21,0.13780043890844063,1.3723452437325854,0.10041237038403171,-0.9999999999999498,1.0204991584476213,2.020499158447571,2.020499158447571,5.0182080713057076e-14,5.0182080713057076e-14,True
5.754922464186857,0.34327918655622724,0.03470935405014395,0.0920732088179001,-0.08753388057364056,21,0.13609372467898928,1.2447632017478467,0.1093330237332626,-0.9999999999997145,1.0240529588966596,2.024052958896374,2.024052958896374,2.8554936193359026e-13,2.8554936193359026e-13,True
5.650488980221196,0.401547868741001,0.02697411442681384,0.0907178804894981,-0.08744252222350034,21,0.22305123710609265,1.2782089629967985,0.17450295183593648,-0.9999999999990891,1.025996539446811,2.0259965394459,2.0259965394459,9.10937991704941e-13,9.10937991704941e-13,True
4.406399829278754,0.5173249984301329,0.010097723542518982,0.08819843826825556,-0.08786275365550343,21,0.27524570946311844,1.5493511222181189,0.1776522477803899,-1.0000000000020792,1.0200630234060462,2.0200630234081256,2.0200630234081256,2.079225680517993e-12,2.079225680517993e-12,True
5.562257542764637,0.34180778416312624,0.022232361402601514,0.10574675254283857,-0.14893624174592948,21,0.11807612360604214,1.2767712151091661,0.09248025191102575,-0.9999999999921796,1.0238177185389303,2.02381771853111,2.02381771853111,7.820410985459603e-12,7.820410985459603e-12,True
4.744140320566879,0.39806835913499844,-0.013204857640032396,0.10459297497636731,-0.07960976155278239,21,0.11353093231035838,1.5014498665939893,0.07561420120400102,-0.9999999999994776,1.0132653859647567,2.0132653859642344,2.0132653859642344,5.223599330861362e-13,5.223599330861362e-13,True
5.386062306153357,0.38826479909682143,-0.012649502459710991,0.0838917089620671,-0.09845386074572558,21,0.07607665886078574,1.4179739496025072,0.05365166185324624,-1.000000000000004,1.0086987820596134,2.0086987820596174,2.0086987820596174,3.9968028886505635e-15,3.9968028886505635e-15,True
4.635250403652854,0.3848899609691846,-0.0031077049488925732,0.09847096883323325,-0.028056047638010506,21,0.09756176403325933,1.4972712219154736,0.06515971362118857,-0.9999999999998755,1.0134232358324897,2.013423235832365,2.013423235832365,1.2445600106048005e-13,1.2445600106048005e-13,True
5.518817767527651,0.3871097374060783,0.0001712596637772016,0.09434215430176683,-0.17031232647470895,21,0.11157714103850647,1.4033137680146057,0.07950976009902952,-0.9999999999999233,1.0140403692952848,2.0140403692952082,2.0140403692952082,7.671641100159832e-14,7.671641100159832e-14,True
5.4923191364516475,0.3534521185703482,0.018681747093971718,0.04105887485678833,-0.10934701748204673,21,0.24553304802525755,1.3337659177241483,0.18409006015404802,-0.9999999999991508,1.0086408459270553,2.008640845926206,2.008640845926206,8.492095915357822e-13,8.492095915357822e-13,True
5.6792581365366654,0.3496914333023001,0.020135974695619077,0.09965091558684633,-0.07159602993374238,21,0.1520518714211032,1.2810317003485778,0.11869485460799199,-0.9999999999980425,1.0238171484505547,2.023817148448597,2.023817148448597,1.957545237019076e-12,1.957545237019076e-12,True
4.9052798736015975,0.3118761716464654,-0.007973868308610714,0.12547676527360152,-0.06971589994534202,21,0.2179399017627519,1.1979534657254918,0.1819268510824546,-0.9999999998271718,1.0359870536621463,2.0359870534893183,2.0359870534893183,1.728281961987932e-10,1.728281961987932e-10,True
5.416108439260747,0.3378998466396596,0.07535213824498502,0.06921313846816178,-0.10096394169785347,21,0.22792254502470088,1.2157926591555375,0.18746826879429493,-1.0000000000078988,1.0309694461608812,2.03096944616878,2.03096944616878,7.898792730998139e-12,7.898792730998139e-12,True
5.334746512381738,0.35851821592291905,0.006202557133789443,0.07390717096851936,-0.10199961374064749,21,0.11436155231751322,1.3857256505967732,0.08252827842817412,-0.9999999999999944,1.0077293772928178,2.0077293772928124,2.0077293772928124,5.551115123125783e-15,5.551115123125783e-15,True
5.292843818777623,0.3593402261672037,0.038882543712761626,0.09769980891561081,-0.08646009679369401,21,0.14173386747155448,1.3104943404295977,0.1081529794513208,-0.9999999999996773,1.0252529882430548,2.025252988242732,2.025252988242732,3.22741833258533e-13,3.22741833258533e-13,True
5.368442829915846,0.401286644632211,-0.008110317330199172,0.07834503569071433,-0.07059485714181679,21,0.09164396103719019,1.3958825920754783,0.06565305818516491,-0.9999999999999778,1.009461863668074,2.0094618636680517,2.0094618636680517,2.220446049250313e-14,2.220446049250313e-14,True
5.011177783373278,0.373969627810258,0.02483522399517829,0.06385668621465669,-0.08729495517898878,21,0.17884810659268635,1.39330561987708,0.12836243824844737,-1.0000000000002403,1.0113643821938572,2.011364382194097,2.011364382194097,2.402522625288839e-13,2.402522625288839e-13,True
5.288223371534637,0.41776579084825527,0.004034855948175374,0.10258168132558695,-0.08895085572651114,21,0.21242765406499187,1.3920137025707238,0.1526045711135513,-0.9999999999999809,1.0204986090773671,2.020498609077348,2.020498609077348,1.9095836023552692e-14,1.9095836023552692e-14,True
5.38964906704027,0.43094986468412777,0.03485189408984552,0.0656944835105373,-0.1307006133186623,21,0.2396331706321233,1.3258136019377296,0.18074423907092962,-0.9999999999862326,1.0240781373049064,2.0240781372911387,2.0240781372911387,1.3767431639166716e-11,1.3767431639166716e-11,True
5.426646430514935,0.35497457143981426,0.01491414928003915,0.0836846361979753,-0.1113322196803522,21,0.0841370157637289,1.354613158288018,0.06211147090145101,-1.0000000000000022,1.0122341964837054,2.012234196483708,2.012234196483708,2.220446049250313e-15,2.220446049250313e-15,True
5.434950276161784,0.35718141502627127,0.028952851099097267,0.07639146449810182,0.019948534341115765,21,0.17562260613648029,1.2569232921487914,0.13972420372307853,-1.000000000000186,1.0210552359496894,2.0210552359498752,2.0210552359498752,1.8607337892717624e-13,1.8607337892717624e-13,True
5.786608831160474,0.48863300413914723,-0.008444633394358268,0.0894375359419516,-0.09938819400623504,21,0.39390191404320785,1.3403097062000888,0.2938887275239981,-1.000000000001725,1.024970626760336,2.024970626762061,2.024970626762061,1.7250645356625682e-12,1.7250645356625682e-12,True
5.386112058157884,0.34096785101900295,0.0464708947895682,0.01994921495576362,-0.17999122599583,21,0.423110400213476,1.3258271928908365,0.3191293725775266,-1.0000000000150733,1.0159819378757537,2.0159819378908272,2.0159819378908272,1.5073275960730825e-11,1.5073275960730825e-11,True
5.440308122209933,0.35787892756677386,0.0027828944502011656,0.110147131786319,-0.01756321202227623,21,0.18572026907244776,1.2600878481903324,0.14738676302542622,-0.9999999999750272,1.0264551412033271,2.0264551411783542,2.0264551411783542,2.497280160440596e-11,2.497280160440596e-11,True
5.328467743579332,0.394648205691056,0.0005117442286782722,0.08179571671877166,-0.09544179674785304,21,0.08925211583247927,1.39640132976388,0.06391580552817941,-0.9999999999999768,1.010816824317364,2.0108168243173408,2.0108168243173408,2.3203661214665772e-14,2.3203661214665772e-14,True
5.334170658705941,0.3467833349922557,-0.010279400588340327,0.11393290329828719,-0.07427856694043605,21,0.16047193540200944,1.2533649128357311,0.12803289270236756,-0.999999999952491,1.025128930539901,2.025128930492392,2.025128930492392,4.7508996736667086e-11,4.7508996736667086e-11,True
4.819913270038865,0.2804939689930458,0.0042026642575045264,0.024581739960390894,0.0009126646748146283,21,0.5616433179818019,1.4278151974430253,0.39335855157418814,-1.0000000000000002,1.011894596881122,2.011894596881122,2.011894596881122,2.220446049250313e-16,2.220446049250313e-16,True
5.538809380832981,0.38724541106926985,0.003156774044723693,0.08685753362886493,0.0008128041122115737,21,0.16180044334057686,1.3060934753362676,0.1238812124828352,-0.9999999999998467,1.0175010075125754,2.017501007512422,2.017501007512422,1.5332179970073412e-13,1.5332179970073412e-13,True
5.584985137431514,0.4081102760994357,0.04144671546939191,0.06565997724957787,-0.11027193623065012,21,0.24747950252002493,1.267911282653352,0.19518676575077534,-0.9999999999863036,1.0262624521960788,2.026262452182382,2.026262452182382,1.3696377365590706e-11,1.3696377365590706e-11,True
5.753514298393684,0.31901190559722986,0.002336263761883648,0.07965674301086444,-0.1007329782022977,21,0.12644780532191402,1.3224537511461962,0.0956160510054278,-0.9999999999999689,1.0093633358306286,2.0093633358305976,2.0093633358305976,3.108624468950438e-14,3.108624468950438e-14,True
5.289360823416088,0.40445963098364096,-0.006703342520544891,0.07896451253334796,-0.09838074003248257,21,0.07946934063449773,1.4216429797450347,0.05589964693438728,-0.9999999999999865,1.0088835738112794,2.008883573811266,2.008883573811266,1.354472090042691e-14,1.354472090042691e-14,True
5.479394924045587,0.39337191842590147,0.08732042106375287,0.08021209050412641,-0.07904628308911385,21,0.3923944453215611,1.1692767315837849,0.3355873205396493,-0.999999999913489,1.0540440882358537,2.0540440881493427,2.0540440881493427,8.651102056944637e-11,8.651102056944637e-11,True
5.67181063523675,0.37430426382806986,0.03566198909428104,0.09801647253842123,-0.06280949227543,21,0.21389348711668288,1.244083646904103,0.1719285416611302,-0.9999999999981828,1.0308464837614568,2.03084648375964,2.03084648375964,1.8172130467064562e-12,1.8172130467064562e-12,True
5.266144794985645,0.25412273683192277,0.027576466569888186,0.08988831347942218,-0.1037364340735491,21,0.3178107165560442,1.2365840772897936,0.25700696167185505,-0.9999999999986863,1.0170115846778978,2.017011584676584,2.017011584676584,1.3137269050389477e-12,1.3137269050389477e-12,True
5.456306637393588,0.38255709561599405,0.02688702226250475,0.0369509673270228,-0.09604872658357501,21,0.2230578570525792,1.3146388474850461,0.16967234573913384,-0.999999999985998,1.0158468709895474,2.0158468709755453,2.0158468709755453,1.4002021764270012e-11,1.4002021764270012e-11,True
4.96186987155904,0.36113147208368895,-0.012011056425541086,0.09190742642302578,-0.07239121615078575,21,0.12152532623059065,1.4623789488801715,0.083101118436948,-0.9999999999998909,1.0100245765935418,2.0100245765934326,2.0100245765934326,1.0913492332065289e-13,1.0913492332065289e-13,True
5.440980191202321,0.4005321142121051,0.04427546265845161,0.06991519984004664,-0.10155203759581165,21,0.23635695385582234,1.28101199961135,0.18450799362342535,-1.0000000000016867,1.0258350862963597,2.0258350862980463,2.0258350862980463,1.6866508190105378e-12,1.6866508190105378e-12,True
5.415736863716468,0.35286821043736777,0.07340164504367458,0.07742683824350857,-0.046217716824463156,21,0.2791072833660544,1.1941026262145298,0.23373810360912028,-1.0000000000245253,1.0380084214812813,2.0380084215058067,2.0380084215058067,2.4525270703179558e-11,2.4525270703179558e-11,True
5.386509369326052,0.34207276532263386,0.004495459988131105,0.10490447022566507,-0.08029600023822298,21,0.11178171206718956,1.2880323010534698,0.08678486709981134,-0.99999999999137,1.020719204843459,2.020719204834829,2.020719204834829,8.629985615016267e-12,8.629985615016267e-12,True
5.219581253251631,0.40259905597955814,-0.006138633039565791,0.0709078710600623,-0.11739400410605771,21,0.06002721780890541,1.4436355962397704,0.04158058859538928,-0.9999999999999909,1.0065080586490078,2.0065080586489987,2.0065080586489987,9.103828801926284e-15,9.103828801926284e-15,True
5.840263856140128,0.3828571013683161,0.029168670001415403,0.0864359533282164,-0.04062498422519466,21,0.2307531844101789,1.2221796005420347,0.18880464402109168,-0.9999999999994724,1.0271015119233635,2.0271015119228357,2.0271015119228357,5.275779813018744e-13,5.275779813018744e-13,True
5.480100816918547,0.3972487137566926,0.07684968252634145,0.0711633750119108,-0.11072742107372747,21,0.34141518973239293,1.2069301604055784,0.28287899410655487,-0.9999999998227631,1.0436839265192597,2.043683926342023,2.043683926342023,1.772368918295797e-10,1.772368918295797e-10,True
5.052148361126656,0.3827732933769149,0.032516037937313495,0.05308123529836776,-0.08734534438038333,21,0.21099446156298374,1.367990604294389,0.15423677684673492,-0.9999999999972933,1.0149662827877248,2.014966282785018,2.014966282785018,2.7067237340361316e-12,2.7067237340361316e-12,True
5.64511013675829,0.5162545923356499,0.01750811234793634,0.0740224575013649,-0.17936020588786472,21,0.42459586438306895,1.3462352851279753,0.31539499006869826,-0.999999999921051,1.0332876975863141,2.0332876975073653,2.0332876975073653,7.894895848181704e-11,7.894895848181704e-11,True
5.7129642305412,0.43572883792939254,0.017042758167472468,0.10063431059563217,-0.08710205081589631,21,0.31920081482111895,1.289888630753955,0.24746385634435925,-0.9999999999971936,1.0310905194598072,2.031090519457001,2.031090519457001,2.8064217616474707e-12,2.8064217616474707e-12,True
5.567171178209067,0.34622564035901554,0.0036662982459668095,0.12613182643898677,-0.1048435248129599,21,0.22734753474593705,1.157555026690125,0.19640322015274483,-0.999999999468622,1.0387380212240096,2.0387380206926315,2.0387380206926315,5.313780526705614e-10,5.313780526705614e-10,True
5.195734081327044,0.35792768648266376,0.0032727378777262436,0.06959124772852461,-0.07496245317612948,21,0.1445425612558513,1.402830282887814,0.1030363850987743,-0.9999999999999934,1.006658058907812,2.0066580589078056,2.0066580589078056,6.5503158452884236e-15,6.5503158452884236e-15,True
5.573467561090726,0.4147034045578899,0.007570287459990271,0.07301742587674495,-0.0892828794186621,21,0.16166620654306874,1.3348776686839536,0.12110937978493137,-1.0000000000006761,1.0150027543251798,2.015002754325856,2.015002754325856,6.761258219967203e-13,6.761258219967203e-13,True
5.422365593225369,0.34896856740009774,0.030135122672296885,0.09064463127430786,-0.08806258903070992,21,0.10919375857681679,1.309026381516101,0.08341601064628636,-0.9999999999999288,1.019430535128212,2.0194305351281407,2.0194305351281407,7.116529587847253e-14,7.116529587847253e-14,True
5.083148715928735,0.3214988532884527,0.017645626642154626,0.08518547942862549,-0.07299554011541116,21,0.17585853616900637,1.3889396609622306,0.12661351757150843,-0.9999999999999747,1.011863323459111,2.0118633234590857,2.0118633234590857,2.531308496145357e-14,2.531308496145357e-14,True
5.267894237012236,0.24869535684146135,-0.005902949659105821,0.13480933534395778,-0.0361661122344632,21,0.27787796101617857,0.9567554455747779,0.29043781491020554,-0.9999999973987677,1.0721902114728012,2.072190208871569,2.072190208871569,2.6012323406376936e-09,2.6012323406376936e-09,True
5.292545834552062,0.34826609496992844,0.01510636001974559,0.07630990862732671,-0.08785891668877988,21,0.1337423539538185,1.365305639176784,0.09795781260704303,-0.9999999999999831,1.009897900020825,2.009897900020808,2.009897900020808,1.687538997430238e-14,1.687538997430238e-14,True
5.502090223180764,0.3973643661507697,0.04684996704016747,0.16504263254460186,-0.042501939207687384,21,0.5621468939043899,1.0273105706986887,0.5472024818376644,-0.999999960427944,1.1021705499974117,2.102170510425356,2.102170510425356,3.957205596538671e-08,3.957205596538671e-08,True
5.384833403960457,0.37221008647610115,0.010456014625801952,0.109684356459397,-0.08512077857789918,21,0.1765605648775319,1.3189135150098663,0.1338681898912918,-0.999999999991803,1.0247023245128148,2.024702324504618,2.024702324504618,8.196998635412456e-12,8.196998635412456e-12,True
5.523666812719807,0.36678492899975207,-0.06101396063478361,0.0776281356792362,-0.10673624415809418,21,0.19313923419340528,1.4712525920895203,0.13127537394452624,-0.9999999999999861,1.006809907467873,2.006809907467859,2.006809907467859,1.3877787807814457e-14,1.3877787807814457e-14,True
4.750365104351587,0.35186014892149337,0.023963494703589425,0.0790306367011365,-0.11529448980205778,21,0.1963022437917754,1.4615945984792598,0.1343069028826607,-0.9999999999999906,1.0091813753949985,2.009181375394989,2.009181375394989,9.43689570931383e-15,9.43689570931383e-15,True
5.52094291996111,0.20733058549607972,-0.024420450838316766,0.08069401497133262,-0.07845383715484669,21,0.5464400779359581,1.1517677473509311,0.4744359956187102,-1.000000000000297,1.0346341470618259,2.034634147062123,2.034634147062123,2.970956813896919e-13,2.970956813896919e-13,True
5.237620609464802,0.3851159318482038,-0.026291720299899866,0.09853897098157288,-0.06803612989559532,21,0.12704534683068314,1.4223209505710834,0.08932255886385734,-0.9999999999993198,1.0126088430834013,2.012608843082721,2.012608843082721,6.802336471878334e-13,6.802336471878334e-13,True
5.785043732702753,0.37847952696949205,0.026080312403461016,0.09571199426366503,-0.10456226311903524,21,0.18094634744937732,1.2668972891801071,0.1428263751092874,-0.9999999999993857,1.025689596993372,2.0256895969927577,2.0256895969927577,6.142863995250991e-13,6.142863995250991e-13,True
5.48866898488401,0.343342594404911,0.024536598900743542,0.010024508560112463,0.0007268450714331964,21,0.40407570842806706,1.2671949247762222,0.3188741530821898,-1.0000000000647171,1.0214353132565979,2.021435313321315,2.021435313321315,6.471712055144963e-11,6.471712055144963e-11,True
5.3239329905820165,0.4007526900320949,0.003772487451380072,0.053401205676770785,-0.080354220859252,21,0.12203180431354355,1.38171612082692,0.08831901319969458,-0.9999999999998512,1.0092185388634842,2.0092185388633355,2.0092185388633355,1.4876988529977098e-13,1.4876988529977098e-13,True
5.019930517931986,0.3429037067763648,0.04657051178221785,0.08754389425471135,-0.12393759136310267,21,0.16379293945028262,1.3613854352396424,0.12031342132101656,-0.9999999999998216,1.018427461836587,2.0184274618364086,2.0184274618364086,1.7841284005726266e-13,1.7841284005726266e-13,True
5.481144267703932,0.4398308893897436,0.0496686024195218,0.07976005299099731,-0.11197404683559654,21,0.34098606840319046,1.2675055455156823,0.26902136216253075,-0.9999999999995756,1.0371842495625412,2.0371842495621166,2.0371842495621166,4.2443826231419735e-13,4.2443826231419735e-13,True
5.509036048880975,0.25054701553319214,0.04344599506290116,0.08863031902809025,-0.06293914451064951,21,0.2458504741162355,1.1845533579176526,0.20754698171504948,-0.9999999999979327,1.0209977665861456,2.0209977665840784,2.0209977665840784,2.067346294154504e-12,2.067346294154504e-12,True
5.317633002088388,0.3608528605990607,0.02032195601561597,0.10289450769253072,-0.06652192589404735,21,0.14825670255398493,1.3379619814781143,0.11080785897234408,-0.9999999999984723,1.023043276245374,2.0230432762438464,2.0230432762438464,1.5276668818842154e-12,1.5276668818842154e-12,True
5.335726786058607,0.34586308655213,0.0019856490147392297,0.08667069013633304,-0.10583587667650225,21,0.09968444792758357,1.3972857779929722,0.07134148897641249,-0.9999999999999565,1.0102386106690728,2.0102386106690293,2.0102386106690293,4.3520742565306136e-14,4.3520742565306136e-14,True
5.598080411582743,0.2768996836586806,0.019472712250821922,0.08801583795442798,-0.11080795839838113,21,0.22016990896669086,1.2376024868334072,0.1779003446656194,-0.9999999999989495,1.0149657307812188,2.014965730780168,2.014965730780168,1.0504930259003231e-12,1.0504930259003231e-12,True
5.199365309907623,0.34164454668253064,0.016316274799925427,0.07467606805944224,-0.16020837940421498,21,0.1733663740906386,1.4189007147970925,0.12218358358881408,-0.999999999999997,1.006716427975385,2.006716427975382,2.006716427975382,2.9976021664879227e-15,2.9976021664879227e-15,True
5.310995002176014,0.36175553389238807,0.03248238332860688,0.10406209898603089,-0.06445051307852201,21,0.1681875555000265,1.3105944648790022,0.12832921243533105,-0.9999999999989639,1.0275973686385258,2.0275973686374895,2.0275973686374895,1.036060126580196e-12,1.036060126580196e-12,True
5.523414501561979,0.3753285293605265,0.001765067380705046,0.058304187043826255,-0.09945691439475456,21,0.11729481294574495,1.361585240096367,0.08614577295024389,-1.0000000000000515,1.0066819226139267,2.0066819226139785,2.0066819226139785,5.1514348342607263e-14,5.1514348342607263e-14,True
4.885613581072723,0.4295095296483057,0.004506011899581231,0.07439993716189844,-0.11369342625159197,21,0.0913702060752517,1.480368457276951,0.061721259748618064,-1.0000000000000548,1.0099011347441382,2.009901134744193,2.009901134744193,5.484501741648273e-14,5.484501741648273e-14,True
5.579990715635728,0.3083667240182735,0.03784216822135499,0.0996535022584933,-0.0704971496112508,21,0.11939283211281682,1.2216039639214284,0.0977344832195518,-0.9999999999943727,1.026453746517666,2.026453746512039,2.026453746512039,5.6272764226150684e-12,5.6272764226150684e-12,True
5.142317909581449,0.3680140156968438,0.026387038029486103,0.13642580884760974,-0.08844080743919241,21,0.2672097948175549,1.205302688441393,0.22169517863026636,-0.9999999993174384,1.0465042975472287,2.046504296864667,2.046504296864667,6.825615628258674e-10,6.825615628258674e-10,True
6.3766339915192285,0.5358552223685689,0.015041353122971203,0.08583242624581448,-0.11857831141958257,21,0.6572073422016056,1.2078556036415444,0.5441108525060461,-0.9999999995573501,1.052430278822913,2.052430278380263,2.052430278380263,4.4264991672093856e-10,4.4264991672093856e-10,True
5.381355067627943,0.3455197451717252,0.02640737664608625,0.08669783694765819,-0.09501862015167468,21,0.10461585149452124,1.327932151033821,0.07878102161550632,-0.9999999999999768,1.0159458810317894,2.015945881031766,2.015945881031766,2.3203661214665772e-14,2.3203661214665772e-14,True
5.12596564453964,0.32915760921967807,-0.0049258581420537195,0.12771757025324623,-0.08582755374370837,21,0.20266054209340267,1.1839467922729792,0.17117369075710612,-0.999999999651343,1.0368227115750253,2.0368227112263684,2.0368227112263684,3.486569921662408e-10,3.486569921662408e-10,True
5.190545718795053,0.33957844142813803,0.007818988904798152,0.07598619927447381,-0.05655087224726961,21,0.15553493809535146,1.3834140415681535,0.11242833556832094,-1.0000000000000024,1.0087691146343685,2.008769114634371,2.008769114634371,2.4424906541753444e-15,2.4424906541753444e-15,True
5.306372598218975,0.28966401649314544,0.05949087929137323,0.09142719238760033,-0.1185562407951439,21,0.20769347751560518,1.2780976583577472,0.16250204055805453,-0.9999999999998688,1.0230027028358344,2.0230027028357034,2.0230027028357034,1.312283615106935e-13,1.312283615106935e-13,True
5.506958297028351,0.3081594756370845,0.01648173860992254,0.1542044346237383,-0.13133616962765682,21,0.28164917417416113,0.9509887283741773,0.2961645766881719,-0.9999999576413174,1.0825459165759197,2.082545874217237,2.082545874217237,4.2358682561527417e-08,4.2358682561527417e-08,True
5.26565326978023,0.36430777545246007,0.011833273334384938,0.12238035718766677,-0.06320220453715875,21,0.21398296740951972,1.246556388242731,0.1716592762491645,-0.9999999998831144,1.0335536476102754,2.03355364749339,2.03355364749339,1.1688561230016603e-10,1.1688561230016603e-10,True
5.690064433610384,0.44229585823909356,0.03160982243262285,0.06616664294861387,-0.05805664491478308,21,0.3300438962075134,1.2478346785725418,0.2644932873520285,-0.999999999916014,1.0316097968979534,2.0316097968139673,2.0316097968139673,8.398604034454138e-11,8.398604034454138e-11,True
5.337442730291258,0.31218824357927794,0.05028010772495387,0.07878605042056427,-0.0911807599750766,21,0.20459286264259502,1.2796744686779438,0.15987883453982155,-0.9999999999998042,1.018255835260801,2.0182558352606055,2.0182558352606055,1.9584334154387761e-13,1.9584334154387761e-13,True
5.230387274145682,0.361557103894651,0.026507073911982763,0.082198085234034,-0.09593388799950114,21,0.11300888530029951,1.3544730558618616,0.08343383783916697,-0.9999999999998844,1.0147073444694197,2.014707344469304,2.014707344469304,1.155742168634788e-13,1.155742168634788e-13,True
5.481705555086533,0.3773522155746672,0.008696233511594056,0.06448128487190971,-0.07361722799840364,21,0.10557087604662829,1.3398745996442085,0.07879160936005629,-1.0000000000001417,1.0099153947159623,2.0099153947161037,2.0099153947161037,1.4166445794216997e-13,1.4166445794216997e-13,True
5.348988724404164,0.36935311508637697,0.014407909400610139,0.09119921248509053,-0.05620787541505842,21,0.12345847147654387,1.3406661581368784,0.09208740798538087,-1.0000000000000002,1.017208598312495,2.017208598312495,2.017208598312495,2.220446049250313e-16,2.220446049250313e-16,True
5.508912272469975,0.3375568865367158,-0.0006400263881665962,0.09424441287319629,-0.1670238634091496,21,0.11327430742572275,1.3467390306140588,0.08411006501688321,-0.9999999999993157,1.0129570122211542,2.01295701222047,2.01295701222047,6.843414723789465e-13,6.843414723789465e-13,True
5.291540085675585,0.2615859058364989,0.01917830897190273,0.12175050187069364,-0.062283661079812216,21,0.19284370646328441,1.0569696253907408,0.1824496199614004,-0.9999999992615523,1.0449993737750096,2.044999373036562,2.044999373036562,7.384477473948436e-10,7.384477473948436e-10,True
4.557006242931624,0.33394574001003235,0.014919608475522914,0.10196749541469928,-0.17908728760095527,21,0.25632663423079416,1.473458854815654,0.17396253271209494,-0.9999999999996698,1.0122585744610808,2.0122585744607506,2.0122585744607506,3.3018032752352156e-13,3.3018032752352156e-13,True
6.2197588436667095,0.3779578826775138,0.040520349820283616,0.09455119956895922,-0.08800764272833295,21,0.2737789014294272,1.163763166070223,0.23525310768678084,-0.9999999999951725,1.0372292881717735,2.0372292881669463,2.0372292881669463,4.827471755675106e-12,4.827471755675106e-12,True
5.548163184875245,0.36937634437615996,0.03043527943817055,0.08168561725520858,-0.015408938298018315,21,0.19320836051004497,1.2525712092271875,0.1542494024186065,-0.9999999999999374,1.0231006920237302,2.0231006920236676,2.0231006920236676,6.261657858885883e-14,6.261657858885883e-14,True
5.608802473597959,0.30146226807695137,0.020803081637085375,0.0770464796613282,-0.09965925005974123,21,0.17747544736959608,1.3046329521795976,0.13603477290152377,-0.9999999999999984,1.0103258593376188,2.010325859337617,2.010325859337617,1.5543122344752192e-15,1.5543122344752192e-15,True
4.545211172805727,0.38369890918883387,-0.004021486255315098,0.09192441959088092,-0.07642196383743019,21,0.12047493316208757,1.5473449195012312,0.07785913253324364,-0.9999999999999865,1.0089434387118958,2.0089434387118823,2.0089434387118823,1.354472090042691e-14,1.354472090042691e-14,True
5.7650606356333745,0.2973783319038376,-0.025737514485124555,0.08082506206619922,-0.10037081892055653,21,0.24837860369288078,1.2869124625187096,0.19300349551884907,-0.9999999999998251,1.0110970022657955,2.0110970022656205,2.0110970022656205,1.7486012637846216e-13,1.7486012637846216e-13,True
5.73368454954646,0.20049429208697117,-0.04715486017626909,0.08874735803656887,-0.12339629314740871,21,0.5809716412127011,1.075482735369285,0.5401961576010001,-1.0000000000190277,1.0579623720735485,2.057962372092576,2.057962372092576,1.9027668329840708e-11,1.9027668329840708e-11,True
5.7124571430332916,0.33740680772524045,0.01484111871810701,0.10256442199203734,-0.0949565175065657,21,0.13142905979135855,1.246490312041682,0.10543929505243009,-0.9999999999914617,1.0233333180148776,2.0233333180063395,2.0233333180063395,8.538281193182229e-12,8.538281193182229e-12,True
5.010533445555372,0.36581983622787306,0.027004845898039344,0.08560848840934866,-0.08860629328400209,21,0.12094053428773344,1.3890992444329937,0.08706399832295587,-0.9999999999999143,1.0149935716073515,2.014993571607266,2.014993571607266,8.570921750106208e-14,8.570921750106208e-14,True
5.644681711713831,0.3517450381937797,0.001398513220771171,0.061731428388987854,-0.016092529550243484,21,0.12928726563503412,1.3011611989930152,0.09936298879423329,-1.0000000000000084,1.0084219300569075,2.008421930056916,2.008421930056916,8.43769498715119e-15,8.43769498715119e-15,True
5.214144667916447,0.44332175435161714,0.02546515844214209,0.07696536561860598,-0.006766804906699564,21,0.30697409429287004,1.3135085336113848,0.23370544342705546,-1.0000000000087754,1.0279080618600038,2.0279080618687795,2.0279080618687795,8.775424831242162e-12,8.775424831242162e-12,True
5.848584292943154,0.37915294800399085,0.0073540744954695295,0.06523152982517492,-0.12764408212152706,21,0.08784768638088103,1.3090116125335394,0.06710993664208628,-1.0000000000001497,1.0102123664890117,2.0102123664891614,2.0102123664891614,1.496580637194711e-13,1.496580637194711e-13,True
4.607117956306587,0.34548426078565375,0.002359909708764674,0.13782360754476863,-0.12960092567269982,21,0.21347835099165757,1.2708140305937752,0.16798551625363464,-0.9999999997426083,1.0364468854054132,2.0364468851480213,2.0364468851480213,2.573916635384421e-10,2.573916635384421e-10,True
5.436501703926668,0.38904976808313607,0.012229926699148644,0.09623484447022848,0.006149696866247195,21,0.20169900099946725,1.2999716231277896,0.1551564645035639,-0.9999999999997784,1.0236340727955158,2.023634072795294,2.023634072795294,2.2160051571518125e-13,2.2160051571518125e-13,True
5.927196502727609,0.31187078544053964,0.020273139934996805,0.06400906987140526,-0.10834693639241562,21,0.16844423342342774,1.2590723458519533,0.13378439609000362,-0.9999999999999821,1.0081038338895876,2.0081038338895696,2.0081038338895696,1.787459069646502e-14,1.787459069646502e-14,True
5.132966537711652,0.3654165621601444,0.01227742944135915,0.10082681749928266,-0.12575763626627215,21,0.09437561045174148,1.4102383448341698,0.06692174468056968,-0.9999999999994256,1.016439486653692,2.016439486653118,2.016439486653118,5.74429392941056e-13,5.74429392941056e-13,True
5.620867752511114,0.2934554305916851,0.020050821083063722,0.0765316283322963,-0.05129139319861361,21,0.18714931379679056,1.2808161336961998,0.1461172364035672,-0.9999999999999941,1.0117468451085585,2.0117468451085525,2.0117468451085525,5.88418203051333e-15,5.88418203051333e-15,True
5.238084507600568,0.3400805016109292,0.0737861893118914,0.06306555895101396,-0.11007408301862166,21,0.25827880034847306,1.2531736973000458,0.20609976167304897,-0.9999999999961235,1.0276645728451854,2.027664572841309,2.027664572841309,3.8764547127811966e-12,3.8764547127811966e-12,True
5.323253376752661,0.42149371704852095,0.007745774597918705,0.029971464083209474,-0.16490238740083096,21,0.20000472644443823,1.4184583817502363,0.14100147668601481,-0.999999999999762,1.011736122561605,2.0117361225613672,2.0117361225613672,2.3803181647963356e-13,2.3803181647963356e-13,True
5.189075461100664,0.3442931484477636,0.013999788064042742,0.09058296169798144,-0.11706778446475485,21,0.1032098511925188,1.4021919725377845,0.07360607763694613,-0.9999999999999316,1.0124703347916366,2.0124703347915682,2.0124703347915682,6.838973831690964e-14,6.838973831690964e-14,True
5.230847072360217,0.3010761546039535,-0.0152471963970724,0.12936448856589264,-0.14042763207335718,21,0.26448523071517194,1.1243749428266434,0.23522867741099276,-0.9999999996790578,1.0450029891260728,2.0450029888051304,2.0450029888051304,3.2094216173561563e-10,3.2094216173561563e-10,True
5.571525279983116,0.3783251795197527,0.049883437279866966,0.09263909101844268,-0.07215842768603747,21,0.2504337964494707,1.2331825413808581,0.2030792587843865,-0.999999999999769,1.0339118479640328,2.0339118479638016,2.0339118479638016,2.310374114244951e-13,2.310374114244951e-13,True
6.376053502239475,0.23442905058766728,-0.05831108885717575,0.08457101411912857,-0.08887603856814509,21,0.3941321944995907,1.0606061608325748,0.3716103196969904,-1.000000000001382,1.0405531066883627,2.0405531066897447,2.0405531066897447,1.3820056210533949e-12,1.3820056210533949e-12,True
5.67209455092347,0.31202941257543054,-0.0122486918447798,0.10734890082831537,-0.09761616581513372,21,0.17700853719080145,1.1799382280853132,0.15001508805934133,-0.999999999954678,1.0253717593644842,2.025371759319162,2.025371759319162,4.532196840045799e-11,4.532196840045799e-11,True
5.108455290365514,0.2998660411797615,-0.009943931131496804,0.0803929233794265,-0.08109436986205217,21,0.31216861192080403,1.391455679159562,0.22434678775349395,-0.9999999999999677,1.0094008412666422,2.00940084126661,2.00940084126661,3.2307490016592055e-14,3.2307490016592055e-14,True
5.52359484495592,0.3429673939660126,0.01982420725444039,0.07573647224757978,-0.10510057099081095,21,0.12174621779919481,1.3237384373307899,0.09197150612675876,-0.9999999999999605,1.0110984224306396,2.0110984224306003,2.0110984224306003,3.952393967665557e-14,3.952393967665557e-14,True
5.375405283223677,0.35869317335338313,0.028558091148282998,0.11436495175853811,-0.09850681645410898,21,0.18353735480076838,1.2740431783688826,0.14405897532903514,-0.9999999999778852,1.031613251054661,2.031613251032546,2.031613251032546,2.2114754472113418e-11,2.2114754472113418e-11,True
5.483352615268097,0.35790388586669925,0.025742273907687706,0.12479410266509926,-0.08232791559436989,21,0.24292694422224925,1.192579417602239,0.20369875635676338,-0.999999999750146,1.0413856983091032,2.041385698059249,2.041385698059249,2.4985402635735454e-10,2.4985402635735454e-10,True
5.24092609566432,0.24331162745270496,0.03280217167827697,0.07188819715356744,-0.07028232659062451,21,0.3792397072092317,1.308896116640613,0.28974011182994486,-0.9999999999999922,1.0116228076151368,2.011622807615129,2.011622807615129,7.771561172376096e-15,7.771561172376096e-15,True
5.781280200800246,0.3403951911451054,0.030915777413707803,0.09718702173180886,-0.1013574487717514,21,0.13980847969334365,1.2554002721167286,0.11136565986051028,-0.9999999999990827,1.0248766181806401,2.024876618179723,2.024876618179723,9.172662629453043e-13,9.172662629453043e-13,True
5.479329698754457,0.2144479464014499,0.020777522680377743,0.017631792961886685,-0.08785566842677016,21,0.6655415495044287,1.3203415414721702,0.5040677192981107,-0.9999999999999999,1.0118412260199214,2.0118412260199214,2.0118412260199214,1.1102230246251565e-16,1.1102230246251565e-16,True
5.629248151767221,0.40387550358013485,0.016386727464897305,0.0948056336399597,-0.10548453067095852,21,0.19330003127734807,1.3139808051046304,0.147110239758758,-0.9999999999994629,1.0228080357467653,2.022808035746228,2.022808035746228,5.371258993136507e-13,5.371258993136507e-13,True
5.364307272971856,0.37783627707610984,0.005221833248494944,0.11641582998410234,-0.08901233180378262,21,0.2146926640035851,1.2966524443008538,0.16557456467785084,-0.9999999999694034,1.0277114515821115,2.027711451551515,2.027711451551515,3.059663633564469e-11,3.059663633564469e-11,True
5.621897643019625,0.38127835661513326,0.003706015921407199,0.10078226083793326,-0.08580070993489407,21,0.178372844996183,1.333703980182523,0.13374245533238338,-0.9999999999989984,1.0206067346701546,2.020606734669153,2.020606734669153,1.0016432128168162e-12,1.0016432128168162e-12,True
5.558268925492293,0.3672832898812429,0.02633507812851689,0.06739283339558355,-0.10647833604431053,21,0.11845091153512133,1.3040452399614266,0.09083343729595231,-1.0000000000005913,1.0139075381774914,2.0139075381780827,2.0139075381780827,5.913047829153584e-13,5.913047829153584e-13,True
5.557653179175194,0.3259405113143288,0.022607589719940143,0.056640800668179794,-0.07222480665554006,21,0.21319022893926598,1.295513247681387,0.16456043913160898,-1.0000000000000875,1.0087862877700333,2.008786287770121,2.008786287770121,8.748557434046234e-14,8.748557434046234e-14,True
5.392352967049075,0.3932472584520361,0.032516791900415475,0.0650277871519376,-0.13097471762852714,21,0.1589998253357694,1.330792862009909,0.11947751590403818,-1.0000000000007463,1.0170971167513634,2.01709711675211,2.01709711675211,7.462919171530302e-13,7.462919171530302e-13,True
5.469317330618193,0.410255680789104,0.017491137300101236,0.08347033466119773,-0.07919038371602619,21,0.18934876015189994,1.325028458027163,0.14290165543600597,-1.000000000000138,1.0196915090397516,2.0196915090398893,2.0196915090398893,1.3788969965844444e-13,1.3788969965844444e-13,True
5.485603936397617,0.38670623138805377,-0.02054795740017295,0.08771885577620586,-0.0695945215350609,21,0.10248389001468228,1.4032319938648632,0.07303417429388506,-0.9999999999999678,1.009925940413229,2.009925940413197,2.009925940413197,3.219646771412954e-14,3.219646771412954e-14,True
5.103375509272476,0.3555857949147097,0.021328848720535476,0.09102099316155916,-0.0932634918927459,21,0.10128137111547764,1.3878019543535367,0.07297970059615339,-1.0,1.0149362651161469,2.014936265116147,2.014936265116147,0.0,0.0,True
5.459451718556012,0.3722448533322081,-0.009325087472302644,0.03425973502845417,-0.09257706808543806,21,0.23828840443260768,1.3942609532887147,0.170906603868196,-0.9999999999999197,1.0046767520246898,2.0046767520246096,2.0046767520246096,8.026912468039882e-14,8.026912468039882e-14,True
5.903046986062899,0.34668860374642,-0.04252975037307044,0.10070023624590141,-0.085366602704832,21,0.19125130349651842,1.24339093425404,0.1538142978429047,-0.9999999999890691,1.0193194039497533,2.0193194039388223,2.0193194039388223,1.0930922833551904e-11,1.0930922833551904e-11,True
5.338410190462742,0.35152273669915773,0.004524237627288907,0.06550759179619083,0.004517061267278966,21,0.15219027005398433,1.3339595342611386,0.11408912050565341,-0.9999999999999859,1.0096431093941185,2.0096431093941045,2.0096431093941045,1.4099832412739488e-14,1.4099832412739488e-14,True
5.333770158322906,0.3791196013984195,0.024945854171245497,0.08578373008181028,-0.06040705276920441,21,0.1489819339763745,1.321643609069329,0.11272474134028017,-0.99999999999963,1.019227992046923,2.019227992046553,2.019227992046553,3.700373341075647e-13,3.700373341075647e-13,True
5.474836262913821,0.2896225337151539,0.023082824606843563,0.09128034442460271,-0.10430950095128394,21,0.18154265801545577,1.260302336012632,0.14404691067210415,-0.9999999999987477,1.0162324370739715,2.016232437072719,2.016232437072719,1.2523315717771766e-12,1.2523315717771766e-12,True
5.197402146531145,0.3155642553746001,0.027522305236901988,0.08480976567423634,-0.08022533995299218,21,0.17739645441067253,1.3496519934543616,0.13143866364886836,-0.9999999999999903,1.013694764844368,2.013694764844358,2.013694764844358,9.658940314238862e-15,9.658940314238862e-15,True
5.3555978256489025,0.3695848583273852,-0.011765317295770511,0.08976509624427156,-0.06899744825281387,21,0.0835318336107369,1.4056540576880514,0.05942559846348385,-0.999999999999914,1.010916937596906,2.01091693759682,2.01091693759682,8.604228440844963e-14,8.604228440844963e-14,True
5.480190059464958,0.28200578223239714,0.029863887696968294,0.08161958908448666,-0.09515472395955347,21,0.21671624645850884,1.29591931760803,0.1672297368469801,-0.9999999999999253,1.0130582879520524,2.013058287951978,2.013058287951978,7.471800955727304e-14,7.471800955727304e-14,True
5.889458898891256,0.401654619321319,0.03841524167416459,0.09592355574874917,-0.0671831399113301,21,0.30569958208574377,1.2069569834502416,0.2532812571429532,-0.999999999999056,1.0372533835364623,2.037253383535518,2.037253383535518,9.440226378387706e-13,9.440226378387706e-13,True
5.430571911259431,0.5491220719921173,0.03369498362621079,0.0778616820225493,-0.11493350366901035,21,0.5676761582191177,1.313275103824882,0.4322598947971941,-0.9999999987826248,1.0489286186901239,2.0489286174727486,2.0489286174727486,1.2173752006461314e-09,1.2173752006461314e-09,True
5.44844585207422,0.3080528583454309,0.02702966670171114,0.07002565469486469,-0.07989908015615715,21,0.2108220411658146,1.3075059262637283,0.16123983603519904,-0.9999999999999823,1.0099912319597646,2.009991231959747,2.009991231959747,1.765254609153999e-14,1.765254609153999e-14,True
5.004007592815434,0.3256639269755332,0.007663667343737453,0.0844268472431979,-0.0655628406140972,21,0.1923145709993328,1.4225868936555255,0.13518651961227832,-0.9999999999999717,1.010223921344376,2.010223921344348,2.010223921344348,2.8310687127941492e-14,2.8310687127941492e-14,True
5.2852291497917605,0.34879413441812285,0.009100686642171407,0.09721809314732696,-0.0630771146754906,21,0.10368450673835539,1.3535381933067052,0.0766025718750154,-0.9999999999991742,1.0170490939162855,2.0170490939154595,2.0170490939154595,8.257838857161914e-13,8.257838857161914e-13,True
5.801349059475746,0.36742418435539365,-0.008939545972566132,0.10687346572427052,-0.0616632333346368,21,0.2143988168264226,1.255297920595152,0.17079516607880105,-0.9999999999822199,1.0237612613064078,2.0237612612886275,2.0237612612886275,1.778011071706942e-11,1.778011071706942e-11,True
5.670824675540886,0.35598899428239844,-0.0001725682989421138,0.09729920817651241,-0.11967855262324475,21,0.1076997870483607,1.3237891263167167,0.0813572078115057,-0.9999999999986142,1.0166018351842634,2.0166018351828776,2.0166018351828776,1.3857803793371204e-12,1.3857803793371204e-12,True
5.06497504941874,0.3747886276633443,0.029740298535436707,0.07070096223218626,-0.10487179868480083,21,0.15218211722234698,1.3816957639719682,0.11014155300358469,-1.0000000000003046,1.013237568957819,2.0132375689581234,2.0132375689581234,3.0464519795714295e-13,3.0464519795714295e-13,True
5.652470235022285,0.392722867748503,0.0104226001782898,0.1469935727652469,-0.09453442168158478,21,0.45950388938314646,1.1113875816108654,0.41345062423419665,-0.9999999944250143,1.0626621895985287,2.062662184023543,2.062662184023543,5.574985695311341e-09,5.574985695311341e-09,True
5.232794061594223,0.30350268651140805,0.06336036184773644,0.07838472645980461,-0.06399609766807268,21,0.2445295118008941,1.2542593529104136,0.19495928910833468,-0.9999999999997439,1.023420686953463,2.023420686953207,2.023420686953207,2.561284517810236e-13,2.561284517810236e-13,True
5.258928693459322,0.39942955606307073,0.03439936998775069,0.09584119688242514,-0.06418113064809723,21,0.2214536886066103,1.3149921415793029,0.16840685324601626,-0.999999999998656,1.0276644308861456,2.0276644308848013,2.0276644308848013,1.3440359936112145e-12,1.3440359936112145e-12,True
5.434100667338377,0.36483445151171223,-0.06359100865671395,0.03263617969034077,-0.04319728780042654,21,0.30448854800732006,1.496900441613479,0.20341269168116347,-0.9999999999999993,1.0019832750030597,2.001983275003059,2.001983275003059,6.661338147750939e-16,6.661338147750939e-16,True
5.664436691533529,0.3236366144442552,0.019712564830010326,0.09309783251208337,-0.13077773559835193,21,0.08000547007135816,1.2916582353175587,0.06194012307883326,-0.9999999999991723,1.0168996782832145,2.0168996782823867,2.0168996782823867,8.276712648580542e-13,8.276712648580542e-13,True
5.548645302375254,0.4224232432178897,0.0033674672078716945,0.15844324413667973,-0.08017777212613278,21,0.5751931288569614,1.1144998440145975,0.51609978408344,-0.9999999872710552,1.0720107097421276,2.072010697013183,2.072010697013183,1.2728944787099294e-08,1.2728944787099294e-08,True
5.6103652663449255,0.3337472765810411,-0.002189149758617939,0.07064376206035133,-0.06644563346653476,21,0.1301417296588685,1.339143382422874,0.09718281953005418,-1.0000000000000027,1.0066349674154125,2.0066349674154154,2.0066349674154154,2.6645352591003757e-15,2.6645352591003757e-15,True
5.282052867511393,0.35580870336739145,0.016947356154522378,0.0952914462821799,-0.0881453518400938,21,0.10336293729537727,1.363097083958739,0.07582947576645689,-0.9999999999998173,1.0170513244620047,2.0170513244618222,2.0170513244618222,1.8274270985330077e-13,1.8274270985330077e-13,True
5.452360864832137,0.23477447002750979,0.002056162995165702,0.0982943086371029,-0.07683167670372762,21,0.3622652848693383,1.1154469030654417,0.32477142916778057,-0.9999999999886142,1.029989661659236,2.0299896616478503,2.0299896616478503,1.138578120674083e-11,1.138578120674083e-11,True
5.360838219586441,0.40392750340294725,0.042029321242617636,0.05207870669859266,-0.13456989503198863,21,0.21128180494156634,1.316518237667513,0.1604852852748141,-0.999999999961784,1.0219440259353678,2.021944025897152,2.021944025897152,3.8215985931344676e-11,3.8215985931344676e-11,True
6.30643893788586,0.26927163724434644,0.006643796335221042,0.14827350219553986,-0.09606947965499285,21,0.29668296234734015,0.7804035866300455,0.3801660671864445,-0.9999997733935415,1.1104604921360486,2.11046026552959,2.11046026552959,2.266064584866001e-07,2.266064584866001e-07,True
4.563796309379304,0.32591187083920264,0.0001389231919590589,0.07556350005720859,-0.07620930551197141,21,0.32878971315705385,1.5332158258462874,0.21444450782105134,-0.9999999999999994,1.006396999038201,2.0063969990382002,2.0063969990382002,5.551115123125783e-16,5.551115123125783e-16,True
5.488443486766199,0.42336295263617807,0.00025888102204713395,0.08981244142172126,-0.17684524061747156,21,0.15792096284884916,1.4121324820595391,0.1118315489907347,-0.9999999999999812,1.0146392962314614,2.0146392962314428,2.0146392962314428,1.8762769116165146e-14,1.8762769116165146e-14,True
5.112200175775785,0.3660597153596249,0.07626102047898123,0.0674979967863201,-0.0867591884171263,21,0.2712932737010836,1.2570987777677078,0.21580903465902052,-0.9999999999797046,1.0345805067899005,2.034580506769605,2.034580506769605,2.0295432001660174e-11,2.0295432001660174e-11,True
5.263529827750535,0.38965544242565847,0.011871009710979966,0.0881479608102613,-0.10031175727676002,21,0.10789870132981938,1.3845048761417504,0.07793305981738727,-0.999999999999952,1.0145373901168413,2.0145373901167933,2.0145373901167933,4.796163466380676e-14,4.796163466380676e-14,True
5.558023964353767,0.20756114151152488,0.0331981647130831,0.09307442324699994,-0.10261626199887128,21,0.384966471625934,1.08555312772732,0.35462702081830644,-0.9999999999876349,1.0268050906069073,2.026805090594542,2.026805090594542,1.2365108936762681e-11,1.2365108936762681e-11,True
5.205518532258544,0.3811517951974399,0.036951824946734026,0.08665096070203962,-0.10984947033028955,21,0.15108232947489242,1.3423492160055446,0.1125506892494571,-0.9999999999997685,1.0206867991190425,2.020686799118811,2.020686799118811,2.3148150063434514e-13,2.3148150063434514e-13,True
5.640400710239776,0.3955443340779885,0.011174028391049503,0.08079577854070955,-0.07807920364835726,21,0.1519091892504194,1.3102264479027224,0.11594117146206309,-0.9999999999997965,1.016557982536986,2.0165579825367823,2.0165579825367823,2.035038804137912e-13,2.035038804137912e-13,True
5.587241364677904,0.32218341685570534,0.031194437507427827,0.06091704379807221,-0.08309546185833296,21,0.2063398858779566,1.2769949889361147,0.16158237711634382,-1.000000000000152,1.0109240286680778,2.0109240286682297,2.0109240286682297,1.5210055437364645e-13,1.5210055437364645e-13,True
5.637481527706665,0.33726330642691377,0.03776412050734462,0.09749280229784883,-0.07639610094727488,21,0.14503465382025849,1.25129140270279,0.11590797595746569,-0.9999999999993185,1.0268579187436238,2.0268579187429423,2.0268579187429423,6.814548925149211e-13,6.814548925149211e-13,True
5.417464557705354,0.3403713797120582,0.02460348266251282,0.07817989522555387,-0.08505850643615388,21,0.1337231864748749,1.320764285898755,0.10124682193679914,-0.9999999999999393,1.0130147935362228,2.013014793536162,2.013014793536162,6.072919944699606e-14,6.072919944699606e-14,True
5.676785145800208,0.378927722984359,-0.003440860289154966,0.11371334905846048,-0.05770276940885129,21,0.26006234158809405,1.2556485503493418,0.20711395837293842,-0.9999999999608163,1.0285516199686027,2.028551619929419,2.028551619929419,3.918365631960796e-11,3.918365631960796e-11,True
5.548741685815755,0.30041959053855094,0.0006075283595576714,0.04906765141246233,-0.11322287444086788,21,0.31848488575045586,1.3669466116034952,0.2329899961322246,-0.9999999999999994,1.00236222762866,2.0023622276286592,2.0023622276286592,5.551115123125783e-16,5.551115123125783e-16,True
5.375998583541764,0.32372795761525497,0.01347638959653704,0.10920650651211491,-0.07390133775814588,21,0.11685981612825347,1.2301736593796315,0.09499456864259725,-0.9999999999682949,1.0256464910246492,2.025646490992944,2.025646490992944,3.1705083003430445e-11,3.1705083003430445e-11,True
5.640679228099774,0.28033035418334135,-0.0036691232310768207,0.06628660187067183,-0.13691811346058147,21,0.3331929521590884,1.3657462693836964,0.24396402144993176,-0.9999999999999987,1.005128685134294,2.0051286851342924,2.0051286851342924,1.3322676295501878e-15,1.3322676295501878e-15,True
5.467235610645304,0.279954791591376,-0.010020527124726534,0.07434732454007978,-0.08856702595531629,21,0.32947846857614627,1.332315452492463,0.2472976410802457,-0.999999999999979,1.009027274503232,2.009027274503211,2.009027274503211,2.098321516541546e-14,2.098321516541546e-14,True
5.365329472453635,0.37711229959995207,0.014851162782224706,0.11153928226962964,-0.07501689775622922,21,0.19886261693250606,1.3175818003084532,0.1509299968214127,-0.9999999999907445,1.0273210442348233,2.027321044225568,2.027321044225568,9.25548526709008e-12,9.25548526709008e-12,True
5.5001414350203905,0.3544921614096761,-0.036953671532816874,0.07625604834225067,-0.12829040295954913,21,0.17739646173007473,1.4664601051026342,0.12096916998479079,-0.9999999999999951,1.0050753801013164,2.0050753801013115,2.0050753801013115,4.884981308350689e-15,4.884981308350689e-15,True
5.439519671543518,0.38730613249677154,0.009503572069456265,0.06628057298704577,-0.07982053769704507,21,0.10458405356279243,1.3483756507056142,0.07756299478417819,-1.0000000000002198,1.0108962805905235,2.0108962805907433,2.0108962805907433,2.19824158875781e-13,2.19824158875781e-13,True
5.6618553256308255,0.32606006151490985,0.08942508122350692,0.1034291491571704,-0.11659556685645833,21,0.2609919984793543,1.1540625909198827,0.22615064428292594,-0.9999999999865923,1.0525242462628899,2.052524246249482,2.052524246249482,1.3407719379188165e-11,1.3407719379188165e-11,True
5.28341085928891,0.35561344851839105,-0.0018889217289230799,0.09236343054835608,-0.10250298936340063,21,0.08644289594851529,1.4059151386449522,0.06148514485150974,-0.9999999999998065,1.0119039201097306,2.0119039201095372,2.0119039201095372,1.9351187319216478e-13,1.9351187319216478e-13,True
5.273693722159121,0.270715292528776,0.02025197235813445,0.08370053941127542,-0.09504569633880174,21,0.2974164828356396,1.296911065026749,0.22932681419408302,-0.9999999999998108,1.0126771382622972,2.012677138262108,2.012677138262108,1.8918200339612667e-13,1.8918200339612667e-13,True
5.173584181758278,0.3512963076614801,-0.002981594862418729,0.062256858233476084,0.018455796865921775,21,0.17593352102523951,1.3716542108499263,0.12826375600613274,-0.999999999999995,1.0079920509982858,2.007992050998281,2.007992050998281,4.9960036108132044e-15,4.9960036108132044e-15,True
5.1553347282092385,0.3358962591451374,0.019346257749290056,0.08363550542170733,-0.069642085844364,21,0.14755906679165487,1.3702154723450575,0.10769041057397685,-1.0000000000000033,1.0124060670304669,2.0124060670304704,2.0124060670304704,3.3306690738754696e-15,3.3306690738754696e-15,True
5.644738713136249,0.3829489087125466,0.038081643936708966,0.09476192345737652,-0.0600577641293704,21,0.23740767703189025,1.241751904849181,0.19118768902611427,-0.9999999999975653,1.0312972154996853,2.0312972154972506,2.0312972154972506,2.4347190930029683e-12,2.4347190930029683e-12,True
5.361915462786629,0.32596842201326953,0.040361902462809233,0.08353529708522768,-0.0835177712813091,21,0.15796454433464935,1.2939492011024252,0.12207940172617746,-0.9999999999998569,1.0180770879451058,2.0180770879449628,2.0180770879449628,1.4310774787418268e-13,1.4310774787418268e-13,True
5.541648322847216,0.4222556620471667,0.027238634969022336,0.07564901500421894,-0.07693890209224914,21,0.25135607629265055,1.290165919998126,0.19482461317302172,-1.0000000000070666,1.0245522337914066,2.024552233798473,2.024552233798473,7.066569551739121e-12,7.066569551739121e-12,True
5.170826051460042,0.34279451872173383,0.06751733684474201,0.08121820825109066,-0.13859599312779333,21,0.18926614298077582,1.2937630316446653,0.14629119734560336,-1.0000000000018745,1.025699840481599,2.0256998404834734,2.0256998404834734,1.8745005547771143e-12,1.8745005547771143e-12,True
6.111073112254998,0.3268717203392524,-0.0459719534362797,0.07127928509199744,-0.08790294219162853,21,0.17073802839920726,1.3426280559247568,0.12716703456759562,-0.999999999999983,1.0061878506018362,2.0061878506018194,2.0061878506018194,1.6986412276764895e-14,1.6986412276764895e-14,True
5.56887084157859,0.29117219975261693,0.005797514864277736,0.07168394271383154,-0.0700700718351501,21,0.24143513932604055,1.3300035667253858,0.18152969312742542,-0.9999999999999966,1.0077136066790793,2.0077136066790757,2.0077136066790757,3.4416913763379853e-15,3.4416913763379853e-15,True
5.230234081189399,0.39180906157087214,0.03302046552785414,0.08520810034083717,-0.11700711957220773,21,0.15485506069177957,1.3507925595339256,0.11464014929517409,-1.0000000000000069,1.019906086977025,2.0199060869770316,2.0199060869770316,6.8833827526759706e-15,6.8833827526759706e-15,True
5.4378975118539365,0.37227092793734134,0.06345195706849249,0.11216822276848187,-0.08708934660442387,21,0.27697037579764916,1.231825746104577,0.22484541882122303,-0.9999999999911189,1.0476455316883755,2.0476455316794944,2.0476455316794944,8.881118063186477e-12,8.881118063186477e-12,True
5.163315164171482,0.33285519935216856,0.02562600646702984,0.04871241867566167,-0.09452063176202384,21,0.29413538239381976,1.3677000364544099,0.21505840063902368,-0.9999999999999737,1.0078457200206439,2.0078457200206175,2.0078457200206175,2.631228568361621e-14,2.631228568361621e-14,True
5.381941502793074,0.37850532500216716,-0.0032410530387899945,0.1046664171075637,-0.10217723703216375,21,0.1499067150855038,1.364114584923165,0.10989305205174345,-0.9999999999973626,1.0185746083191964,2.018574608316559,2.018574608316559,2.637445817299522e-12,2.637445817299522e-12,True
5.182751996814362,0.37377250889332525,0.01456896026238194,0.08429194450823732,-0.057109305145920664,21,0.09638424942216095,1.3696281814800173,0.07037256587259202,-0.9999999999999349,1.0141101795298118,2.0141101795297467,2.0141101795297467,6.505906924303417e-14,6.505906924303417e-14,True
5.882488865030447,0.34059195125844566,0.01842372237106843,0.08879288281559723,-0.15661199928036673,21,0.0860777054461701,1.2931273621639539,0.06656552785498666,-0.9999999999999127,1.0160806043467576,2.01608060434667,2.01608060434667,8.72635297355373e-14,8.72635297355373e-14,True
5.229991734886352,0.36384245544178306,0.026204296714089744,0.16939860508212662,-0.1214944008784593,21,0.44212135971702216,1.0132484620501103,0.4363405189113003,-0.9999999322365845,1.0903130640610958,2.0903129962976803,2.0903129962976803,6.776341554548537e-08,6.776341554548537e-08,True
5.44184445696489,0.36196402728279586,-0.006401929870034169,0.04252965309061498,-0.12301845462972796,21,0.22648133503857504,1.406814919838757,0.16098872129144987,-0.9999999999999903,1.002994157627418,2.002994157627408,2.002994157627408,9.658940314238862e-15,9.658940314238862e-15,True
5.540908830965355,0.5489275677396809,0.007256775751139358,0.16061034479174918,-0.058271829482534974,21,0.8652894174321168,1.3255180873276116,0.652793368649261,-0.9999999995670349,1.0788907098075975,2.0788907093746323,2.0788907093746323,4.3296510821022594e-10,4.3296510821022594e-10,True
5.312348881427433,0.34587195866086307,0.048857694594471354,0.11826329518055256,-0.11199270248182348,21,0.18943177766713237,1.2437821576425716,0.1523030190641871,-0.9999999999610296,1.0394197037313138,2.039419703692343,2.039419703692343,3.897038247657747e-11,3.897038247657747e-11,True
6.162880766282887,0.36192162191033034,-0.018403380646403726,0.09212799495122233,-0.0777426499798295,21,0.1660405449653206,1.2816459426760005,0.12955258502877778,-0.9999999999988769,1.015631468132354,2.0156314681312306,2.0156314681312306,1.1231016117108084e-12,1.1231016117108084e-12,True
5.123789170063748,0.29239221275142013,0.007741765926363603,0.04049136016794927,-0.08127234563311689,21,0.4251877139566691,1.4090033635017094,0.3017648679702057,-1.0000000000000007,1.004466604996927,2.004466604996928,2.004466604996928,6.661338147750939e-16,6.661338147750939e-16,True
5.461267515245073,0.4846240012984708,0.03327899790239179,0.06216529969764036,-0.08983461018605549,21,0.3844524548772774,1.2963601853929865,0.2965629916817695,-0.9999999995703918,1.036122698323178,2.03612269789357,2.03612269789357,4.296082378729693e-10,4.296082378729693e-10,True
5.382247306639901,0.3317351413992939,0.022831987498117094,0.0757630142023453,-0.08348277302697935,21,0.15704587450410123,1.3299388157618326,0.11808503717830073,-0.9999999999999726,1.0112320536849688,2.0112320536849415,2.0112320536849415,2.7422508708241367e-14,2.7422508708241367e-14,True
5.624708994405081,0.3488110752726551,0.021799216147262823,0.01578727581963283,-0.08284771947852805,21,0.36422015305930144,1.2915754512389692,0.28199680685314676,-1.0000000000173883,1.0151492543675091,2.0151492543848972,2.0151492543848972,1.7388313011679202e-11,1.7388313011679202e-11,True
5.434203991451371,0.2910584900867713,-0.0078431766127533,0.0752042861164762,-0.10563696032132558,21,0.3034239892275499,1.3586188803930617,0.22333267526781783,-0.9999999999999843,1.0077674408624073,2.007767440862392,2.007767440862392,1.5654144647214707e-14,1.5654144647214707e-14,True
5.3136858002749765,0.3285092485669898,0.03053993399136036,0.09601887968701293,-0.0871585193700709,21,0.10954230223847694,1.3260482956925965,0.0826080789020304,-0.9999999999994404,1.0200170253180119,2.0200170253174523,2.0200170253174523,5.595524044110789e-13,5.595524044110789e-13,True
4.926857948517213,0.36036486326411343,0.02401167909164402,0.04848829608431646,-0.06996469622715151,21,0.27427700068087835,1.4012276116151856,0.19574050525932835,-0.9999999999996881,1.0101637344133616,2.01016373441305,2.01016373441305,3.1186164761720647e-13,3.1186164761720647e-13,True
5.2699463252446925,0.4655412760595895,0.014471331976441841,0.09167955562232873,-0.11232156983621679,21,0.28784176192607536,1.3838309585255413,0.2080035571922513,-1.0000000000015894,1.0244547571222709,2.02445475712386,2.02445475712386,1.5893952820533741e-12,1.5893952820533741e-12,True
5.2805118024524,0.529535913606616,-0.045967597618805575,0.07642799058037006,-0.06545514407785005,21,0.32157784144750634,1.4963138711134518,0.21491335986092988,-1.000000000000028,1.0116258670432396,2.011625867043268,2.011625867043268,2.7977620220553945e-14,2.7977620220553945e-14,True
5.344243458842755,0.31417286154871044,0.001849353923650163,0.07805767758688958,-0.06794486501926664,21,0.19932913840649413,1.3760207558132924,0.14485910736766563,-0.9999999999999869,1.0084918862728556,2.0084918862728425,2.0084918862728425,1.3100631690576847e-14,1.3100631690576847e-14,True
5.266458934390561,0.3338608958108097,0.026478736241721354,0.09232069543687688,-0.11725882418359039,21,0.11392257335153055,1.3594923761534534,0.08379787584676494,-0.999999999999884,1.015897706970538,2.015897706970422,2.015897706970422,1.1601830607332886e-13,1.1601830607332886e-13,True
5.8864816472417685,0.24493528505479462,0.010096835884435367,0.10478078233953292,-0.15787636555880874,21,0.2623749563219959,1.0559191670350176,0.24848015313400854,-0.9999999999195105,1.0328413978446545,2.032841397764165,2.032841397764165,8.048950395078691e-11,8.048950395078691e-11,True
5.652292282181016,0.3476968972050198,-0.005053646772224517,0.07452803709538595,-0.07808529369501556,21,0.0857523375010234,1.344372368705312,0.06378614995159902,-1.0000000000000056,1.0074056798024829,2.0074056798024884,2.0074056798024884,5.551115123125783e-15,5.551115123125783e-15,True
5.335433859508776,0.28775409946167607,-0.0010154661623612057,0.06553867612006978,-0.048634176115664014,21,0.31412112175453344,1.3739994484997708,0.22861808430673897,-1.0000000000000002,1.0066614762724395,2.0066614762724395,2.0066614762724395,2.220446049250313e-16,2.220446049250313e-16,True
5.31644876798376,0.2878719500463182,0.036524454173031025,0.03790565477611498,-0.1139592498714463,21,0.42863421637007537,1.326001176977166,0.32325326991580533,-0.9999999999998896,1.0074993804324637,2.0074993804323533,2.0074993804323533,1.1035616864774056e-13,1.1035616864774056e-13,True
4.705300688742301,0.3018653185252235,0.02231901572312274,0.16669677228583663,-0.16180634371481217,21,0.27526922079850835,1.0296787427198497,0.2673350525537676,-0.9999999784118402,1.081175522880082,2.081175501291922,2.081175501291922,2.1588159815344454e-08,2.1588159815344454e-08,True
6.092200369611428,0.3816287993465868,0.020325312329656706,0.08979206164827871,-0.09126351834259788,21,0.20005074467766204,1.226171210495856,0.16315074352199377,-0.9999999999988025,1.025013293975828,2.025013293974631,2.025013293974631,1.1974865543606938e-12,1.1974865543606938e-12,True
5.38888666663571,0.22995872332350845,0.01398626507102269,0.08208076966150685,-0.11781114589774304,21,0.43060532773165927,1.2195631830111238,0.3530816063735926,-0.9999999999997325,1.0163578755820328,2.0163578755817655,2.0163578755817655,2.674527266322002e-13,2.674527266322002e-13,True
5.38431367241265,0.32593013688644545,-0.029136997576886835,0.09273722988118413,-0.06780875986611203,21,0.1837533524995436,1.3218911156857138,0.13900793364832015,-0.9999999999989556,1.0140689199340416,2.0140689199329973,2.0140689199329973,1.0443867992648848e-12,1.0443867992648848e-12,True
5.35418545020423,0.5025349144850384,0.021890716089177358,0.07228515073126485,-0.05857038370588651,21,0.4136909462632896,1.324128276535388,0.3124251279836131,-0.9999999998581234,1.0344232927136505,2.034423292571774,2.034423292571774,1.4187662156217584e-10,1.4187662156217584e-10,True
5.74770281252639,0.29202780596829386,0.015766448577045254,0.06582057669118117,-0.08606513207124761,21,0.21849176866386588,1.2866373758440441,0.1698161212832276,-1.0000000000000004,1.006993099758723,2.0069930997587235,2.0069930997587235,4.440892098500626e-16,4.440892098500626e-16,True
5.566368959276873,0.3043955951813293,-0.0029921315374576707,0.06086573296976251,-0.06423153182544764,21,0.25136358639110057,1.3471475708443752,0.18658949608137512,-0.9999999999999992,1.0044929908039193,2.0044929908039184,2.0044929908039184,7.771561172376096e-16,7.771561172376096e-16,True
5.302225590563051,0.3537745327413858,0.08258200293668655,0.08126079274743671,-0.11791179804698929,21,0.26210133264344804,1.2266724688312616,0.21366855399727908,-1.0000000000236304,1.0382502766720618,2.0382502766956923,2.0382502766956923,2.3630430945331682e-11,2.3630430945331682e-11,True
6.10215341464287,0.37568924033556916,0.012537911963820808,0.14845853455496202,-0.0914739906799598,21,0.4982016781498122,1.0045552831924645,0.49594251952618607,-0.99999997746156,1.0775578259063476,2.077557803367908,2.077557803367908,2.253844000321692e-08,2.253844000321692e-08,True
5.802979125634712,0.35834162814782555,-0.052095474821738305,0.07272096672680273,-0.09380811219241726,21,0.14285030887932892,1.4325549099046133,0.09971716120036238,-0.9999999999999946,1.0048781423736497,2.004878142373644,2.004878142373644,5.440092820663267e-15,5.440092820663267e-15,True
6.097353573274023,0.27655812677579256,0.005928044892015857,0.12032377970163965,-0.11628190249937473,21,0.19829311064030475,0.9848928485044504,0.20133470452284305,-0.9999999980722237,1.0487013545411048,2.0487013526133286,2.0487013526133286,1.9277762719482894e-09,1.9277762719482894e-09,True
5.379079674510652,0.3670809212725621,-0.01267684410017777,0.15335111722641825,-0.013368438362733492,21,0.4219278149575645,1.0463958701326834,0.40322006900128904,-0.9999999813391848,1.0685595753979578,2.0685595567371426,2.0685595567371426,1.866081522639007e-08,1.866081522639007e-08,True
5.484456095491955,0.34629682664073164,-0.00956671455731497,0.12745038591616278,-0.04091138258356819,21,0.2418622749928312,1.1433250315700954,0.21154288440679786,-0.9999999992378349,1.0399644185459473,2.039964417783782,2.039964417783782,7.621651088030035e-10,7.621651088030035e-10,True
5.455739186370604,0.35884962333216497,-0.03818152137249343,0.05469728237151419,-0.05051579944688517,21,0.19798465448532832,1.438625371596364,0.13762071654946248,-1.0000000000000024,1.0015256222618123,2.0015256222618145,2.0015256222618145,2.4424906541753444e-15,2.4424906541753444e-15,True
5.53708434826574,0.3478545289878055,0.03618618408534174,0.04907659027585462,-0.10105723214195947,21,0.22585057724497348,1.2829018840031066,0.17604664866516526,-0.9999999999975668,1.0139146084720727,2.0139146084696398,2.0139146084696398,2.433164780768493e-12,2.433164780768493e-12,True
5.687954812271944,0.2802576052297536,-0.002686968522353469,0.0795572059907775,-0.07394468218186104,21,0.25173551445679365,1.2658470038706273,0.19886725148225073,-0.9999999999998178,1.0111464446830327,2.0111464446828506,2.0111464446828506,1.821875983409882e-13,1.821875983409882e-13,True
5.382534370883845,0.41610907349459736,-0.02000467331284729,0.10962062198749917,-0.057658901582743206,21,0.27261723464553134,1.3918190593328585,0.19587117507659732,-0.9999999999961486,1.0202761969021006,2.020276196898249,2.020276196898249,3.851363672424668e-12,3.851363672424668e-12,True
5.965106262554564,0.2986741559469732,0.00650395545867381,0.06931421263568012,-0.11072972736458056,21,0.1802772969715245,1.284242402719484,0.14037637800291689,-0.9999999999999996,1.006644804543613,2.0066448045436127,2.0066448045436127,4.440892098500626e-16,4.440892098500626e-16,True
5.170893564714327,0.3268970738369616,0.015137846670665112,0.10172233870223614,-0.10553807198673851,21,0.11068985617884652,1.3214996934463654,0.08376078838896757,-0.9999999999969396,1.0181817714804884,2.018181771477428,2.018181771477428,3.0604407896817065e-12,3.0604407896817065e-12,True
5.540365749709201,0.36976221734674397,0.014534282111956525,0.15533200679171075,-0.06228006229850858,21,0.44871805480952087,1.0303308145774555,0.4355087205593698,-0.9999999737329078,1.0766339038232982,2.076633877556206,2.076633877556206,2.62670921680197e-08,2.62670921680197e-08,True
5.102731059448947,0.33999357530333896,0.025958280594113793,0.0778440941883582,-0.08092751183562885,21,0.17256831399924422,1.370498123684499,0.12591649052047224,-0.9999999999999684,1.011838958782396,2.011838958782364,2.011838958782364,3.164135620181696e-14,3.164135620181696e-14,True
5.3829807752350485,0.380662250597936,0.031427333984548486,0.1195606169954439,-0.06908641821630934,21,0.2579215513287312,1.2751189780137597,0.2022725375246889,-0.999999999968909,1.0388588556941887,2.0388588556630975,2.0388588556630975,3.109101864851027e-11,3.109101864851027e-11,True
5.631796759954862,0.3666222814925864,-0.01027227068437256,0.08329399262659196,-0.10480307452566208,21,0.06996876663389484,1.3729936082367837,0.05096073733638836,-0.9999999999999923,1.0092388893204958,2.009238889320488,2.009238889320488,7.66053886991358e-15,7.66053886991358e-15,True
6.197007613327674,0.3238356922545119,0.02456803341092216,0.08235857636588424,-0.038872017891916244,21,0.12241118304452736,1.1795196220306738,0.10378053977074407,-0.9999999999998463,1.0201265207416932,2.0201265207415395,2.0201265207415395,1.5365486660812167e-13,1.5365486660812167e-13,True
4.623487318900881,0.4265159484865979,0.009955247132155391,0.09826649492395641,-0.09611909018980884,21,0.12308585674398054,1.509395085505974,0.08154648039199104,-0.9999999999999917,1.014874283992747,2.0148742839927385,2.0148742839927385,8.326672684688674e-15,8.326672684688674e-15,True
5.718193238238128,0.3898571500779238,0.03254818550202504,0.10668101412925848,-0.15516313712178387,21,0.2230734364319351,1.2879029956861374,0.1732067067000582,-0.9999999999988215,1.03226874521588,2.0322687452147017,2.0322687452147017,1.1785017406396037e-12,1.1785017406396037e-12,True
5.2565522514191105,0.34688732768223146,-2.533687616782139e-05,0.07392237191033435,-0.1039182742011293,21,0.15274359741956212,1.4151726961972586,0.10793283238858604,-1.0000000000000013,1.0059220899019792,2.0059220899019805,2.0059220899019805,1.3322676295501878e-15,1.3322676295501878e-15,True
5.601710420853745,0.3691370981397561,0.023920414437088058,0.15567957549046005,-0.07883375443030276,21,0.453725147618369,1.022823244940656,0.443600739289704,-0.9999999716641547,1.0804671833560038,2.0804671550201586,2.0804671550201586,2.833584533679101e-08,2.833584533679101e-08,True
5.496502126021087,0.27462070926938886,0.02259371022464924,0.07413743809547378,-0.0810533578576596,21,0.2637165920615332,1.3099910341561198,0.20131175342846236,-0.9999999999999902,1.0099467988325768,2.009946798832567,2.009946798832567,9.769962616701378e-15,9.769962616701378e-15,True
5.661095302225788,0.30959910760219267,0.012132378421837134,0.06714177746505366,-0.08297974689655813,21,0.1878596340467673,1.307125209595929,0.14371969316148395,-0.9999999999999984,1.0070247442474083,2.0070247442474067,2.0070247442474067,1.5543122344752192e-15,1.5543122344752192e-15,True
5.079574390181919,0.38068015133243227,0.01829730446850767,0.07823250721598633,-0.10830381690467,21,0.10631684000834851,1.4075551281328278,0.0755329847360093,-0.9999999999999559,1.0114805730220964,2.011480573022052,2.011480573022052,4.4075854077618715e-14,4.4075854077618715e-14,True
5.506825022794197,0.39144403493442614,0.035705475458822966,0.1421471198324955,-0.0801485535852101,21,0.4117049920728375,1.154071147664867,0.3567414304619574,-0.9999999983450683,1.0632714680057125,2.0632714663507805,2.0632714663507805,1.654931747196997e-09,1.654931747196997e-09,True
4.676855948605374,0.35775320976306774,0.01653705921847205,0.060297875242415006,-0.17025002577258874,21,0.2844239600626477,1.5285815607733142,0.1860705161972232,-1.0000000000000022,1.0034926673721556,2.003492667372158,2.003492667372158,2.220446049250313e-15,2.220446049250313e-15,True
5.232651298599846,0.3784385347370253,0.0033666913506899456,0.11758701370438643,-0.08048407564156342,21,0.20374820526564652,1.310005933682455,0.15553227663092023,-0.9999999999685092,1.026998936623211,2.0269989365917205,2.0269989365917205,3.149080995967779e-11,3.149080995967779e-11,True
5.638699302113081,0.3214947880883069,-0.002023182413533168,0.09351232682821879,-0.08324368910369058,21,0.10853336109216527,1.274857318816063,0.08513373182259976,-0.9999999999979995,1.015361058564629,2.0153610585626285,2.0153610585626285,2.0005108680720696e-12,2.0005108680720696e-12,True
5.530757957392904,0.3479500657386144,0.008521438942465192,0.06048261830396595,-0.09216948014647976,21,0.15728269727120248,1.3413827859197625,0.11725414916768633,-1.0000000000000142,1.0065174689118046,2.006517468911819,2.006517468911819,1.4210854715202004e-14,1.4210854715202004e-14,True
5.613734953793066,0.35187590361132637,-0.0011482917124798608,0.09476889863125706,-0.04813056051838782,21,0.11951805901656742,1.317308888420597,0.09072895511990738,-0.9999999999990066,1.0166787360360103,2.0166787360350167,2.0166787360350167,9.9342756243459e-13,9.9342756243459e-13,True
5.430140991000609,0.3256553645445972,-0.000537733787275882,0.12589404131380513,-0.05653570738698819,21,0.1813116445210765,1.1273827544648478,0.1608252776645874,-0.9999999992874432,1.0401986787009454,2.0401986779883887,2.0401986779883887,7.125567913490727e-10,7.125567913490727e-10,True
5.844421192958238,0.36359998010026623,0.07641763429154183,0.09386483365391943,-0.0772210300648824,21,0.3275456892915458,1.1373251535837943,0.2879965225946384,-1.0000000000361058,1.0503939906767348,2.0503939907128403,2.0503939907128403,3.610578502843964e-11,3.610578502843964e-11,True
5.249471661085549,0.41377723808585565,0.012151004635424706,0.11786902443858724,-0.1144111151206286,21,0.2733785914775493,1.3817303608658738,0.1978523445820747,-0.9999999999925355,1.029182124739035,2.0291821247315704,2.0291821247315704,7.464473483764777e-12,7.464473483764777e-12,True
5.141904242177257,0.34754825837665865,-0.0071172836815423125,0.08205618436170059,-0.0979315941095876,21,0.16071017670748278,1.4495235049225597,0.11087103876667986,-0.9999999999999919,1.0071744956679307,2.0071744956679227,2.0071744956679227,8.104628079763643e-15,8.104628079763643e-15,True
5.32916462215941,0.3739700172154234,-0.04554402769995597,0.1074978247954439,-0.08010206673694334,21,0.20439906868568491,1.3415318755539398,0.1523624390969356,-0.9999999999924708,1.0186961459082815,2.018696145900752,2.018696145900752,7.529199486100424e-12,7.529199486100424e-12,True
5.271062556487325,0.36897126701148786,0.015405627901339196,0.08511663832392927,-0.11623011631770488,21,0.07681405431310728,1.3835858966890344,0.05551809576617237,-0.9999999999999881,1.012524164818017,2.012524164818005,2.012524164818005,1.1879386363489175e-14,1.1879386363489175e-14,True
5.6963866825228635,0.2540591788439492,0.0038391369932007924,0.15192923190572252,-0.08345555315351437,21,0.30020170448928774,0.8180551551542827,0.36697000513696487,-0.999999907576663,1.1089734040539272,2.1089733116305904,2.1089733116305904,9.242333698367133e-08,9.242333698367133e-08,True
5.4561643770021035,0.3900914356070708,0.008679698876718567,0.08849455074018366,-0.17449578507163505,21,0.08833557426345928,1.39724390767718,0.0632212985707778,-1.0000000000000067,1.0132237775288708,2.0132237775288777,2.0132237775288777,6.661338147750939e-15,6.661338147750939e-15,True
4.549009803405705,0.3639468048789537,-0.007504267378201354,0.10210020412221868,-0.07948559882708506,21,0.15883252111267065,1.4894320614701544,0.10663965495404597,-0.9999999999995419,1.0125709080214473,2.0125709080209893,2.0125709080209893,4.580780199603396e-13,4.580780199603396e-13,True
5.429072607585698,0.36329841736257834,-0.011213470032436062,0.1051469484502352,-0.12808790605617337,21,0.13652371534176289,1.3342428748515123,0.1023229862531262,-0.9999999999947036,1.017794195467257,2.0177941954619607,2.0177941954619607,5.296429961276772e-12,5.296429961276772e-12,True
4.711512413297699,0.3861744161575313,0.031280968831957724,0.09601070329236544,-0.09654944488249724,21,0.10637654545478026,1.4406387917883516,0.07383984525554019,-0.9999999999998929,1.018364087435609,2.018364087435502,2.018364087435502,1.071365218763276e-13,1.071365218763276e-13,True
5.3746256682098945,0.3406554335176605,0.030687605934625148,0.09068245770942385,-0.06777429053718965,21,0.10741816502103574,1.3055812867410355,0.08227612184084739,-0.9999999999999551,1.0196087791100965,2.019608779110052,2.019608779110052,4.4853010194856324e-14,4.4853010194856324e-14,True
5.893572978068044,0.34287629608596804,-0.022836426029747607,0.08083504408566845,-0.0704260730713518,21,0.09690531335788344,1.3407024052191057,0.0722795103377521,-0.9999999999999435,1.0085834203743766,2.00858342037432,2.00858342037432,5.651035195342047e-14,5.651035195342047e-14,True
5.587273158862388,0.39493642818970826,0.004168132221408135,0.07294830770314997,-0.12893214448623624,21,0.08418037293361902,1.3603638039916208,0.0618807797492218,-0.9999999999999841,1.0105382268336347,2.010538226833619,2.010538226833619,1.587618925213974e-14,1.587618925213974e-14,True
5.322255605800053,0.35128148308360596,0.03681847636485498,0.05794910983846402,-0.10629962328532294,21,0.21094932890510365,1.3203449815155472,0.159768342257769,-1.0000000000002063,1.0133205091639041,2.01332050916411,2.01332050916411,2.0627943797535409e-13,2.0627943797535409e-13,True
5.00356121048228,0.36213338584236016,-0.01795209038408166,0.11059579957709648,-0.08374082678752953,21,0.16507069242287153,1.3585010989416157,0.12150942870158529,-0.9999999999914287,1.0188893291091379,2.0188893291005665,2.0188893291005665,8.571254817013596e-12,8.571254817013596e-12,True
6.386317044368718,0.5338613396485661,-0.009507581412333481,0.09743949526801518,-0.10352736538881223,21,0.6421792288419224,1.2517232759078214,0.5130361008715583,-1.00000000006188,1.0432856271904385,2.0432856272523185,2.0432856272523185,6.18800566343225e-11,6.18800566343225e-11,True
5.469267604734059,0.4000458887531254,0.006835095527129682,0.11688064536254669,-0.1134191303904887,21,0.27419600306084857,1.3259875519516529,0.20678625727464303,-0.9999999999826173,1.0293051292796849,2.029305129262302,2.029305129262302,1.7382650874253613e-11,1.7382650874253613e-11,True
5.363606917777983,0.3422214358029585,0.024273808156190877,0.07566045909025622,-0.07858124047767841,21,0.14491065729228358,1.3273560618646822,0.10917240780797861,-0.9999999999999368,1.0123949500331295,2.0123949500330665,2.0123949500330665,6.317169010117141e-14,6.317169010117141e-14,True
5.001881559250487,0.3459691206002972,0.018793606521217893,0.08976829506390921,-0.047811488105524436,21,0.13011059117876034,1.387322131940103,0.09378542170073144,-0.9999999999999905,1.0149146141424703,2.0149146141424605,2.0149146141424605,9.547918011776346e-15,9.547918011776346e-15,True
5.343870209046138,0.309983516187578,0.017004653461357228,0.07873325134802905,-0.10304433471419831,21,0.19380792440260497,1.3599582270094248,0.1425102040294226,-0.9999999999999956,1.0093365120694677,2.0093365120694635,2.0093365120694635,4.440892098500626e-15,4.440892098500626e-15,True
4.618297642989282,0.35104332630604984,0.00518603583474081,0.08892748051445137,-0.07615056507099495,21,0.1898346680156553,1.5097470884771587,0.12573938341363944,-0.9999999999999833,1.0095488898181009,2.009548889818084,2.009548889818084,1.6653345369377348e-14,1.6653345369377348e-14,True
5.276184327453755,0.3464460415389245,0.06067795287335412,0.0793706507303405,-0.0686957069412705,21,0.1999277921403142,1.2553873340321986,0.1592558620917123,-1.000000000003377,1.0277097383380844,2.0277097383414615,2.0277097383414615,3.377076396304801e-12,3.377076396304801e-12,True
5.291772488395119,0.3628653222827666,0.007602233910227304,0.06350236988312075,-0.07919906605751846,21,0.1487539413566814,1.3780182307048687,0.1079477310547571,-1.000000000000014,1.007234149117081,2.007234149117095,2.007234149117095,1.3988810110276972e-14,1.3988810110276972e-14,True
5.32588578176124,0.48236348069606744,0.01418686678720036,0.09309423850186142,-0.12482142080414929,21,0.34519507156610496,1.3811780860276817,0.24992799629401777,-1.0000000000043154,1.0273195785861233,2.027319578590439,2.027319578590439,4.3154368967179835e-12,4.3154368967179835e-12,True
5.395378835085525,0.2810938791172039,0.017209435514366725,0.08889997729068498,-0.07252000347994321,21,0.2247995755682728,1.260273574239143,0.1783736326487601,-0.9999999999990308,1.0155525611135805,2.015552561112611,2.015552561112611,9.692247004977617e-13,9.692247004977617e-13,True
5.305116588330668,0.3181887373495482,0.021465479085673582,0.09237950991749119,-0.08369030863317083,21,0.12945966619039906,1.327411561012959,0.09752790317089545,-0.9999999999995337,1.0160825606717885,2.016082560671322,2.016082560671322,4.662936703425657e-13,4.662936703425657e-13,True
5.38989855931915,0.2809166461388227,0.036374733394023515,0.08247918186912846,-0.11327711890929204,21,0.23129440517872868,1.3093463312186444,0.17664875950998896,-0.9999999999999485,1.0134277712781288,2.013427771278077,2.013427771278077,5.1514348342607263e-14,5.1514348342607263e-14,True
5.479105032466191,0.27822701207508427,-0.023214148332967727,0.061770338139722554,-0.0849413172183577,21,0.39849799770026095,1.3957441080272162,0.2855093533323305,-0.9999999999999986,1.0071165831571358,2.0071165831571345,2.0071165831571345,1.4432899320127035e-15,1.4432899320127035e-15,True
5.734618891317735,0.5270063396305007,0.022028356868502463,0.06571899307584787,-0.12095228806168848,21,0.4864335887983635,1.2917833302364463,0.3765597352222585,-0.999999999146195,1.0410766205198394,2.0410766196660344,2.0410766196660344,8.538050266793107e-10,8.538050266793107e-10,True
5.279881707809786,0.35547331899573764,0.027481275653846934,0.09878321932803413,-0.0977907244050404,21,0.12054722287861264,1.3445119475363985,0.08965872196189555,-0.9999999999997039,1.021021870363164,2.0210218703628677,2.0210218703628677,2.9609648066752925e-13,2.9609648066752925e-13,True
5.421315087640647,0.440327604611939,0.02830186421185242,0.06159284483166222,-0.0951907103779337,21,0.2610977521726141,1.3169373114651726,0.1982613370427838,-0.9999999999658765,1.0244774448347407,2.0244774448006173,2.0244774448006173,3.4123481817971424e-11,3.4123481817971424e-11,True
6.090458964302198,0.346404805171253,0.030667740522349322,0.08603937426087689,-0.09691599487808471,21,0.1439190484967623,1.2069202680199498,0.1192448683730145,-0.9999999999993626,1.0228323558049282,2.0228323558042907,2.0228323558042907,6.373790384373024e-13,6.373790384373024e-13,True
5.668782865705543,0.3476754747967905,0.004842875190693596,0.06240407324323949,-0.07799428037026243,21,0.1326150065331717,1.3195917085713076,0.10049699893670218,-0.9999999999999977,1.0068798278990125,2.0068798278990103,2.0068798278990103,2.3314683517128287e-15,2.3314683517128287e-15,True
5.217811737244017,0.4058084410738966,0.01416265867926273,0.12071112413200216,-0.07783231013518063,21,0.278630018880212,1.3446037454153745,0.20722091532932455,-0.9999999999809478,1.0322595323241999,2.0322595323051478,2.0322595323051478,1.9052204258684924e-11,1.9052204258684924e-11,True
5.651182453091127,0.3612533767825434,-0.040633112851235095,0.09972633618869056,-0.07914602847598351,21,0.17639413028408413,1.3108066624818882,0.134569143820263,-0.9999999999956016,1.016093402144347,2.0160934021399486,2.0160934021399486,4.398370556657483e-12,4.398370556657483e-12,True
5.742346004148544,0.3838353675379721,0.030023611842870092,0.07998960030683892,-0.11891081710821236,21,0.17326031938137398,1.2718995276326848,0.13622170275025866,-1.0000000000007727,1.0210188947845806,2.021018894785353,2.021018894785353,7.72715225139109e-13,7.72715225139109e-13,True
5.497114427382381,0.5105501286779979,0.009537661019634866,0.07600879753727309,-0.08372185617511939,21,0.4191760079649651,1.3405007706808478,0.3127010570475564,-0.9999999999736741,1.0306808879181388,2.030680887891813,2.030680887891813,2.63259414268191e-11,2.63259414268191e-11,True
5.221147869971795,0.3037218512076809,-0.0144700051987797,0.09309974766423083,-0.0975372855769099,21,0.26125510934539053,1.315282538188749,0.19863040963438933,-0.9999999999991366,1.0148288340125862,2.014828834011723,2.014828834011723,8.634204462509842e-13,8.634204462509842e-13,True
4.780513472309477,0.32420576383858474,-0.005732754904047637,0.05292685671913121,-0.11964393434493108,21,0.39827671364833717,1.5296745753214838,0.2603669565238302,-1.000000000000002,1.0022103794770645,2.0022103794770665,2.0022103794770665,1.9984014443252818e-15,1.9984014443252818e-15,True
5.362054169941154,0.21870745976616418,0.009606516343265568,0.14672257777431624,-0.12464731317093009,21,0.3131139299144934,0.8505743907962092,0.3681205704081831,-0.9999999963927575,1.102697550630978,2.1026975470237357,2.1026975470237357,3.6072425046995704e-09,3.6072425046995704e-09,True
6.139708543344719,0.36340590177682086,0.00013510904416535324,0.10000393938097206,-0.10799931412363296,21,0.2019710478107306,1.2516525592965528,0.16136350803632066,-0.9999999999952751,1.0228137453926445,2.0228137453879196,2.0228137453879196,4.724887148199741e-12,4.724887148199741e-12,True
4.650796011666049,0.4084705678181662,0.0068306718978639325,0.08524759440094888,-0.09332702937332941,21,0.08290775642838955,1.509653241722769,0.05491841049125812,-0.999999999999985,1.0099452587915991,2.0099452587915843,2.0099452587915843,1.4988010832439613e-14,1.4988010832439613e-14,True
5.43336109051215,0.3761070036150274,-4.8139230960501586e-05,0.0792297171493888,-0.10468623379072181,21,0.06641315301879147,1.3840375310874142,0.04798508098737164,-0.9999999999999991,1.0091533079749353,2.0091533079749344,2.0091533079749344,8.881784197001252e-16,8.881784197001252e-16,True
5.3844500377818,0.3653518514768917,-0.04465639268356924,0.11397075804102706,-0.0716282877570919,21,0.2226479620138837,1.2783807285017783,0.17416404757197806,-0.9999999999688022,1.0245462461623995,2.0245462461312016,2.0245462461312016,3.119782210347921e-11,3.119782210347921e-11,True
5.420517538336887,0.5477311537912954,0.016463657789360972,0.08081154372778326,-0.08074251417053786,21,0.5492456802665286,1.3363824122907075,0.4109943944301547,-0.99999999975047,1.0409045387335023,2.0409045384839724,2.0409045384839724,2.4952995225646646e-10,2.4952995225646646e-10,True
5.467869051818198,0.4036585953237603,0.022861644593844398,0.03507871234973589,-0.0903439067515352,21,0.19291583311309735,1.318847453993047,0.14627607804754833,-0.9999999999765032,1.017987019006858,2.0179870189833613,2.0179870189833613,2.3496760093166813e-11,2.3496760093166813e-11,True
5.247394679767069,0.32637772224870254,0.04874437847801238,0.07525807545200086,-0.07604149716587004,21,0.2054297540235761,1.2906614236395453,0.15916626177939314,-1.0000000000000313,1.0184327174283336,2.018432717428365,2.018432717428365,3.1308289294429414e-14,3.1308289294429414e-14,True
5.360292067425101,0.3601536056928725,-0.010570675930575375,0.07891527178731557,-0.11303753651827433,21,0.10848851226995793,1.4256951447105217,0.07609516850251027,-0.9999999999999973,1.0063321050614182,2.0063321050614156,2.0063321050614156,2.6645352591003757e-15,2.6645352591003757e-15,True
5.962185888936975,0.3439602502533946,0.01279219366248293,0.10160407002341387,-0.1521894177157655,21,0.13483247512272345,1.2440213603452994,0.10838437298640788,-0.999999999992925,1.023037438833421,2.023037438826346,2.023037438826346,7.0750072467262726e-12,7.0750072467262726e-12,True
5.282317414526295,0.3333301368789872,0.007381975274984935,0.0939687337799648,-0.10843845843438057,21,0.11395162877730547,1.3582818565021924,0.08389394898548551,-0.999999999999474,1.0136656686518424,2.013665668651316,2.013665668651316,5.260236690673992e-13,5.260236690673992e-13,True
5.367271446668606,0.3489056415871714,0.03489412948583289,0.11490216211612063,-0.042483547180504566,21,0.20562904312506514,1.2364228105805342,0.16630964858090633,-0.9999999999640332,1.0365667095088589,2.036566709472892,2.036566709472892,3.596678510575657e-11,3.596678510575657e-11,True
4.969465058830444,0.3522364536744965,0.03779482056482078,0.07596775658490375,-0.03926072552668297,21,0.1894952706275781,1.3447362286049118,0.1409163125055155,-1.0000000000000984,1.0176688371930367,2.017668837193135,2.017668837193135,9.836575998178887e-14,9.836575998178887e-14,True
6.028630078957684,0.3787694267766619,0.02326707988593736,0.057261411353335456,-0.10742776705378423,21,0.16487370234819343,1.2366509547903914,0.1333227469800798,-0.9999999999988173,1.0166491162441247,2.016649116242942,2.016649116242942,1.1827205881331793e-12,1.1827205881331793e-12,True
5.3384303958098736,0.29984112127652246,-0.00946266421505628,0.050094107900765836,-0.11025587774059833,21,0.3757783355250093,1.425584023056874,0.2635960626994327,-0.9999999999999998,1.0024199385339772,2.002419938533977,2.002419938533977,2.220446049250313e-16,2.220446049250313e-16,True
5.173156804691063,0.36971142028991194,-0.009720214561017517,0.09930008044072602,-0.11252715433820136,21,0.11459879875637213,1.4151841738517623,0.08097801040585699,-0.9999999999993052,1.0132681493330742,2.0132681493323794,2.0132681493323794,6.94777568810423e-13,6.94777568810423e-13,True
4.795398225606169,0.38270832632598895,8.535147280630366e-05,0.14307447447034863,-0.08540248397917363,21,0.2742627362073937,1.256570569096562,0.21826289979446256,-0.9999999992706571,1.0413962767297313,2.0413962760003885,2.0413962760003885,7.293429193921952e-10,7.293429193921952e-10,True
4.857624647305746,0.36020316681721853,0.014935474650027626,0.11075519856951642,-0.16208432191064104,21,0.10932428334453426,1.408575915825012,0.07761334133027706,-0.9999999999968527,1.0185620633822914,2.018562063379144,2.018562063379144,3.1472602302073938e-12,3.1472602302073938e-12,True
5.35665278896105,0.3703849247635117,-0.008642907089211787,0.08349548363296484,-0.09045457955618448,21,0.06436826879759527,1.409732709816095,0.04565991010167619,-0.9999999999999971,1.0086195069210877,2.008619506921085,2.008619506921085,2.886579864025407e-15,2.886579864025407e-15,True
5.087289307191934,0.3763203246627338,0.028869351448866064,0.03225374722691005,-0.03937719251380927,21,0.29774652848876393,1.3443876751871369,0.22147371177537611,-0.9999999999902096,1.0176443228720473,2.0176443228622567,2.0176443228622567,9.79039072035448e-12,9.79039072035448e-12,True
5.59404274784152,0.3789552255093702,0.022721624970250806,0.06889372687151935,-0.10455208215535494,21,0.13118648929630328,1.3052189713347202,0.10050918058764625,-1.000000000000743,1.0146413849170444,2.0146413849177875,2.0146413849177875,7.429612480791548e-13,7.429612480791548e-13,True
5.551752714554548,0.37436949500472216,-0.005760230376785332,0.08405254000964853,-0.08061599103914831,21,0.08955432001194485,1.3640966287155352,0.06565100897307492,-1.000000000000011,1.0106922941154397,2.010692294115451,2.010692294115451,1.1102230246251565e-14,1.1102230246251565e-14,True
5.441449815089536,0.3929392882104463,0.005228993725374552,0.10997889198123657,-0.07785531726825201,21,0.22753246718451337,1.3442246856572722,0.16926669299579117,-0.99999999999483,1.0251445813302624,2.0251445813250926,2.0251445813250926,5.1699755587719665e-12,5.1699755587719665e-12,True
5.319379857268674,0.2276013074779364,0.0265934718585635,0.08395871292566197,-0.11378115154910264,21,0.4133440916506974,1.215046131250464,0.34018798218410407,-0.9999999999995081,1.0165448466618916,2.0165448466613998,2.0165448466613998,4.919398222114069e-13,4.919398222114069e-13,True
4.707617168113941,0.3813601610533073,0.01200284048712398,0.07543197473639943,-0.0769633226652117,21,0.15409895710990673,1.4758680958531218,0.10441241838812852,-0.9999999999999887,1.008749821395829,2.008749821395818,2.008749821395818,1.1324274851176597e-14,1.1324274851176597e-14,True
5.110219753369294,0.3428334950035803,0.02088909460020032,0.06440735322312967,-0.13417269048503747,21,0.2156807059830561,1.4102609091281453,0.15293673999401625,-1.0000000000000042,1.0063843772377725,2.0063843772377767,2.0063843772377767,4.218847493575595e-15,4.218847493575595e-15,True
5.770596027995031,0.3280397572210393,-0.0038965924653693463,0.1063350844689962,-0.08461178688391081,21,0.13816186899323113,1.1964777786525789,0.11547382781218303,-0.9999999999613545,1.0243163355012441,2.024316335462599,2.024316335462599,3.864553121957215e-11,3.864553121957215e-11,True
5.700331913118746,0.394388650602292,0.020250822438512277,0.07945194890648395,-0.1304013661851529,21,0.15124293873828587,1.305977166389237,0.11580825655355219,-1.0000000000001579,1.0177769400704508,2.0177769400706085,2.0177769400706085,1.5787371410169726e-13,1.5787371410169726e-13,True
5.617690747491475,0.24869281589379583,-0.007385357163920308,0.08433053026650615,-0.044835177590718645,21,0.33974877277688287,1.1827523779188656,0.28725266515607795,-0.9999999999989859,1.0193448752559953,2.019344875254981,2.019344875254981,1.014077710692618e-12,1.014077710692618e-12,True
5.625640590250481,0.33098585285192045,0.01586737509669065,0.08770140369656665,-0.09196785654818977,21,0.08611885937058816,1.3090459915409343,0.0657874970987184,-0.9999999999998906,1.0147180587260602,2.014718058725951,2.014718058725951,1.0935696792557792e-13,1.0935696792557792e-13,True
5.958298561834023,0.29401204482157345,0.021616861092184143,0.07257327219741315,-0.10723863056357345,21,0.16642698078671803,1.250844709327938,0.13305167263819423,-1.0000000000000036,1.009869108908463,2.0098691089084664,2.0098691089084664,3.552713678800501e-15,3.552713678800501e-15,True
5.902822520474268,0.352190299018421,0.06676027086452971,0.0651394969727415,-0.08175219615647297,21,0.26410346210667557,1.1512221341296192,0.22941138315269696,-0.9999999999873187,1.03377547152131,2.033775471508629,2.033775471508629,1.2681300454175926e-11,1.2681300454175926e-11,True
5.354557960611652,0.3238846115796599,0.007343716302703485,0.07505495823860933,-0.06988104505217238,21,0.16869147586308175,1.3627472348569198,0.12378779537996519,-1.000000000000003,1.0081446439142303,2.0081446439142336,2.0081446439142336,3.1086244689504383e-15,3.1086244689504383e-15,True
5.204511797244213,0.34267127511161,0.060676520153434305,0.06159633532151311,-0.09543773643135527,21,0.24924277391650307,1.2809711245796698,0.1945732960985269,-0.9999999999999043,1.022117792062199,2.0221177920621036,2.0221177920621036,9.57012247226885e-14,9.57012247226885e-14,True
5.466451198798533,0.31426158039667756,0.0024776792586524935,0.06949072652653496,-0.013443250766688397,21,0.184017300330936,1.3262653977061523,0.13874847421127315,-1.000000000000003,1.0082984120141143,2.0082984120141174,2.0082984120141174,3.1086244689504383e-15,3.1086244689504383e-15,True
5.484385975478913,0.4094635786079428,0.07639557987421963,0.07461251545762705,-0.043580099805580454,21,0.40779595356153076,1.1758108884069347,0.34682103864001407,-0.9999999996346176,1.0516316999374402,2.0516316995720576,2.0516316995720576,3.653823910099163e-10,3.653823910099163e-10,True
5.8216971691463995,0.37420357935238185,-0.05923238966594073,0.10603598266435221,-0.061987872721530765,21,0.22710440159513756,1.2697099158143899,0.1788632180992878,-0.9999999999824852,1.0212356806593386,2.0212356806418237,2.0212356806418237,1.7514767414184007e-11,1.7514767414184007e-11,True
5.274952742545765,0.3693072041987577,0.017544300558081604,0.11769155675093487,-0.11652235976334872,21,0.1826713512400564,1.2976267898942897,0.1407734124038373,-0.9999999999692863,1.0292316551852352,2.0292316551545215,2.0292316551545215,3.071365384244018e-11,3.071365384244018e-11,True
5.474389277988509,0.35837628449413533,-0.03317043200329034,0.08885130377027425,-0.08215955222225604,21,0.13886619086527907,1.3935948883529106,0.09964602484256023,-0.9999999999997713,1.0097248854660812,2.0097248854658525,2.0097248854658525,2.2870594307278225e-13,2.2870594307278225e-13,True
4.957647996368993,0.3452427988834979,0.04272617634999777,0.06510993749722954,-0.1176095220703169,21,0.2435510052754426,1.3784120759208796,0.17668954700119904,-1.0000000000002847,1.012757679479012,2.0127576794792965,2.0127576794792965,2.8466118351389014e-13,2.8466118351389014e-13,True
5.568981786352853,0.3448056252971323,0.019838332999172346,0.09245791824509571,-0.1176009635716734,21,0.09582921881141626,1.3223790495672347,0.07246728450725046,-0.9999999999998331,1.0170802806184727,2.017080280618306,2.017080280618306,1.6686652060116103e-13,1.6686652060116103e-13,True
5.413525103089232,0.3559792545325743,0.00023726770430494357,0.08971318849070652,-0.06020971258667655,21,0.09106650097341662,1.363693941183824,0.06677928105654096,-0.9999999999998984,1.0130726600540982,2.0130726600539965,2.0130726600539965,1.0158540675320182e-13,1.0158540675320182e-13,True
5.595995930469922,0.2681091819051053,0.028728177442657696,0.10888658963368304,-0.10649716461046166,21,0.1614977194269933,1.1049293159542666,0.1461611318435484,-0.9999999998720692,1.0319495580555385,2.0319495579276077,2.0319495579276077,1.2793077708295186e-10,1.2793077708295186e-10,True
5.388948048599958,0.30375332218990314,0.009678826195680222,0.0734171910425954,-0.07592087684487343,21,0.22313182747658056,1.3546433671740759,0.1647162883483173,-0.9999999999999988,1.0078461491751496,2.0078461491751485,2.0078461491751485,1.2212453270876722e-15,1.2212453270876722e-15,True
5.289265319872375,0.35075248854154584,0.031188742293611627,0.10744775719822858,-0.033019606325799145,21,0.17695927006188117,1.2903942985847145,0.1371358120970989,-0.9999999999943722,1.0299798297070513,2.0299798297014235,2.0299798297014235,5.627831534127381e-12,5.627831534127381e-12,True
5.453948248547058,0.35723746093918596,0.01951969190267968,0.12098946037461888,-0.07604461486260994,21,0.21917241527342646,1.2150377256491018,0.18038321827113588,-0.999999999865323,1.0361988660075705,2.0361988658728936,2.0361988658728936,1.3467704729208663e-10,1.3467704729208663e-10,True
5.054976834503119,0.37130851568686224,0.02837202350070779,0.03621812487182833,-0.07566990591885367,21,0.2967551755878932,1.3707046642603227,0.21649826058484456,-0.9999999999952177,1.013981707934095,2.0139817079293127,2.0139817079293127,4.782285678572862e-12,4.782285678572862e-12,True
5.1716443081033,0.33982850145408106,0.01252296317859081,0.07864847836574153,-0.1694196257983944,21,0.1828616240810086,1.4382925635404755,0.1271379889713673,-1.000000000000002,1.0066999514130475,2.0066999514130495,2.0066999514130495,1.9984014443252818e-15,1.9984014443252818e-15,True
5.310100725349899,0.33918701081277036,0.027549515962584814,0.07997355478226652,-0.08279547283291315,21,0.14392490844316796,1.3312895846188013,0.10810939265657901,-0.999999999999941,1.0137493794197219,2.013749379419663,2.013749379419663,5.895284260759581e-14,5.895284260759581e-14,True
5.536489302446645,0.3585022703283001,0.04616972403853417,0.10411290206089684,-0.08796165909851776,21,0.18988725010379004,1.2544842425702099,0.15136678776829085,-0.9999999999984244,1.0340378342665868,2.0340378342650114,2.0340378342650114,1.5756285165480222e-12,1.5756285165480222e-12,True
5.570271148651672,0.3850763134594367,0.0026608845918667454,0.0929158116994098,-0.08751531659504155,21,0.14301093711550328,1.3455316667998556,0.1062858204263845,-1.0000000000000053,1.0163672579062821,2.0163672579062872,2.0163672579062872,5.329070518200751e-15,5.329070518200751e-15,True
5.404236956939383,0.3103609526600616,0.007557927033144631,0.162613127718802,-0.10512570946281125,21,0.3242659001076935,0.9171779105325525,0.3535474376169951,-0.9999999037534184,1.0963042684976052,2.0963041722510236,2.0963041722510236,9.624658159346211e-08,9.624658159346211e-08,True
5.3502051846904815,0.3855639905865297,-0.003688105366681108,0.08581336980357439,-0.08911464887796773,21,0.09018184868497392,1.3987949972309544,0.06447109752572559,-1.0000000000000135,1.0107946192991968,2.0107946192992103,2.0107946192992103,1.354472090042691e-14,1.354472090042691e-14,True
5.7293418158279845,0.2913767075091757,0.018488228361224185,0.06654424883401049,-0.08444950763029418,21,0.2183732882385221,1.282813453108699,0.1702299642316101,-0.9999999999999988,1.0075742255556464,2.0075742255556452,2.0075742255556452,1.2212453270876722e-15,1.2212453270876722e-15,True
5.348504778258181,0.47093352862834226,0.0024821382383184137,0.08798029709664017,-0.1791438837549132,21,0.24274901758537415,1.433992459589573,0.16928193447743234,-1.0000000000000295,1.0185985111186964,2.018598511118726,2.018598511118726,2.9531932455029164e-14,2.9531932455029164e-14,True
4.684422801257399,0.3697333755820702,0.0660922803078596,0.09754548091345212,-0.09117849367727363,21,0.2045614517488692,1.3601747151535344,0.15039351156132807,-0.9999999999991468,1.0316914310145464,2.031691431013693,2.031691431013693,8.532063944244328e-13,8.532063944244328e-13,True
5.986631247434267,0.3610672811283573,0.013809219855748607,0.09560632832877863,-0.08487109379416953,21,0.17016300682503793,1.2531120135410796,0.1357923353908215,-0.9999999999994846,1.0228219309352795,2.0228219309347644,2.0228219309347644,5.153655280309977e-13,5.153655280309977e-13,True
5.2523197247725575,0.417865438469411,0.0147845466820277,0.032690556683719625,-0.10259297473170036,21,0.19885907765987643,1.3810354968926293,0.14399273451501807,-0.9999999999923831,1.015206969938635,2.015206969931018,2.015206969931018,7.616907105045811e-12,7.616907105045811e-12,True
6.248661288602773,0.3555065577006524,-0.013975079981107726,0.09924812531652985,-0.10204504205445383,21,0.19718563301898184,1.2248405977836279,0.16098881223874598,-0.9999999999908799,1.0207542993814367,2.0207542993723164,2.0207542993723164,9.120149080388273e-12,9.120149080388273e-12,True
5.176410409547093,0.36510434377301737,0.029435102861376336,0.08078824215005291,-0.09190048343021101,21,0.12191717693813886,1.3551945020370288,0.0899628627144531,-0.9999999999998765,1.0153964427515232,2.0153964427514,2.0153964427514,1.234568003383174e-13,1.234568003383174e-13,True
5.349689357382245,0.3823365241589789,0.020992602000749268,0.11512966879990319,-0.10760498250051723,21,0.2117982975383763,1.3204020949452493,0.1604043937442848,-0.9999999999874469,1.030059058304093,2.03005905829154,2.03005905829154,1.255306969483172e-11,1.255306969483172e-11,True
5.433920232282564,0.4324530101062311,0.020631469766634943,0.07912781504342481,-0.07463930571372646,21,0.24577746717519178,1.32163805338921,0.1859642786048115,-1.0000000000048317,1.0228753356110665,2.022875335615898,2.022875335615898,4.831690603168681e-12,4.831690603168681e-12,True
5.467761003446352,0.3224534916633932,0.010705162115060386,0.10569431607910176,-0.09832065952188455,21,0.11534018036731197,1.240355494830132,0.09298961535467533,-0.9999999999825679,1.022715333429785,2.0227153334123527,2.0227153334123527,1.7432055798849433e-11,1.7432055798849433e-11,True
5.1895956206521285,0.41102544288869763,-0.01509476897149297,0.10518427739499939,-0.1127481406239635,21,0.18823343495744504,1.4558683365973455,0.12929289704684704,-0.9999999999991745,1.0157381139205335,2.015738113919708,2.015738113919708,8.254508188088039e-13,8.254508188088039e-13,True
5.324162633292203,0.3441299576194693,-0.00952316868809099,0.07997047223585609,-0.1109864866227726,21,0.15641369258621474,1.4287149821521898,0.10947858358046757,-0.9999999999999943,1.0066298522352903,2.006629852235285,2.006629852235285,5.662137425588298e-15,5.662137425588298e-15,True
5.671394336045037,0.3544231403799939,0.006903814868062269,0.12818853710906677,-0.08316232208186952,21,0.2792364674445562,1.1384560940754191,0.24527644842670382,-0.9999999991567854,1.0431077842236531,2.0431077833804387,2.0431077833804387,8.432146092474113e-10,8.432146092474113e-10,True
6.1839425505739,0.3704949257848024,-0.0073594379808683465,0.11538527318780686,-0.10320366021769692,21,0.3104510931349316,1.1715286100042779,0.2649965954598394,-0.9999999998508982,1.0338336136734156,2.0338336135243136,2.0338336135243136,1.491018419841339e-10,1.491018419841339e-10,True
5.278639652230904,0.3499819861645827,0.06483257144156676,0.09692078604968929,-0.08682878007748858,21,0.21228931439394882,1.2547390595492391,0.16919001028804592,-0.9999999999973082,1.0351856296224085,2.0351856296197166,2.0351856296197166,2.6918467455061545e-12,2.6918467455061545e-12,True
5.261797633530557,0.43380054931435175,0.039042220128583244,0.07084190130586271,-0.08874612306681375,21,0.2779773759284492,1.3166484747884901,0.2111249746999511,-0.9999999999896417,1.0278873238937196,2.0278873238833612,2.0278873238833612,1.0358269797450248e-11,1.0358269797450248e-11,True
5.029679902309185,0.4924493812666655,-0.014332237529409791,0.07733117452687557,-0.10324593523620823,21,0.2184306944241765,1.4909109729564467,0.14650820765711636,-1.0000000000002864,1.012960430615046,2.0129604306153324,2.0129604306153324,2.864375403532904e-13,2.864375403532904e-13,True
5.1284447344542405,0.3254180519427456,0.04790554390276845,0.07582581536093441,-0.12882932535536828,21,0.2171791087603241,1.341149468090489,0.16193505192940266,-0.9999999999999555,1.0146665578656449,2.0146665578656004,2.0146665578656004,4.451994328746878e-14,4.451994328746878e-14,True
5.351688160883987,0.35133412562067046,0.010834526194388362,0.08379560704491039,0.016509182365946173,21,0.11106194358013988,1.3117876639209403,0.08466457387484125,-0.9999999999999956,1.015996245859194,2.0159962458591894,2.0159962458591894,4.440892098500626e-15,4.440892098500626e-15,True
5.262967372847077,0.392379751974424,0.00040767932627378163,0.04492520019864749,-0.15461141669526235,21,0.18584775113267682,1.4410822054874084,0.12896401775346236,-0.9999999999999052,1.0050758932275523,2.0050758932274575,2.0050758932274575,9.481304630298837e-14,9.481304630298837e-14,True
5.119443649850676,0.422860985634876,-0.0038871886456967025,0.0946643185285071,-0.07868677049358974,21,0.15866367414265548,1.4354159634594967,0.1105349795332219,-1.0000000000000264,1.0145561032273334,2.01455610322736,2.01455610322736,2.6423307986078726e-14,2.6423307986078726e-14,True
5.534112853280339,0.32710280727182883,-0.013831211456096839,0.06166277111452607,-0.09141518366820427,21,0.22461959067189308,1.3909163258309565,0.16149036897507232,-1.0000000000000018,1.0029824856798288,2.002982485679831,2.002982485679831,1.7763568394002505e-15,1.7763568394002505e-15,True
5.437137672384097,0.3215593661400202,-0.0051789102491992065,0.10438217196613495,-0.0802409964686685,21,0.14559789380212917,1.2450778338888366,0.11693878875618027,-0.9999999999848165,1.0209548228919396,2.020954822876756,2.020954822876756,1.5183521107076103e-11,1.5183521107076103e-11,True
4.765091611993489,0.4314975663636328,0.026784877490608372,0.07889386035260117,-0.0425260753573207,21,0.2167372356404551,1.409642651701644,0.1537533185299279,-1.000000000002435,1.0208604941963835,2.0208604941988186,2.0208604941988186,2.4349411376078933e-12,2.4349411376078933e-12,True
5.607757126611595,0.4963709804376606,0.03718647973989701,0.02100067245584365,-0.08271324207341892,21,0.4199279753964562,1.2603008849307737,0.3331966044120664,-1.0000000061932515,1.047452313150574,2.0474523193438254,2.0474523193438254,6.193251467223604e-09,6.193251467223604e-09,True
5.353242770733211,0.36555154262383605,-0.047369951651014056,0.08056765691136672,-0.08160535226097286,21,0.1568219581549386,1.4713923215253626,0.1065806555197763,-0.999999999999979,1.006482648738462,2.006482648738441,2.006482648738441,2.098321516541546e-14,2.098321516541546e-14,True
5.3929076563551055,0.34840384651389467,0.009554171992261051,0.10873062956254055,-0.12012348527918874,21,0.11886340451916833,1.2903707888046567,0.09211569693799268,-0.9999999999872958,1.0226358502339512,2.022635850221247,2.022635850221247,1.2704171048483204e-11,1.2704171048483204e-11,True
5.660769832551138,0.34884589356863704,-0.057906535632844425,0.03458874304331724,-0.08457478064651901,21,0.3152897233728562,1.4655936332087183,0.2151276562812109,-1.0000000000000002,1.0015572162826298,2.00155721628263,2.00155721628263,2.220446049250313e-16,2.220446049250313e-16,True
5.012472642528014,0.34078457513756727,0.006193788581474819,0.12746522869985713,-0.12258707677196391,21,0.17576169936334973,1.239450375652124,0.14180616087261624,-0.9999999998130594,1.0329963941596367,2.032996393972696,2.032996393972696,1.8694057413171095e-10,1.8694057413171095e-10,True
5.212947544740012,0.40162410027632317,0.03083304135326255,0.11202817790718125,-0.03116739048354384,21,0.2601446823787219,1.314001822934768,0.19797893567430497,-0.9999999999980856,1.0351581418836289,2.0351581418817144,2.0351581418817144,1.9143575613611574e-12,1.9143575613611574e-12,True
5.4343092776243624,0.374968530898488,0.05398726161645939,0.09547554636950202,-0.08254022123639765,21,0.24009094071929282,1.251118673106684,0.19190101297354714,-0.9999999999981959,1.0344365107016666,2.0344365106998623,2.0344365106998623,1.8041124150158794e-12,1.8041124150158794e-12,True
5.097199103299971,0.44765968978672455,-0.042252202991752794,0.07722867527340818,-0.08057947900934868,21,0.10902041255805117,1.530865562153036,0.07121488343151633,-0.9999999999999999,1.004497384264662,2.004497384264662,2.004497384264662,1.1102230246251565e-16,1.1102230246251565e-16,True
5.405065922020301,0.4009952294371822,0.015697240155083135,0.1094752467686577,-0.09874355017487976,21,0.23011948636268365,1.3500306947035297,0.17045500318288578,-0.9999999999983467,1.027112665315269,2.0271126653136156,2.0271126653136156,1.6533441282717831e-12,1.6533441282717831e-12,True
5.757415750580509,0.3941805644327737,0.009757481017247847,0.08272859834801671,-0.09228056525778774,21,0.14973137613186593,1.3012962279764344,0.11506325225018439,-0.9999999999996962,1.016954168259398,2.0169541682590943,2.0169541682590943,3.0375701953744283e-13,3.0375701953744283e-13,True
5.4039333271088275,0.35850825248700957,0.007158179759181482,0.09808843912300123,-0.12440159482976759,21,0.09555277337078882,1.3672358759340737,0.06988755565348861,-0.9999999999992595,1.0161363723443515,2.016136372343611,2.016136372343611,7.405187574249794e-13,7.405187574249794e-13,True
5.554176821625639,0.352489774699832,-0.008124655454683589,0.0877740807577722,-0.09315996041968258,21,0.08479679171414656,1.3754367024366876,0.061650813566282464,-0.9999999999998863,1.0108320527315182,2.0108320527314048,2.0108320527314048,1.1368683772161603e-13,1.1368683772161603e-13,True
5.722437085508083,0.3693385334687489,0.028196163009697912,0.10493703148819666,-0.1278091834484627,21,0.18755965457963963,1.2834536160145653,0.14613668327341492,-0.9999999999979351,1.0289260810325913,2.0289260810305265,2.0289260810305265,2.0649038035003286e-12,2.0649038035003286e-12,True
5.08523185797391,0.3055158575744345,-0.0012449638904176961,0.09442204493014833,-0.09414008776301856,21,0.24444989109469573,1.3331830993354827,0.18335807828387587,-0.9999999999990593,1.0143415686836919,2.014341568682751,2.014341568682751,9.406919687648951e-13,9.406919687648951e-13,True
5.85584030182378,0.4390287143541129,0.08526853900599063,0.07858123362658777,-0.09937425799741277,21,0.5001617816702653,1.1266064889550829,0.44395428800890424,-0.9999999972000263,1.0668885271010542,2.0668885243010804,2.0668885243010804,2.7999736973427503e-09,2.7999736973427503e-09,True
4.5581901866796555,0.30810122383770644,-0.0683111376960322,0.07215946348237524,-0.1422237461100835,21,0.6064573345010076,1.5732515329966579,0.38548021202042326,-1.000000000000003,1.022309287598423,2.022309287598426,2.022309287598426,3.1086244689504383e-15,3.1086244689504383e-15,True
5.3807144295038105,0.3297342812044059,0.011866139663912516,0.0928512880769179,-0.0663318265229011,21,0.09364181585515796,1.3283694205546952,0.07049380571863464,-0.9999999999994164,1.01575176122712,2.0157517612265363,2.0157517612265363,5.836442440454448e-13,5.836442440454448e-13,True
5.401817346470035,0.33845147625483896,0.02017253761256925,0.05018255316815812,-0.11537170780862734,21,0.24328437596283226,1.3490791105042013,0.18033366173159987,-1.0000000000000073,1.0067403293740464,2.006740329374054,2.006740329374054,7.327471962526033e-15,7.327471962526033e-15,True
5.0667969922038605,0.36415567045102837,0.007747982352484488,0.07206080509077667,-0.0885068447738667,21,0.1449306876470169,1.4235140307085423,0.10181191370125016,-0.9999999999999917,1.0073231085422711,2.0073231085422627,2.0073231085422627,8.326672684688674e-15,8.326672684688674e-15,True
5.04446793117494,0.3246654911398777,0.018019322940014248,0.08396310137995538,-0.056359658247108355,21,0.17775279974319713,1.3860378372312026,0.12824527222018867,-0.9999999999999919,1.012118766206492,2.012118766206484,2.012118766206484,8.104628079763643e-15,8.104628079763643e-15,True
5.191927492582781,0.3218258341783317,0.04891390312902642,0.09842761281555533,-0.07514186837977288,21,0.1451282354727763,1.2992902817570113,0.11169808433918363,-0.9999999999995394,1.0262154748074273,2.0262154748069667,2.0262154748069667,4.606315329169774e-13,4.606315329169774e-13,True
5.347121573388654,0.3105688322793362,-0.0065884660392453945,0.11242411654762605,-0.06100903209781025,21,0.1756768775730171,1.188726151830528,0.14778582712468383,-0.9999999999265577,1.028279599630434,2.0282795995569916,2.0282795995569916,7.344225227967627e-11,7.344225227967627e-11,True
5.527105516896936,0.3775394606034112,0.022482803296199387,0.0739263024046302,-0.07010163766625149,21,0.14418887854355322,1.2997496439306668,0.11093588616612443,-1.0000000000004272,1.0162397070209366,2.016239707021364,2.016239707021364,4.2721381987576024e-13,4.2721381987576024e-13,True
5.538722266252378,0.34499123146052185,-0.013379980247859103,0.07726153733554657,-0.10811757007485774,21,0.13103673152852569,1.3977950379167305,0.09374531170451315,-0.999999999999996,1.0061853948608792,2.006185394860875,2.006185394860875,3.9968028886505635e-15,3.9968028886505635e-15,True
5.682624763934649,0.39899663929674856,0.05110949953583015,0.07973265430194086,-0.09593001753008826,21,0.28513207945979824,1.2242658323890068,0.23290046321344887,-1.000000000022503,1.0337508919767184,2.0337508919992215,2.0337508919992215,2.2503110486127298e-11,2.2503110486127298e-11,True
5.480307523237126,0.35008288424047335,0.0169067546954416,0.07272796594478098,-0.050592492119049176,21,0.12563649430330215,1.3102235066474612,0.09588936060594344,-0.9999999999999386,1.0120616225494272,2.012061622549366,2.012061622549366,6.139533326177116e-14,6.139533326177116e-14,True
5.40222772426769,0.37403640109994407,0.01310394779842819,0.09316723763422594,-0.10748025489615681,21,0.11408075698185782,1.3609696617903653,0.08382314476561055,-0.9999999999999942,1.0163864330569585,2.0163864330569528,2.0163864330569528,5.773159728050814e-15,5.773159728050814e-15,True
5.3542002583725745,0.33237629393342705,0.030887764662189954,0.0875413662895101,-0.1101692335530961,21,0.12619981453131057,1.3302857400540797,0.09486669723016064,-0.9999999999999925,1.0158631484195082,2.0158631484195007,2.0158631484195007,7.549516567451064e-15,7.549516567451064e-15,True
5.637648224085269,0.46945510290114184,0.050100617738974965,0.09359059644769695,-0.06325921061155804,21,0.4841887176181334,1.2182218576746495,0.3974552866276396,-1.0000000001053817,1.0520192450790442,2.052019245184426,2.052019245184426,1.0538170336360508e-10,1.0538170336360508e-10,True
5.701694659664453,0.3361757007291277,0.052869436017195834,0.09351191974580866,-0.10248394444418196,21,0.16548378377911477,1.220527201045353,0.13558385559730401,-0.999999999998639,1.0299866461069787,2.0299866461056175,2.0299866461056175,1.3610224058879794e-12,1.3610224058879794e-12,True
5.128195638078695,0.30372454716425157,-0.0538726354169808,0.08741865343030025,-0.0879707118205981,21,0.3833058427594205,1.3589151354393438,0.2820675351706167,-1.0000000000000013,1.0203162957417868,2.020316295741788,2.020316295741788,1.3322676295501878e-15,1.3322676295501878e-15,True
5.3930120139110835,0.33891521947101055,0.03641140841107271,0.012205214043669324,-0.09391143288918888,21,0.4427384692612657,1.3028345108426707,0.3398270966700931,-1.000000000044831,1.0185259913363838,2.018525991381215,2.018525991381215,4.4831027778968746e-11,4.4831027778968746e-11,True
5.647720894893616,0.3599106039946739,0.016137778080863422,0.10265452522274994,-0.10709305284934345,21,0.1534483480756439,1.3010297566947038,0.11794376514914076,-0.9999999999971089,1.0233005765386909,2.0233005765358,2.0233005765358,2.89113177842637e-12,2.89113177842637e-12,True
5.664820270368446,0.363674955412358,0.06591210062358929,0.10505193390118434,-0.06296390684063505,21,0.2958281982176951,1.1798323257961991,0.25073749188729694,-0.9999999999879835,1.0484997240020149,2.0484997239899982,2.0484997239899982,1.2016498907030382e-11,1.2016498907030382e-11,True
5.34000437236055,0.20415119440036722,0.037054056438832646,0.07687503782415543,-0.072395183929362,21,0.45636700286898346,1.1939963215631342,0.3822180978510263,-0.9999999999998196,1.0174911182971815,2.0174911182970012,2.0174911182970012,1.8041124150158794e-13,1.8041124150158794e-13,True
5.35598482634176,0.37778580089916153,0.06079339542258991,0.09275654193794679,-0.05513818489254188,21,0.2793582438598987,1.2354440833907312,0.22611969866996132,-1.0000000000062395,1.0382376346409068,2.038237634647146,2.038237634647146,6.23945339839338e-12,6.23945339839338e-12,True
5.10601058383639,0.349349428353963,0.001768410682686284,0.06108808251613043,-0.09149840454493526,21,0.20826943240605433,1.4318496163688192,0.14545482292632594,-1.0000000000000002,1.0042261655608042,2.0042261655608042,2.0042261655608042,2.220446049250313e-16,2.220446049250313e-16,True
5.849436431189033,0.3780812574919377,-0.06115784121711358,0.07782681241242001,-0.07014513407071167,21,0.14510360597642813,1.4325355681588736,0.10129145076859662,-0.9999999999999784,1.0060760924715766,2.006076092471555,2.006076092471555,2.1649348980190553e-14,2.1649348980190553e-14,True
5.588388222772518,0.3153497154407513,-0.0057210667714344045,0.10608727622790255,-0.0670399580170055,21,0.15156321148473828,1.1965090048764186,0.12667118330663335,-0.9999999999638286,1.0241125764173098,2.0241125763811385,2.0241125763811385,3.617139920919499e-11,3.617139920919499e-11,True
5.507383562191054,0.32586696660822795,0.01835153657288416,0.0683618322019118,-0.05315770639957723,21,0.17361092902364228,1.3038255515362014,0.13315502892169073,-0.9999999999999732,1.009885839010211,2.009885839010184,2.009885839010184,2.6756374893466273e-14,2.6756374893466273e-14,True
5.342078847733136,0.38307283281436794,0.038419019040452314,0.0675919228287662,-0.08969480367508621,21,0.18216541950580112,1.3047994357988484,0.139611816581046,-1.00000000000212,1.0199070663215115,2.019907066323632,2.019907066323632,2.120081887824199e-12,2.120081887824199e-12,True
5.34883902948687,0.3667423172355295,0.020962800626722414,0.06515970954988629,-0.12058809077397888,21,0.14155041420676895,1.3592996538130067,0.10413481222459096,-1.000000000000146,1.0100054146828912,2.0100054146830373,2.0100054146830373,1.461053500406706e-13,1.461053500406706e-13,True
5.55061355045182,0.3424873578189694,-0.03833965943271415,0.07980879700564616,-0.0749416687683286,21,0.16830817745147475,1.4004814466858717,0.12017879840519323,-0.999999999999959,1.0074273569948415,2.0074273569948007,2.0074273569948007,4.0967229608668276e-14,4.0967229608668276e-14,True
5.601714750846514,0.3852195669429723,0.07568203063204118,0.13728712891454425,-0.06932640987280783,21,0.41205545646318775,1.1513453158013236,0.357890418111791,-0.9999999996319805,1.0825655575578783,2.082565557189859,2.082565557189859,3.6801950376030845e-10,3.6801950376030845e-10,True
5.309397160969471,0.3382538419034536,0.009012360823610208,0.09954259379759023,-0.11263352386148198,21,0.09556097806702235,1.333552663613453,0.0716589458177723,-0.9999999999981318,1.0166975775636704,2.016697577561802,2.016697577561802,1.868172283536751e-12,1.868172283536751e-12,True
5.527465065098656,0.4032141697959693,0.027938285582523224,0.09226396258984196,-0.11605111499377825,21,0.1992415656792521,1.3104022501830765,0.152046110765924,-0.9999999999991218,1.0245527139939647,2.024552713993087,2.024552713993087,8.781864124784988e-13,8.781864124784988e-13,True
5.793818315090693,0.3544767812195756,0.03534690696524677,0.092518859705555,-0.09111714932196827,21,0.15811967532645688,1.2390026080922234,0.12761851693752646,-0.9999999999992931,1.0258144629699528,2.025814462969246,2.025814462969246,7.068789997788372e-13,7.068789997788372e-13,True
5.256982600941955,0.32350866531871914,-0.0026832344731144864,0.08224410239609468,-0.09830432368265513,21,0.20092433817081656,1.405655292337628,0.1429399791443008,-0.999999999999971,1.0083161899424593,2.0083161899424304,2.0083161899424304,2.8976820942716586e-14,2.8976820942716586e-14,True
5.377577473279517,0.3471079768029,0.012430874325547469,0.09380859942904146,-0.10665421787867442,21,0.08524110994181999,1.3663821770710392,0.06238453001819874,-0.99999999999971,1.0151392294968067,2.0151392294965165,2.0151392294965165,2.899902540320909e-13,2.899902540320909e-13,True
6.396777675546364,0.3888012049551417,-0.008847596468481754,0.020754435462503645,-0.12379477677889304,21,0.16017374145103314,1.2577017276883176,0.12735431456028598,-1.0000000000075353,1.0119317152191094,2.0119317152266447,2.0119317152266447,7.535305712735862e-12,7.535305712735862e-12,True
5.44316864850739,0.3720559819891935,-0.007010134838675993,0.09161686539675103,-0.11531515871200998,21,0.08343908223344343,1.403861781498176,0.059435396940857484,-0.9999999999998888,1.0117408065966884,2.011740806596577,2.011740806596577,1.1124434706744069e-13,1.1124434706744069e-13,True
5.582201542978451,0.41338794756931696,0.0037996727265216072,0.11254229989430208,-0.14452736325497723,21,0.28695892308237103,1.366592867194897,0.20998128262691004,-0.9999999999954904,1.0268549133363147,2.026854913331805,2.026854913331805,4.509614903724923e-12,4.509614903724923e-12,True
5.712859257015368,0.3608394090259917,0.015745457393544264,0.06767270972282288,-0.06424836555784011,21,0.10773546938935286,1.2818147792000079,0.08404917086116882,-1.0000000000001579,1.0124199620922594,2.0124199620924172,2.0124199620924172,1.5787371410169726e-13,1.5787371410169726e-13,True
5.682804136114859,0.36226996903526604,0.012725339058825298,0.07037624048082329,-0.09926694288475547,21,0.09051288154662673,1.3102432120548038,0.06908097726732648,-0.9999999999999766,1.010706392180477,2.0107063921804538,2.0107063921804538,2.3425705819590803e-14,2.3425705819590803e-14,True
5.169751835740315,0.25796342552553053,0.009280262014676278,0.05885472907712723,-0.0987447181831066,21,0.45616073936636403,1.4066152031743369,0.3242967503386405,-1.0000000000000002,1.0062935313354051,2.0062935313354053,2.0062935313354053,2.220446049250313e-16,2.220446049250313e-16,True
5.662989599895433,0.23065395850072992,0.08185710533884297,0.09532799459376827,-0.08185139762110079,21,0.26189933388550046,1.0928126617176679,0.23965620372100255,-0.9999999999884182,1.036326765932157,2.036326765920575,2.036326765920575,1.1581846592889633e-11,1.1581846592889633e-11,True
5.096748850435677,0.32832976507801914,-0.06431011372750724,0.08096966899692769,-0.1347932297159301,21,0.3886776404038319,1.4606637011380368,0.2660965971160947,-0.9999999999999899,1.0157662142839514,2.0157662142839414,2.0157662142839414,1.0103029524088925e-14,1.0103029524088925e-14,True
5.563990072642563,0.5030973116624013,-0.014703003212532867,0.09170650384762269,-0.07997695686572433,21,0.4025566205101432,1.381854826019929,0.2913161447426443,-1.0000000000003484,1.0232709470854335,2.023270947085782,2.023270947085782,3.483879851273741e-13,3.483879851273741e-13,True
5.267173051432537,0.34104561638125086,0.02945893910515871,0.08478031227507497,-0.0337568933068306,21,0.13644198841196897,1.3092443882027682,0.10421430073820383,-0.9999999999998874,1.0180781847781548,2.0180781847780422,2.0180781847780422,1.1257661469699087e-13,1.1257661469699087e-13,True
4.979587229538048,0.37421653920900766,0.039145036115876386,0.0717292095997685,-0.10960527806066166,21,0.16924924673200215,1.3782070171803915,0.12280393628981891,-1.0000000000007143,1.0158645924662517,2.015864592466966,2.015864592466966,7.143174940438257e-13,7.143174940438257e-13,True
5.451341385255879,0.45962696870189024,0.029902906910574352,0.08604089790874245,-0.07270838198202023,21,0.35512438791985246,1.2970133978182585,0.27380163421381526,-1.0000000000235882,1.0333268058843523,2.0333268059079406,2.0333268059079406,2.3588242470395926e-11,2.3588242470395926e-11,True
5.630966343202603,0.37225991480551857,0.024994184583898592,0.11157996559151374,-0.10557050309835991,21,0.21754842467411883,1.276463360047254,0.1704306065362231,-0.9999999999882504,1.0320977648195315,2.032097764807782,2.032097764807782,1.1749601291910494e-11,1.1749601291910494e-11,True
5.344761255619467,0.3891335122825674,0.023993520126646746,0.08039766196707207,-0.09788085747523882,21,0.14006239719637126,1.3411896581082015,0.10443146228396552,-1.00000000000003,1.0169104870638987,2.016910487063929,2.016910487063929,2.9976021664879227e-14,2.9976021664879227e-14,True
5.389349901758094,0.4255414845347223,0.0009812779556380418,0.09444522063278235,-0.09186784586192877,21,0.19939058097288176,1.382663101821855,0.14420763865771521,-0.9999999999999056,1.017946153733605,2.0179461537335106,2.0179461537335106,9.43689570931383e-14,9.43689570931383e-14,True
5.503183375069737,0.2935240899986931,0.08183183617719172,0.08354527255810053,-0.09694271822467049,21,0.22975667106176934,1.1858478023509995,0.19374886946391082,-0.9999999999988504,1.0324658220194936,2.032465822018344,2.032465822018344,1.1496359419993496e-12,1.1496359419993496e-12,True
5.487779363005558,0.3461995687976846,0.0046835630614093845,0.07661178172003485,-0.09583586414379497,21,0.10621834974421196,1.3592327397235784,0.0781458146496774,-1.000000000000004,1.0083717429760386,2.008371742976043,2.008371742976043,3.9968028886505635e-15,3.9968028886505635e-15,True
5.165736654247864,0.37792059948276546,0.011229033112870525,0.06764216447507274,-0.014788161383748347,21,0.13357421183615337,1.3580031665752765,0.09836075137660522,-1.0000000000001406,1.0121156646592662,2.0121156646594067,2.0121156646594067,1.4055423491754482e-13,1.4055423491754482e-13,True
5.634601613688858,0.30167548116413767,0.023316716071755013,0.07497041891101733,-0.07188162982631749,21,0.1795222282039577,1.2813191933541916,0.14010734338101252,-1.000000000000002,1.0112332989447317,2.0112332989447337,2.0112332989447337,1.9984014443252818e-15,1.9984014443252818e-15,True
5.857690229050152,0.38065396408986524,-0.015054341453859699,0.08179049610691841,-0.0644580666594481,21,0.11594860397409645,1.3264639764893578,0.08741180011610117,-1.0000000000000198,1.0106897537719368,2.0106897537719566,2.0106897537719566,1.9761969838327786e-14,1.9761969838327786e-14,True
5.280646453313193,0.3147800133574118,-0.00920767707582597,0.06253160757650712,-0.07269227650101619,21,0.2831589206892553,1.415093783491011,0.20009904925927052,-1.0000000000000007,1.003992986859155,2.0039929868591555,2.0039929868591555,6.661338147750939e-16,6.661338147750939e-16,True
5.594367532762673,0.3695199986768558,0.021136128764999502,0.10459448698822744,-0.08934297011314031,21,0.1834795024108531,1.301176925668037,0.14101041817710755,-0.9999999999976722,1.0265020840673094,2.0265020840649814,2.0265020840649814,2.3278046157315657e-12,2.3278046157315657e-12,True
5.318479811445719,0.36554911596667927,-0.00019801856602174456,0.08420124170698957,-0.10781135774271643,21,0.06517044550452389,1.4064731822227134,0.046336074038420036,-1.0000000000000018,1.0093716708861802,2.009371670886182,2.009371670886182,1.7763568394002505e-15,1.7763568394002505e-15,True
5.6063612097523166,0.368331314668925,0.01824565660003728,0.03981979113317878,-0.07568045660683032,21,0.20769400309969233,1.2989294048622613,0.1598962979221463,-0.9999999999955388,1.0122462807861663,2.012246280781705,2.012246280781705,4.4612091798512665e-12,4.4612091798512665e-12,True
5.56939108918548,0.35105908217986076,-0.0062010018056621995,0.06691923813957307,-0.08583615616867273,21,0.11743644499741102,1.364753697775357,0.08604955252280361,-0.9999999999999989,1.0051632031930742,2.005163203193073,2.005163203193073,1.1102230246251565e-15,1.1102230246251565e-15,True
5.242948946869277,0.36080418660493285,0.011494463757832524,0.09680816247997423,-0.0696908325918817,21,0.1118405854856035,1.3726975916726931,0.08147503584480013,-0.9999999999996761,1.017080302304116,2.017080302303792,2.017080302303792,3.2385205628315816e-13,3.2385205628315816e-13,True
5.357136853837156,0.36773881556320553,0.029079120344433156,0.06785986672193461,-0.11106283192793359,21,0.1386713673756801,1.3343488010488398,0.1039243766447574,-1.000000000000467,1.0134483226549862,2.013448322655453,2.013448322655453,4.669598041573408e-13,4.669598041573408e-13,True
5.206465357928339,0.3317823272830701,-0.021355290430044575,0.09494030253832063,-0.1445561880101131,21,0.2171686392177885,1.3748899215640509,0.15795347381028238,-0.999999999999472,1.0127358262638448,2.0127358262633166,2.0127358262633166,5.280220705117245e-13,5.280220705117245e-13,True
5.536989002592633,0.34261697586493073,0.032059461600197285,0.09731651232120761,-0.13912570808599972,21,0.10889391953117755,1.31121284393043,0.08304824044032566,-0.9999999999995449,1.0215584353980116,2.0215584353975564,2.0215584353975564,4.550804177938517e-13,4.550804177938517e-13,True
5.336266977717616,0.3408639182476723,-0.006242609606714968,0.12548122721879862,0.007923520042409343,21,0.21434620886401223,1.1521173840632541,0.1860454601492621,-0.9999999994044518,1.0390783439596596,2.0390783433641113,2.0390783433641113,5.955481663377782e-10,5.955481663377782e-10,True
5.20388004894575,0.32492961219119176,-0.02881191793947878,0.08793669108240673,-0.08457299696849492,21,0.24259523407845363,1.3811391699032798,0.17564865247825995,-0.9999999999998139,1.0113255749929009,2.011325574992715,2.011325574992715,1.8607337892717624e-13,1.8607337892717624e-13,True
4.990242953124791,0.3152326044172219,-0.006023379995176976,0.07999262574200772,-0.09697471917539502,21,0.2895370214201247,1.447428137321459,0.20003550708633316,-0.9999999999999875,1.0074992901424698,2.0074992901424573,2.0074992901424573,1.2545520178264269e-14,1.2545520178264269e-14,True
5.4460030307950404,0.3604494366412595,0.0462648665645855,0.08367407877759545,-0.07071916504852675,21,0.18779189862172574,1.2605482011834273,0.1489763726967545,-1.0000000000003426,1.0253777016612888,2.0253777016616317,2.0253777016616317,3.426148253993233e-13,3.426148253993233e-13,True
5.7417878119757075,0.3880960523691876,0.04112028425332158,0.08842799354458475,-0.083361835814829,21,0.24785117055008166,1.2309253480964908,0.20135353531662986,-1.000000000002294,1.030800754575226,2.0308007545775197,2.0308007545775197,2.2939428134804984e-12,2.2939428134804984e-12,True
4.578137013714652,0.3285266653391259,-0.007850324632478358,0.07585611355716676,-0.09595918856848312,21,0.34893680016422257,1.5620851368530995,0.22337886196598325,-0.9999999999999991,1.005630704070518,2.005630704070517,2.005630704070517,8.881784197001252e-16,8.881784197001252e-16,True
6.030803569724642,0.39144160184066434,0.013506701691341244,0.09938667293908335,-0.12751226359542128,21,0.23801666542116706,1.2666184546281516,0.18791504620153587,-0.9999999999997249,1.0263887790939288,2.0263887790936534,2.0263887790936534,2.751132655021138e-13,2.751132655021138e-13,True
5.445815664112177,0.3329609790098375,0.016860027511929443,0.08286775860632868,-0.12470870877422219,21,0.12007434138821149,1.3538321510390188,0.08869219223081579,-0.9999999999999999,1.0109808569126877,2.0109808569126875,2.0109808569126875,1.1102230246251565e-16,1.1102230246251565e-16,True
5.742287259432614,0.30203286771825827,0.02165970485359881,0.10376255769269697,-0.09794185558898531,21,0.10529141357123462,1.1708200149298016,0.08992963241882018,-0.9999999999682855,1.0260009200978004,2.026000920066086,2.026000920066086,3.171451989913976e-11,3.171451989913976e-11,True
5.504732200663536,0.3244085939533042,0.031705972292555756,0.15960562306737786,-0.09528599143601024,21,0.35804268306218745,0.939591692751029,0.38106199301728055,-0.9999999129486724,1.0928090009510991,2.0928089138997716,2.0928089138997716,8.705132759079248e-08,8.705132759079248e-08,True
5.500571202003329,0.32507485379044243,0.050601973110644946,0.08425084351470641,-0.03333897768498412,21,0.16217397847215298,1.2244784151259054,0.1324433133886461,-0.9999999999991463,1.0259169213993216,2.025916921398468,2.025916921398468,8.536504836342829e-13,8.536504836342829e-13,True
5.837665660984179,0.5137749270122611,0.005596138532678712,0.09548692489801303,-0.10260287948091427,21,0.5252356061184611,1.3025499496123616,0.4032364411627907,-1.00000000003333,1.0374296310990005,2.0374296311323308,2.0374296311323308,3.3330005422271825e-11,3.3330005422271825e-11,True
5.095616816479843,0.3406972084793835,0.012559934117504114,0.09771143354940938,-0.16905590356148878,21,0.13738915629642467,1.4036792209277666,0.09787788708991278,-0.9999999999995475,1.0133114942292585,2.013311494228806,2.013311494228806,4.525269048372138e-13,4.525269048372138e-13,True
5.650337945184215,0.3581900302487396,-0.010487221716148095,0.07530536690986422,-0.08425523633426525,21,0.06290504399355723,1.3599336724914992,0.04625596473268474,-1.0000000000000033,1.0069938067996402,2.0069938067996436,2.0069938067996436,3.3306690738754696e-15,3.3306690738754696e-15,True
6.088589014588256,0.3581654176586047,0.0286764394297031,0.07187414773639894,-0.07032567569532205,21,0.16973362204290732,1.1997693411652421,0.14147187815122725,-1.0000000000015956,1.0198546161859563,2.019854616187552,2.019854616187552,1.595612530991275e-12,1.595612530991275e-12,True
5.36664682466901,0.33952230867848526,-0.004146537382509788,0.06612164356694941,-0.10054180922746739,21,0.186088267266717,1.4030201240030207,0.13263406852339374,-0.9999999999999998,1.0041043469779463,2.004104346977946,2.004104346977946,2.220446049250313e-16,2.220446049250313e-16,True
5.196085538401642,0.25203270060400634,0.005801350176308918,0.06611487738402196,-0.11641965630468189,21,0.46516499951124435,1.3794390357132846,0.33721316235676585,-0.9999999999999984,1.0080876448759453,2.0080876448759435,2.0080876448759435,1.5543122344752192e-15,1.5543122344752192e-15,True
5.278264338252052,0.375149980739427,0.02816477128283643,0.052671202198290495,-0.018332486598990477,21,0.19493979238201042,1.3025462483791925,0.14966055341572812,-0.9999999999962853,1.017437817466441,2.017437817462726,2.017437817462726,3.714695218093311e-12,3.714695218093311e-12,True
5.206363712841183,0.3660638794629665,0.05278240096324045,0.08573641360243386,-0.07218691665686747,21,0.20232922389952268,1.2865696636870245,0.15726254831758726,-1.0000000000011533,1.0274573364647297,2.0274573364658828,2.0274573364658828,1.1532996779806126e-12,1.1532996779806126e-12,True
5.0332119869852905,0.3049115114577793,0.009840630188212466,0.08124969329213476,-0.08627327324870146,21,0.26515293297177944,1.4105571500126655,0.18797744775488084,-0.9999999999999809,1.0092405026958409,2.009240502695822,2.009240502695822,1.9095836023552692e-14,1.9095836023552692e-14,True
6.075835541208123,0.3342309717355393,0.012920076365170115,0.10116134890229506,-0.06325620024670549,21,0.16638933504428755,1.187319540995405,0.14013863100812177,-0.999999999984718,1.0264725327541475,2.0264725327388655,2.0264725327388655,1.5281997889360355e-11,1.5281997889360355e-11,True
5.1850671126917005,0.29858058537916704,0.017302773691133054,0.09049237938014831,-0.11809000661287591,21,0.22860213909352334,1.3331892531563319,0.17147013340552114,-0.9999999999996095,1.0131061757348676,2.0131061757344773,2.0131061757344773,3.9046543776066756e-13,3.9046543776066756e-13,True
5.822365711854575,0.2641593701368544,0.01949122705094793,0.08418245983978559,-0.09536021308451044,21,0.22603860202550652,1.1967909792991516,0.18887057634565074,-0.9999999999990051,1.014940054029806,2.014940054028811,2.014940054028811,9.948708523666028e-13,9.948708523666028e-13,True
5.257112952407695,0.407218740537727,0.026678322939968663,0.030166474953175496,-0.07842064822293046,21,0.23513662399942592,1.340170790602632,0.17545273009098528,-0.9999999999852289,1.020011374405341,2.02001137439057,2.02001137439057,1.4771073253427858e-11,1.4771073253427858e-11,True
6.398559824926248,0.3397278788985607,-0.0028957319473041417,0.07510967765832673,-0.10719383281064598,21,0.07687517192186055,1.237562173862055,0.062118230134617425,-1.0000000000000182,1.0104472090427272,2.0104472090427454,2.0104472090427454,1.8207657603852567e-14,1.8207657603852567e-14,True
5.519774110294405,0.41306621102869856,0.009627182218612213,0.09312940451410481,-0.08736366490164002,21,0.19183286334939398,1.3383177281163863,0.14333880461957932,-0.9999999999996099,1.0203870479113089,2.0203870479109187,2.0203870479109187,3.9013237085328e-13,3.9013237085328e-13,True
5.389541726037627,0.38787365089708853,0.008028240038044285,0.08402149350027979,-0.07123541374876899,21,0.11294182917081197,1.3558609018064234,0.08329897928344918,-0.9999999999999066,1.0140774871247717,2.0140774871246783,2.0140774871246783,9.336975637097567e-14,9.336975637097567e-14,True
5.395301357170917,0.35629377432487136,-0.0002633433402971612,0.07414688712860272,-0.09785937683845328,21,0.10639714638622388,1.3876197913029424,0.0766760081205814,-1.0000000000000016,1.0068705481655573,2.006870548165559,2.006870548165559,1.5543122344752192e-15,1.5543122344752192e-15,True
5.27028998357863,0.44660631210144375,-0.062008512744276566,0.08089158453628374,-0.07710828283312303,21,0.15583191735738722,1.5423582883295266,0.10103483641674674,-1.0000000000000064,1.0045235885489696,2.004523588548976,2.004523588548976,6.439293542825908e-15,6.439293542825908e-15,True
4.857568402676703,0.32256842935982444,-0.0007321157737059051,0.09146633751965644,-0.06613270110586014,21,0.22833027035132547,1.4104822136070712,0.1618809993834727,-0.9999999999997831,1.0119466906299712,2.0119466906297543,2.0119466906297543,2.169375790117556e-13,2.169375790117556e-13,True
5.7925712314496085,0.274543310907964,0.021120013788657854,0.06351463098064783,-0.08362869290163984,21,0.2569954554004681,1.2666594768387476,0.20289230065357572,-0.9999999999999986,1.0071786083300593,2.007178608330058,2.007178608330058,1.4432899320127035e-15,1.4432899320127035e-15,True
5.397170969112781,0.3389635182280253,0.011097453408842592,0.07668262930987667,-0.10390521405199782,21,0.13333991184267036,1.3645499297453805,0.09771713657084798,-1.0000000000000029,1.0086321128141555,2.0086321128141584,2.0086321128141584,2.886579864025407e-15,2.886579864025407e-15,True
5.2098366266259735,0.3935463487918828,0.08756880998608449,0.15882533946246855,-0.08065655790754202,21,0.4703110078940347,1.1148900131968613,0.421845206546836,-0.9999999959042611,1.1054420613236242,2.1054420572278856,2.1054420572278856,4.0957388591778e-09,4.0957388591778e-09,True
5.650576090563861,0.35484844443550184,-0.0024732800730995017,0.1347911392184005,-0.032508550354332456,21,0.32894659375797586,1.0904471839840315,0.30166210577585656,-0.999999997088365,1.0507833050427888,2.050783302131154,2.050783302131154,2.91163504417824e-09,2.91163504417824e-09,True
5.923016180061518,0.5076200910564932,-0.06622318835231117,0.0708202303809742,-0.142224215697662,21,0.3079667750583379,1.4689285458776247,0.2096540202194385,-1.0000000000000033,1.008744457421726,2.008744457421729,2.008744457421729,3.3306690738754696e-15,3.3306690738754696e-15,True
5.074940184965181,0.3175353701121241,0.006997109458725677,0.07648886816842167,-0.09864945787157216,21,0.24735575014676447,1.4294284649884015,0.1730452108694866,-0.9999999999999973,1.0069457791986753,2.0069457791986727,2.0069457791986727,2.6645352591003757e-15,2.6645352591003757e-15,True
5.199684539256774,0.3047741551183473,0.006361614250278854,0.09426806649559717,-0.0969449132237104,21,0.20980270083242414,1.3141828908114395,0.15964497962903923,-0.9999999999988128,1.0147217048945296,2.0147217048933426,2.0147217048933426,1.1871614802316799e-12,1.1871614802316799e-12,True
5.162782294548608,0.3528939799162413,0.02111000657394889,0.08275966224790834,-0.10805578534401224,21,0.12473060182726714,1.3855682453841531,0.09002126184891397,-0.9999999999999881,1.0118438055446033,2.0118438055445913,2.0118438055445913,1.1879386363489175e-14,1.1879386363489175e-14,True
5.627258621469765,0.22776051220495697,-0.011458237764376959,0.125381365571412,-0.0554746673011982,21,0.29214291994954467,0.9184566368514211,0.31808025357739855,-0.999999999623414,1.0728720113562646,2.0728720109796788,2.0728720109796788,3.7658598461831616e-10,3.7658598461831616e-10,True
5.77121957468705,0.37596977660820663,0.0026281515451663674,0.08816377990584658,-0.14721123600866812,21,0.10515462733238623,1.3419360086295133,0.07836038876382645,-1.0000000000000133,1.013816039983595,2.0138160399836083,2.0138160399836083,1.3322676295501878e-14,1.3322676295501878e-14,True
5.340543617063928,0.3690305270791588,0.02571053791523429,0.08513361398749347,-0.09309297507443791,21,0.11121036040585941,1.3355362579539365,0.08327019183757356,-0.9999999999997982,1.0168768999275206,2.016876899927319,2.016876899927319,2.0183854587685346e-13,2.0183854587685346e-13,True
5.315295786890726,0.5141955979128409,0.0006169624395635769,0.06627502882553737,-0.06800792748661999,21,0.35935467298558765,1.3839291359300705,0.25966262553182184,-0.9999999999620063,1.0249185214972159,2.024918521459222,2.024918521459222,3.799371928181472e-11,3.799371928181472e-11,True
5.615727283336902,0.23499284749854507,0.030088684197767078,0.0025937554493795736,-0.09732772120683475,21,0.6872809648439149,1.2817448723177316,0.5362073059056833,-1.000000000000649,1.01481325137968,2.014813251380329,2.014813251380329,6.490363801958665e-13,6.490363801958665e-13,True
5.525840857695524,0.4480635695064732,0.005911091536126037,0.09727481994984408,-0.0411575808802469,21,0.3134807797301342,1.3225343886388174,0.23703034297110095,-0.9999999999983346,1.026504783045526,2.0265047830438605,2.0265047830438605,1.6654455592401973e-12,1.6654455592401973e-12,True
5.161188746359378,0.28840945992878664,0.010105298072402655,0.08127586854793796,-0.08701525941606043,21,0.29079122642474586,1.358739752701754,0.2140153961393482,-0.9999999999999499,1.0102440935322745,2.0102440935322243,2.0102440935322243,5.007105841059456e-14,5.007105841059456e-14,True
5.529686788182446,0.38340612107825595,0.017694297256331024,0.08968920945461377,-0.10689464677016333,21,0.13208219927714815,1.328404386030634,0.09942921046189789,-0.9999999999998304,1.0181910880154619,2.0181910880152922,2.0181910880152922,1.6964207816272392e-13,1.6964207816272392e-13,True
5.168554895845157,0.2952740444724685,0.02130376861310675,0.12929884784968143,-0.07603773362500739,21,0.1715229488793193,1.1026387677988578,0.15555679147915497,-0.9999999989280691,1.045297189721754,2.045297188649823,2.045297188649823,1.0719308773943226e-09,1.0719308773943226e-09,True
5.575298052115546,0.35895423952021804,0.026361451360468708,0.09476786702537063,-0.08751273961862344,21,0.13969806303579646,1.2917971908523458,0.1081424112275873,-0.9999999999998785,1.0221346556528257,2.022134655652704,2.022134655652704,1.2145839889399213e-13,1.2145839889399213e-13,True
5.460520371348531,0.2300018959048783,0.030336334528985313,0.08811921060635333,-0.07731328894237678,21,0.34245140509864114,1.1616905216161668,0.29478712163564524,-0.9999999999971658,1.0203357800556154,2.0203357800527812,2.0203357800527812,2.8341773372630996e-12,2.8341773372630996e-12,True
5.751603797059624,0.24403774653752752,0.031994080849946274,0.07881169453353332,-0.09587415901254938,21,0.2865767790748307,1.1999958202488767,0.2388148143844328,-0.9999999999997339,1.0139343762085182,2.013934376208252,2.013934376208252,2.6612045900265e-13,2.6612045900265e-13,True
5.3195381934785555,0.36465465729114654,0.026999605808288075,0.06730913748543771,-0.12278839289058764,21,0.14595081618783934,1.3518273008374613,0.10796557821951247,-1.0000000000002303,1.0116334500228616,2.011633450023092,2.011633450023092,2.3026025530725747e-13,2.3026025530725747e-13,True
5.406521906453424,0.3312307993514787,0.012353150514769174,0.0998521172333696,-0.10627519206668294,21,0.09188417175669161,1.3010900184536063,0.0706209181943455,-0.9999999999969966,1.0182954407302915,2.018295440727288,2.018295440727288,3.0033753262159735e-12,3.0033753262159735e-12,True
5.536712979286891,0.3410503585449698,-0.0018672018734923988,0.08090448254944119,-0.09550714024700108,21,0.09962472498865904,1.365489248271891,0.07295899628264385,-0.9999999999999891,1.0087564465635306,2.0087564465635195,2.0087564465635195,1.0880185641326534e-14,1.0880185641326534e-14,True
5.550611265304972,0.2997835043803043,0.026237848944065292,0.06573557138338637,-0.12578741980129765,21,0.23470691989329673,1.315239264625906,0.17845188035809934,-0.9999999999999929,1.0071418875479334,2.0071418875479266,2.0071418875479266,7.105427357601002e-15,7.105427357601002e-15,True
5.289149178950302,0.3440283916202617,0.003741720605121967,0.10802824890195638,-0.1003758439363529,21,0.12187551315269429,1.2967254190699122,0.09398713972932726,-0.9999999999881903,1.021164540787269,2.0211645407754593,2.0211645407754593,1.1809664357542715e-11,1.1809664357542715e-11,True
5.53264059912072,0.30664797389249543,0.002259465443940555,0.0739895042723763,-0.038891338040812184,21,0.18650726095484393,1.3284196954494587,0.1403978438393605,-0.9999999999999948,1.008688653604788,2.008688653604783,2.008688653604783,5.218048215738236e-15,5.218048215738236e-15,True
5.403570240744311,0.20513754927960035,0.009819797613390928,0.0883100963760238,-0.08812226458735749,21,0.47777280852498116,1.1275551402669428,0.42372456251839796,-0.9999999999988918,1.027844654731732,2.0278446547306235,2.0278446547306235,1.1082246231808313e-12,1.1082246231808313e-12,True
5.7858430039477895,0.32889470001595555,-0.0013142328968143626,0.08056891022243727,-0.0706651803404901,21,0.08293207257871149,1.310711638113807,0.06327255375412377,-0.999999999999966,1.0102309973371502,2.010230997337116,2.010230997337116,3.397282455352979e-14,3.397282455352979e-14,True
4.828348563295299,0.44404902633377424,0.03559738312233807,0.14614609671100692,-0.059478023676898445,21,0.44038257240085765,1.3358135329342393,0.3296736868906517,-0.9999999997980735,1.0555820023543099,2.0555820021523834,2.0555820021523834,2.0192647554040377e-10,2.0192647554040377e-10,True
5.464434689305115,0.37289542790868463,0.08124590467565879,0.0540888130730132,-0.1381016578772524,21,0.2966391156097683,1.2129739762792804,0.24455521834004196,-0.9999999996469916,1.0379558840717007,2.037955883718692,2.037955883718692,3.5300840028895664e-10,3.5300840028895664e-10,True
5.45343767125886,0.33065281833685667,0.0035879475707536086,0.08585950151541762,-0.10986091183140176,21,0.12541316206326236,1.370962599304672,0.09147817900128691,-0.9999999999999155,1.0104841983866726,2.010484198386588,2.010484198386588,8.448797217397441e-14,8.448797217397441e-14,True
5.206838827745712,0.20671188689540715,0.0299297978643617,0.07078512382850712,-0.07967737812646228,21,0.5097135142013172,1.2565971828280809,0.40562999914910103,-0.9999999999999853,1.0148161479697642,2.0148161479697495,2.0148161479697495,1.4654943925052066e-14,1.4654943925052066e-14,True
5.5506333129714935,0.3288007049892246,-0.01629051333790038,0.08933042923916192,-0.1320409202304028,21,0.1605765685646443,1.3400544107124892,0.1198283944897938,-0.9999999999995859,1.0110539735563107,2.0110539735558968,2.0110539735558968,4.141131881851834e-13,4.141131881851834e-13,True
5.476782820585443,0.33540561750414843,0.008125422398688215,0.10116075841843797,-0.10105621387357237,21,0.09925446520734282,1.2886916745086332,0.0770195595817655,-0.9999999999953877,1.0190771358841197,2.0190771358795074,2.0190771358795074,4.61231053350275e-12,4.61231053350275e-12,True
5.601046191001737,0.3773597086565304,0.028334954685994056,0.03769339945563767,-0.06838566983032902,21,0.212299337418278,1.2739695142262284,0.16664396992829328,-0.9999999999761848,1.0178395549909613,2.0178395549671464,2.0178395549671464,2.3815172056629308e-11,2.3815172056629308e-11,True
5.286595267440584,0.4438230988252484,0.0257506351413234,0.13380302315659046,-0.07324930636665117,21,0.44575770701557915,1.3295346882854142,0.3352734689385459,-0.9999999999453937,1.049525978842436,2.0495259787878295,2.0495259787878295,5.4606319466188324e-11,5.4606319466188324e-11,True
4.636102062021715,0.3735057732720058,0.025272712455269762,0.1455287922237891,-0.07655893994863011,21,0.24537085412497017,1.2533001747215031,0.19577979726963193,-0.9999999991417532,1.0465099676123433,2.0465099667540967,2.0465099667540967,8.58246806956231e-10,8.58246806956231e-10,True
5.315017319620997,0.396610274103483,0.025057022679185414,0.07289755638183677,-0.14302301180672872,21,0.1244426891855488,1.3678980599310115,0.09097365719768981,-1.0000000000005886,1.0146466693707568,2.0146466693713454,2.0146466693713454,5.88640247656258e-13,5.88640247656258e-13,True
5.391117782275326,0.31479951091090724,0.013640425907026023,0.050514263709445645,-0.09705658728510574,21,0.28382848953548456,1.3562408248176783,0.20927587810493767,-1.000000000000006,1.0045627262611536,2.0045627262611596,2.0045627262611596,5.995204332975845e-15,5.995204332975845e-15,True
5.323490743547514,0.37609939848708895,-0.018307548416277804,0.08373920679794208,-0.09348625883022658,21,0.0827208538460229,1.4396196142065816,0.05746021589988748,-0.9999999999999912,1.0074284521499188,2.00742845214991,2.00742845214991,8.770761894538737e-15,8.770761894538737e-15,True
5.375220842104847,0.34146635802805847,-0.018360608549700966,0.0527225179328782,-0.09357685215438244,21,0.247873835152574,1.4304404630353829,0.17328497169786974,-1.0000000000000002,1.001624764351055,2.001624764351055,2.001624764351055,2.220446049250313e-16,2.220446049250313e-16,True
5.173609191161922,0.41151571753196664,0.0020310981772757863,0.10573289338288903,-0.121136955787215,21,0.18683119978890939,1.4352106354495535,0.1301768501251302,-0.9999999999995579,1.0188596552996891,2.018859655299247,2.018859655299247,4.4209080840573733e-13,4.4209080840573733e-13,True
5.353831946462038,0.3489031038876513,0.03729442831436712,0.06753919858559146,-0.09845128979199587,21,0.17500433724939235,1.3098061909223815,0.13361086431127048,-1.0000000000005367,1.0146785604553805,2.014678560455917,2.014678560455917,5.366818101038007e-13,5.366818101038007e-13,True
5.525370457149332,0.35701378514204474,-0.01819863886474448,0.06459583642207506,-0.08811522296896879,21,0.13580642755311323,1.4006352922454712,0.09696059231478525,-1.0000000000000002,1.0032903036797718,2.003290303679772,2.003290303679772,2.220446049250313e-16,2.220446049250313e-16,True
5.453801856415982,0.39496523467432354,-0.007199881031206277,0.1050549503336384,-0.08060437303931128,21,0.20573224675671042,1.374128691940584,0.14971832548388858,-0.9999999999978888,1.019639507670522,2.019639507668411,2.019639507668411,2.1112001036271977e-12,2.1112001036271977e-12,True
5.365797912460304,0.40291068226670856,-0.010440067552464261,0.07520429941967366,-0.11175064044784008,21,0.06302511718956638,1.423699003989732,0.044268568716383634,-0.9999999999999908,1.0073239864225974,2.007323986422588,2.007323986422588,9.2148511043888e-15,9.2148511043888e-15,True
5.889846937792229,0.3507418047831,0.014030135838424416,0.041742598053627664,-0.10361914535831449,21,0.19416342950489573,1.2762782534273913,0.15213252202917196,-0.9999999999989573,1.0088428874003315,2.0088428873992887,2.0088428873992887,1.042721464727947e-12,1.042721464727947e-12,True
5.102495055153352,0.33375970013504774,0.04493485124764292,0.11480698898597783,-0.10603333379033715,21,0.14459680671052455,1.274169628472008,0.11348316855105542,-0.9999999999790304,1.0325640965717715,2.032564096550802,2.032564096550802,2.096955942221257e-11,2.096955942221257e-11,True
5.420327806288632,0.3242627957240047,-0.011490330685200311,0.04984243244366191,-0.08848651179819567,21,0.28160433714206534,1.4039200216450645,0.20058431591572518,-0.9999999999999996,1.0020844655635155,2.002084465563515,2.002084465563515,4.440892098500626e-16,4.440892098500626e-16,True
5.2879580902053815,0.3809621380008308,0.042837904764225596,0.08997472003546896,-0.033261446312798766,21,0.23097693669982133,1.275631487159745,0.18106870128621758,-0.9999999999998291,1.0292537362517267,2.029253736251556,2.029253736251556,1.708633234898116e-13,1.708633234898116e-13,True
5.84585710542708,0.3410952785190307,0.008116997833913255,0.09647943478819285,-0.09992103358208956,21,0.11815334648589126,1.268935139564289,0.09311220313944595,-0.9999999999976431,1.0192363352515514,2.0192363352491944,2.0192363352491944,2.356892458976745e-12,2.356892458976745e-12,True
5.662720900697295,0.36399554102374637,0.060675890790697296,0.12289864819589089,-0.08773841807346965,21,0.29364293765264193,1.1881814151023415,0.2471364506465956,-0.9999999999263326,1.057281583947406,2.0572815838737384,2.0572815838737384,7.366740550907025e-11,7.366740550907025e-11,True
5.493335962740155,0.4361747657749992,0.02040045865940851,0.15403794066188123,-0.07611894767852087,21,0.5730835268740191,1.1716155362259777,0.48913957621289555,-0.9999999962659943,1.0707050276158725,2.070705023881867,2.070705023881867,3.734005660227524e-09,3.734005660227524e-09,True
5.479724659809473,0.3822966449443293,0.0337089083928473,0.06756697599190066,-0.08382337153863659,21,0.17824828829365247,1.2893490832696615,0.13824672511623654,-1.0000000000022937,1.0191835689943758,2.0191835689966693,2.0191835689966693,2.2937207688755734e-12,2.2937207688755734e-12,True
5.155884843215093,0.3805704748103218,0.0023755042012319465,0.0725687541921067,-0.09179219690053497,21,0.10206142040628485,1.4213688372487272,0.07180502184347876,-0.9999999999999875,1.0074847926276675,2.007484792627655,2.007484792627655,1.2545520178264269e-14,1.2545520178264269e-14,True
5.763894472373103,0.3496705031666456,-0.015959899485368363,0.08439681212977616,-0.07660937381869969,21,0.08879822133628323,1.3495240329802238,0.0657996591140252,-0.9999999999999114,1.0099128785576108,2.009912878557522,2.009912878557522,8.859579736508749e-14,8.859579736508749e-14,True
5.386288681705337,0.4030358511726194,0.022081353511334112,0.07729012857274244,-0.10488337255081329,21,0.15948619328633673,1.3419769147132856,0.11884421523034253,-1.0000000000007514,1.0172647776909267,2.017264777691678,2.017264777691678,7.513989430663059e-13,7.513989430663059e-13,True
5.294754180053719,0.30797001005135605,0.03159037532352069,0.06124193841855337,-0.10809876475502506,21,0.2673508728318146,1.337952678359628,0.19982087345540137,-1.0000000000000084,1.0079274511775653,2.007927451177574,2.007927451177574,8.43769498715119e-15,8.43769498715119e-15,True
5.957337827849965,0.3346615336902354,0.00013433541254047159,0.09995700424039793,-0.06323476429127621,21,0.13880949364507966,1.2112440356481453,0.11460076546077827,-0.9999999999878945,1.0220031943530825,2.022003194340977,2.022003194340977,1.210553879360532e-11,1.210553879360532e-11,True
4.56146005092058,0.3954443515426855,0.024095388898212937,0.07240617150477177,-0.0956121569783552,21,0.1720239149119207,1.4875482041821375,0.1156425818190547,-1.000000000000105,1.0110813221264494,2.0110813221265547,2.0110813221265547,1.0502709812953981e-13,1.0502709812953981e-13,True
5.435665158265474,0.3721886157041272,-0.004965414419653522,0.06747264781458343,-0.0699898712971336,21,0.09505274236200334,1.3767102031079403,0.06904339210054564,-0.9999999999999909,1.0064978383122223,2.006497838312213,2.006497838312213,9.103828801926284e-15,9.103828801926284e-15,True
6.275065883121627,0.3328288319367365,0.00018855317777003062,0.07516947256480168,-0.12005176264131409,21,0.062134541585846303,1.2548063514522112,0.04951723547935251,-1.0000000000000104,1.0096969208032687,2.009696920803279,2.009696920803279,1.0436096431476471e-14,1.0436096431476471e-14,True
4.969221855023374,0.3353409366395616,0.0344957152488626,0.0822862659141014,-0.07978570286174369,21,0.18837659365061787,1.374411398722048,0.13705983072155378,-0.9999999999999541,1.0144299048158243,2.0144299048157785,2.0144299048157785,4.5852210917018965e-14,4.5852210917018965e-14,True
5.08997939283133,0.3713953094996473,-0.010037946919190096,0.09696644794114759,-0.08801769883942917,21,0.10418144938688156,1.4368486305962764,0.0725069065512123,-0.9999999999996577,1.0122465501517952,2.012246550151453,2.012246550151453,3.4228175849193576e-13,3.4228175849193576e-13,True
5.321767716937603,0.32319201148526067,0.013536624512613941,0.015261136058717623,-0.101181987526265,21,0.4727855887420336,1.370789548679706,0.34490019944885286,-1.0000000000010463,1.009254925806012,2.009254925807058,2.009254925807058,1.0462741784067475e-12,1.0462741784067475e-12,True
5.553837336416082,0.3641678553044725,0.019055720626890718,0.1292191321264544,-0.11694686260047352,21,0.27720252893360375,1.1794688922842864,0.23502317928601194,-0.9999999995055668,1.0432065488594386,2.0432065483650055,2.0432065483650055,4.9443316108011e-10,4.9443316108011e-10,True
5.35048507360977,0.32653478610443837,0.023151543929604806,0.10254721290644898,-0.07165445838175749,21,0.11271664522006253,1.2754593819093696,0.08837337105265171,-0.9999999999944111,1.0227795214525497,2.022779521446961,2.022779521446961,5.588862705963038e-12,5.588862705963038e-12,True
5.075058766110308,0.3339874744747712,0.05935400994198836,0.043688901327654774,-0.08407549067230337,21,0.3497365962557262,1.3004919528053818,0.2689263824364964,-0.9999999999860947,1.0204241845722912,2.0204241845583857,2.0204241845583857,1.390532133882516e-11,1.390532133882516e-11,True
5.373971672589956,0.3689348959984833,0.03044609783381979,0.08800783562623203,-0.08513223060382082,21,0.1360328548724712,1.3150208841872901,0.10344539505662853,-0.9999999999996148,1.020034709402158,2.0200347094017728,2.0200347094017728,3.852473895449293e-13,3.852473895449293e-13,True
5.384564866787163,0.5343374758564333,0.0012554143300689269,0.0949657550670386,-0.07177144377557458,21,0.5155532191686736,1.3723564736017422,0.3756700457102133,-1.0000000000226577,1.0333259156019852,2.033325915624643,2.033325915624643,2.265765353115512e-11,2.265765353115512e-11,True
5.384977937911003,0.3913204341272978,0.06816411207077674,0.12496896290006972,-0.10441192103979123,21,0.3358950257647766,1.2384507417790138,0.271221950484901,-0.9999999999736535,1.0595417228723425,2.059541722845996,2.059541722845996,2.6346480552774665e-11,2.6346480552774665e-11,True
5.260276890820234,0.3429819457042252,0.020095516904190265,0.06984950294766865,-0.10228973105456621,21,0.17238573384561806,1.3672494701809716,0.12608213614652253,-0.999999999999986,1.0087287433271501,2.0087287433271364,2.0087287433271364,1.3988810110276972e-14,1.3988810110276972e-14,True
5.203344336015497,0.3800586743823658,0.004663028905649309,0.11538293793515556,-0.06886870819653299,21,0.19562665653769118,1.3261143569301699,0.14751869287543837,-0.9999999999812228,1.0258870761493781,2.025887076130601,2.025887076130601,1.8777202015485273e-11,1.8777202015485273e-11,True
5.226682861333446,0.4070765791983086,0.0055289673141277924,0.0851694729640696,-0.06677435323147038,21,0.1259565979604802,1.3876952481111615,0.09076675742164855,-0.999999999999872,1.0142994521998947,2.014299452199767,2.014299452199767,1.2800871473928055e-13,1.2800871473928055e-13,True
5.205998883607538,0.3226577154061321,-0.005450696715600528,0.11827217943216538,-0.08661692156668435,21,0.18484361497549173,1.2104972085954673,0.15270057102400483,-0.9999999998983338,1.0297760645030638,2.0297760644013976,2.0297760644013976,1.0166623098939453e-10,1.0166623098939453e-10,True
5.375054445010241,0.3413453946367342,0.03410497007681837,0.15985403338981885,-0.09667617568062119,21,0.37420599571180024,0.9911755828351364,0.3775375444998653,-0.9999999507400048,1.0863970085348404,2.086396959274845,2.086396959274845,4.925999519400648e-08,4.925999519400648e-08,True
5.298125244172128,0.31650671634502947,0.01074459554316053,0.10450976819218626,-0.051735829693067115,21,0.11014168410663694,1.248212351652977,0.08823954029999703,-0.9999999999857832,1.0226037900496965,2.02260379003548,2.02260379003548,1.421684991953498e-11,1.421684991953498e-11,True
5.879073881086116,0.3350513176453882,-0.03996919938046768,0.07165479941072246,-0.15700000981091777,21,0.20448119491368066,1.4076138069528348,0.14526796618764073,-0.9999999999999947,1.0051605814048181,2.005160581404813,2.005160581404813,5.329070518200751e-15,5.329070518200751e-15,True
5.400644915674232,0.3505688820106248,0.0053774480801303485,0.10048061430593144,-0.08457636347368674,21,0.10894528837394613,1.3272124644671646,0.08208579356409551,-0.9999999999976829,1.0181424584645768,2.01814245846226,2.01814245846226,2.3171464746951642e-12,2.3171464746951642e-12,True
5.417525544694093,0.39705087028892877,0.009797626288703815,0.09364661333979653,-0.08530839335713272,21,0.15613506887859607,1.354302897551956,0.11528814503817907,-0.9999999999999563,1.0182574058002376,2.0182574058001936,2.0182574058001936,4.374278717023117e-14,4.374278717023117e-14,True
5.104355998848023,0.3824539790156393,0.0025236330321587695,0.08789650962124433,-0.08445504581914587,21,0.08306513346037647,1.4264728983876465,0.05823113327583415,-1.00000000000001,1.0112260507551933,2.0112260507552033,2.0112260507552033,9.992007221626409e-15,9.992007221626409e-15,True
5.862845257186482,0.2832232002134686,-0.004872904211861142,0.13932236697372571,-0.06883129399939818,21,0.2587821169653721,0.9118807243537499,0.2837894365502364,-0.9999999801088616,1.0757258474219842,2.075725827530846,2.075725827530846,1.9891138403060893e-08,1.9891138403060893e-08,True
5.532722601295043,0.49360974792154827,-0.006260420500023381,0.09718647693602772,-0.03691234125406873,21,0.42597808118357383,1.3464105933891546,0.3163805181533156,-1.0000000000000075,1.0279518906573761,2.0279518906573837,2.0279518906573837,7.549516567451064e-15,7.549516567451064e-15,True
5.355956088949202,0.38429842137945586,-0.0669338005464969,0.08989548409794179,-0.09695299706836859,21,0.20478785398518662,1.4588110328305484,0.1403799734005537,-0.9999999999998904,1.0107429117719877,2.010742911771878,2.010742911771878,1.0957901253050295e-13,1.0957901253050295e-13,True
5.486243545405802,0.31130941466070666,-0.002987452164738136,0.08290811437637986,-0.10191364557587398,21,0.1973928584701865,1.3439751470593313,0.1468724022926239,-0.9999999999999023,1.0095158642796758,2.009515864279578,2.009515864279578,9.769962616701378e-14,9.769962616701378e-14,True
5.566734529152,0.36114352671110617,0.04188964694756106,0.12313868183212207,-0.13360988341449043,21,0.2405852736717804,1.210728251814824,0.19871120816017512,-0.9999999998851521,1.044264431010002,2.0442644308951543,2.0442644308951543,1.1484790896076902e-10,1.1484790896076902e-10,True
5.202830784794294,0.3520522522855231,0.013029464579811821,0.10978602919104391,-0.07619131294698335,21,0.1349375685945271,1.3080530459112762,0.1031590951271557,-0.9999999999887006,1.0236873993242412,2.0236873993129416,2.0236873993129416,1.1299405855424993e-11,1.1299405855424993e-11,True
5.163769576039221,0.3175474611422607,0.06264055804361551,0.1063373613120257,-0.05550434275280864,21,0.15719754021943477,1.263143617374085,0.12444945931502902,-0.999999999996699,1.0369158187650553,2.0369158187617544,2.0369158187617544,3.301026119117978e-12,3.301026119117978e-12,True
5.642352759930897,0.3091257189999923,0.03321505926042151,0.06990410682717628,-0.09104458977673895,21,0.19100925747535635,1.2675021221801441,0.15069738672059524,-0.9999999999999486,1.0118691714318775,2.011869171431826,2.011869171431826,5.140332604014475e-14,5.140332604014475e-14,True
5.4318869762193644,0.3637215255878918,-0.0028026190182239754,0.055376170637865055,-0.06981753425870926,21,0.15260789446266876,1.372370772721306,0.1112001927584475,-1.0000000000000153,1.0052064134576741,2.0052064134576897,2.0052064134576897,1.532107773982716e-14,1.532107773982716e-14,True
5.3840086896620045,0.40407257378626116,0.01399019392513261,0.10538781442570452,-0.08446384576841579,21,0.21787765446883656,1.35014109532763,0.1613739891503455,-0.9999999999996636,1.0249676455732,2.024967645572864,2.024967645572864,3.3639757646142243e-13,3.3639757646142243e-13,True
5.472296862086118,0.34289855700315497,0.012771267028398653,0.11038232770466837,-0.13203786599244283,21,0.12261061303692511,1.2621566539149618,0.09714373620470255,-0.9999999999777687,1.0247596416816878,2.0247596416594567,2.0247596416594567,2.223132788969906e-11,2.223132788969906e-11,True
5.122285031948664,0.3757237947229962,0.007577819822358842,0.09418211303408686,-0.08872980462980652,21,0.09788948571839273,1.413765853332262,0.06924023910159248,-0.9999999999999618,1.0141322701145892,2.014132270114551,2.014132270114551,3.8191672047105385e-14,3.8191672047105385e-14,True
5.359908501703109,0.39395234654377514,0.005461551045653471,0.07959225541420167,-0.07141160087008556,21,0.104158427764516,1.3668902974043164,0.07620101478685577,-0.9999999999999073,1.0125132796603558,2.012513279660263,2.012513279660263,9.270362255620057e-14,9.270362255620057e-14,True
5.4560941292068,0.3691126978675413,0.03354154375856172,0.08092722828518108,-0.07916851983477924,21,0.15583911159589303,1.2913203069435732,0.12068199559623492,-1.000000000000004,1.0200188107784889,2.0200188107784927,2.0200188107784927,3.9968028886505635e-15,3.9968028886505635e-15,True
5.458321079586185,0.33425027941277863,0.03425550587016771,0.08864062875223003,-0.040947427246830315,21,0.1191962623795415,1.2706353105282484,0.09380839757238241,-0.9999999999998637,1.021448555008809,2.0214485550086727,2.0214485550086727,1.3633538742396922e-13,1.3633538742396922e-13,True
5.55408602955509,0.3610437356777486,0.03497999003022669,0.08705958142908267,-0.08200478607747352,21,0.15272885303985428,1.2734670343252819,0.11993153251962604,-0.9999999999993656,1.0222661770169506,2.0222661770163164,2.0222661770163164,6.343814362708144e-13,6.343814362708144e-13,True
5.579721644321018,0.4039863430707076,0.02441742722362885,0.10427154073141702,-0.09046610865443905,21,0.2418594899415729,1.2968415450465907,0.18649887556839784,-0.9999999999989594,1.030175950225218,2.0301759502241774,2.0301759502241774,1.0406120409811592e-12,1.0406120409811592e-12,True
5.223730432698819,0.37438605133560326,0.026980764235248166,0.016383810948969086,-0.07450784770239442,21,0.3637321812422347,1.3432564307810073,0.2707838748486397,-1.0000000000364349,1.018573556456774,2.018573556493209,2.018573556493209,3.643485513293854e-11,3.643485513293854e-11,True
5.324923511892754,0.40705338498330074,0.03253930986725839,0.07857921227400635,-0.10226412171528211,21,0.20041535753804496,1.3274995223934545,0.15097207506086344,-1.0000000000030684,1.0217508197360323,2.0217508197391005,2.0217508197391005,3.0684343954590076e-12,3.0684343954590076e-12,True
5.5471832203684235,0.36142510026533253,0.017975441606361536,0.059585778991069635,-0.07154740663892642,21,0.1460132220799002,1.307184983351216,0.11170050447303004,-1.000000000000309,1.0110083813912956,2.011008381391605,2.011008381391605,3.090860900556436e-13,3.090860900556436e-13,True
5.5400967199482185,0.34065517146349467,-0.0022507326157913243,0.09879626315163506,-0.08581663239808728,21,0.10827746321938636,1.2968084512297158,0.08349534051594962,-0.9999999999967283,1.0171475971499304,2.017147597146659,2.017147597146659,3.271716231267874e-12,3.271716231267874e-12,True
5.353872461789472,0.35765489821612945,0.004716621975428027,0.09191610997436521,-0.1368936554976275,21,0.07454620917598809,1.4044959131540085,0.05307684307075218,-0.9999999999998834,1.0122301603882706,2.012230160388154,2.012230160388154,1.1657341758564144e-13,1.1657341758564144e-13,True
5.43412391733741,0.29028758615860445,-0.01718751478858377,0.11100213734498744,-0.09276377733262686,21,0.21858462520514066,1.155487551431727,0.18917090446738222,-0.9999999999508159,1.0313300123876692,2.031330012338485,2.031330012338485,4.918410123622152e-11,4.918410123622152e-11,True
5.453447686764799,0.3252969277499338,0.032415406552908345,0.13325103940565447,-0.07505630810877251,21,0.22732325424736644,1.0883093252895104,0.20887742938975024,-0.9999999978438215,1.053093766251806,2.0530937640956277,2.0530937640956277,2.156178458001534e-09,2.156178458001534e-09,True
5.30399622254258,0.33680849553195985,0.026551808888901497,0.07416727843143352,-0.08254353498217866,21,0.16660700576645948,1.3344744037564498,0.12484840870493484,-0.9999999999999527,1.0118195864992723,2.011819586499225,2.011819586499225,4.729550084903167e-14,4.729550084903167e-14,True
4.534742135438298,0.5463863979298718,0.014360334079053976,0.08257554593895618,-0.04654300816155557,21,0.4090320415804658,1.4865477826018325,0.27515566359027954,-0.9999999999877685,1.0290614114848777,2.029061411472646,2.029061411472646,1.2231549106900275e-11,1.2231549106900275e-11,True
5.4994225894186926,0.5194335475431058,0.02614777670000072,0.09329890152614785,-0.09441919720372428,21,0.5299566091295111,1.30824073807825,0.4050910460929346,-1.0000000000436178,1.0434888807614702,2.043488880805088,2.043488880805088,4.3617776057658375e-11,4.3617776057658375e-11,True
5.513989575026343,0.5273721942083964,0.022237886906209852,0.1513712429078868,-0.015624971906687296,21,0.7764685657198767,1.2759943189373983,0.6085203940143648,-0.9999999998211521,1.0785722192869382,2.07857221910809,2.07857221910809,1.7884793646061325e-10,1.7884793646061325e-10,True
6.002030938936884,0.35176808400145193,0.009282972094823826,0.02414891820533648,-0.05668234567324914,21,0.2548565697150591,1.2477432858794497,0.20425401009906294,-0.9999999999992948,1.0121747968483825,2.0121747968476775,2.0121747968476775,7.052136652418994e-13,7.052136652418994e-13,True
5.320122636561803,0.36770234232757165,0.0035413565535413784,0.08334930950018213,-0.05192632616205764,21,0.08693211511934495,1.3680154839346859,0.06354614851968694,-1.0000000000000109,1.0116940063965478,2.0116940063965587,2.0116940063965587,1.0880185641326534e-14,1.0880185641326534e-14,True
5.262650955095041,0.3043166858496412,-0.009962738166540594,0.07909458428439524,-0.11503603018134954,21,0.2930172519446126,1.3923447986593593,0.21044877118566377,-0.9999999999999759,1.0079098292233823,2.007909829223358,2.007909829223358,2.4091839634365897e-14,2.4091839634365897e-14,True
5.541100904907883,0.38704005151017273,0.00735269256942926,0.08633600929671406,-0.15058722738087638,21,0.09507758558679624,1.3724060227654635,0.06927802997775423,-0.9999999999999946,1.013195370020226,2.0131953700202208,2.0131953700202208,5.440092820663267e-15,5.440092820663267e-15,True
5.551556358979298,0.35125422820019936,0.029555642043421454,0.09468668480157946,-0.08399484952881395,21,0.13355799514987132,1.2868656682077333,0.10378549871167408,-0.9999999999998567,1.0224830284178206,2.0224830284176774,2.0224830284176774,1.433297924791077e-13,1.433297924791077e-13,True
5.5230441331582405,0.3725511782987376,-0.0011222947759958746,0.07904894630029459,-0.05992676203272501,21,0.08530227910780064,1.3480483842435569,0.06327835121116006,-0.9999999999999928,1.0104943459368398,2.0104943459368325,2.0104943459368325,7.216449660063518e-15,7.216449660063518e-15,True
5.446638585220473,0.35950142382089495,0.030085218079313206,0.02458436752084922,-0.03255490444938761,21,0.3150246956434004,1.277663431672273,0.24656313066038021,-0.9999999999979992,1.0193836892279353,2.0193836892259345,2.0193836892259345,2.000843934979457e-12,2.000843934979457e-12,True
5.393693757377091,0.3864816123761104,-0.05926406812622576,0.08895799205616836,-0.10923532715935926,21,0.1844874979444171,1.4659202080088123,0.12585098215885163,-0.9999999999998764,1.009273016817012,2.0092730168168886,2.0092730168168886,1.2356782264077992e-13,1.2356782264077992e-13,True
5.670842874922675,0.5219223469681136,0.018360046295695653,0.0867425641514034,-0.05034627197425068,21,0.5498575904996381,1.2761371428589128,0.43087656650115175,-0.9999999999551354,1.0433187312166303,2.043318731171766,2.043318731171766,4.4864556514312426e-11,4.4864556514312426e-11,True
5.390827099962778,0.375199759253257,0.008328498807122109,0.10423385781539138,-0.02496724134912509,21,0.18694196548321718,1.3314579400381157,0.14040395859434027,-0.999999999997606,1.0235932860458636,2.0235932860434698,2.0235932860434698,2.393973907999225e-12,2.393973907999225e-12,True
5.390406266742762,0.40275404498288375,0.022717236747622917,0.08369974214534653,-0.10597797584697707,21,0.1641496823865667,1.3403897218340233,0.12246414584704857,-1.0000000000000184,1.0189115152358268,2.0189115152358452,2.0189115152358452,1.84297022087776e-14,1.84297022087776e-14,True
5.359842470535672,0.5064744996121434,0.019993575595405613,0.08442991611954269,-0.07459950332133579,21,0.43740468131305077,1.3356237795263546,0.3274909357095793,-1.0000000000053508,1.0349124082789785,2.0349124082843293,2.0349124082843293,5.3508308894834045e-12,5.3508308894834045e-12,True
5.441988348302307,0.3585376687914668,0.017306260842513164,0.0948547683086173,-0.08106064376071401,21,0.12086097325460088,1.33100133876319,0.0908045467233781,-0.9999999999998543,1.0185870241728747,2.018587024172729,2.018587024172729,1.4566126083082054e-13,1.4566126083082054e-13,True
5.31784630455447,0.43303725528712966,0.007792128921542829,0.04462909470858903,-0.09704934141931137,21,0.1656680738509666,1.3824450067689473,0.11983700837269924,-0.9999999999909542,1.0141718296784201,2.0141718296693742,2.0141718296693742,9.045764137738388e-12,9.045764137738388e-12,True
5.398024078732963,0.3573009629062454,-0.044548801007653266,0.05500770656526376,-0.056881934854952666,21,0.22996210343200674,1.4668881118465338,0.1567686734760759,-0.9999999999999994,1.0015554747944975,2.001555474794497,2.001555474794497,5.551115123125783e-16,5.551115123125783e-16,True
5.5300969861048825,0.37348714783526443,0.015998791831231825,0.09319784287761407,-0.09815175690716725,21,0.13246413939402912,1.3277223801988816,0.09976794951229723,-0.9999999999999859,1.0185482007887197,2.0185482007887057,2.0185482007887057,1.4099832412739488e-14,1.4099832412739488e-14,True
5.266223964113414,0.361949863068266,-0.01135039862780353,0.1288596073130891,-0.0321618239917309,21,0.2515002161603068,1.1962992361127571,0.21023186220324702,-0.9999999995219044,1.037177072956955,2.037177072478859,2.037177072478859,4.780955631389361e-10,4.780955631389361e-10,True
5.843806030800188,0.37720738435226325,0.026010654117599785,0.09929911052518772,-0.09118521226379957,21,0.2049189152904698,1.2515590334031068,0.1637309226503491,-0.9999999999993031,1.028564029193356,2.028564029192659,2.028564029192659,6.968869925572108e-13,6.968869925572108e-13,True
5.571092906822162,0.524297588942774,-0.01283872608777101,0.06244040010352832,-0.12672979054869024,21,0.3595488140846399,1.400665153054267,0.2566986215803354,-0.9999999999803529,1.021682499095965,2.021682499076318,2.021682499076318,1.9647061755279083e-11,1.9647061755279083e-11,True
5.476917480678725,0.38241492023492063,-0.057966007671655655,0.10303698907142923,-0.09616255521139286,21,0.2149097082610687,1.3633962925726777,0.1576282035031371,-0.9999999999968551,1.0168178126207483,2.0168178126176035,2.0168178126176035,3.144928761855681e-12,3.144928761855681e-12,True
5.64078462384368,0.33609763463149545,0.009989011347610101,0.08960023508978146,-0.12161527470378969,21,0.07440939614350661,1.3344326912498161,0.05576107107644038,-0.9999999999997696,1.0137792731879867,2.0137792731877564,2.0137792731877564,2.3037127760972e-13,2.3037127760972e-13,True
5.718991404357293,0.3626043500313417,0.006118867290146865,0.0889432498852679,-0.07090980222299523,21,0.12156184968451367,1.3051848649602131,0.09313764888640455,-0.9999999999999967,1.015859472637149,2.0158594726371457,2.0158594726371457,3.3306690738754696e-15,3.3306690738754696e-15,True
5.463965625828337,0.3646883061081686,0.010820994519209932,0.06389476971526281,-0.08127967405628798,21,0.12826799099119035,1.341987606687767,0.09558060771349118,-1.0000000000000642,1.0088825337536689,2.008882533753733,2.008882533753733,6.417089082333405e-14,6.417089082333405e-14,True
5.507954005529005,0.36638612880836086,0.00023652776235236553,0.07045983236731095,-0.06997669137469428,21,0.09076686896666564,1.3526136287554855,0.06710480142816433,-0.9999999999999801,1.0080289696611155,2.008028969661096,2.008028969661096,1.9872992140790302e-14,1.9872992140790302e-14,True
5.370449327204423,0.3529298594909804,0.06479644998125353,0.08776361997440556,-0.1766458889647227,21,0.16592583661346216,1.285022756281914,0.12912287802089367,-1.0000000000003966,1.0277235254917274,2.027723525492124,2.027723525492124,3.965716643961059e-13,3.965716643961059e-13,True
5.085401865627482,0.3276893437114847,0.02638221232970018,0.08162538475634314,-0.08058258794944959,21,0.18171659320022582,1.3724621622085245,0.1324018965359402,-0.9999999999999994,1.0122792811575783,2.0122792811575776,2.0122792811575776,5.551115123125783e-16,5.551115123125783e-16,True
4.41697315250493,0.394437225611743,0.015636191180401965,0.08667347084371922,-0.10911675981126462,21,0.13770197378642246,1.547124362446798,0.08900510982106502,-0.9999999999999939,1.0096020661352976,2.0096020661352916,2.0096020661352916,6.106226635438361e-15,6.106226635438361e-15,True
5.347039601183936,0.3238723469554822,0.011034699301391641,0.06455373034099221,-0.10192347089667612,21,0.21478487483574926,1.372445170102539,0.15649796400952184,-0.9999999999999976,1.0054330903784965,2.005433090378494,2.005433090378494,2.4424906541753444e-15,2.4424906541753444e-15,True
5.510518896048177,0.30431602086325993,0.03791639654862209,0.07639661329271605,-0.12319641294359426,21,0.19576047073407876,1.2944715454321791,0.1512280987750265,-0.9999999999999727,1.01260068591593,2.0126006859159027,2.0126006859159027,2.731148640577885e-14,2.731148640577885e-14,True
5.3588957724781965,0.3777249264371977,0.03353057608699066,0.0760809270375089,-0.09496430451890255,21,0.15314802810167216,1.3156527957863846,0.11640459290791336,-1.0000000000008908,1.0183869187222254,2.0183869187231163,2.0183869187231163,8.908429549592256e-13,8.908429549592256e-13,True
5.009464753882733,0.3134440464200504,0.04142265113997112,0.07071368573478785,-0.10885180252481427,21,0.26557155061277316,1.3669472454845397,0.19428076064386554,-0.999999999999982,1.0111665447495823,2.0111665447495644,2.0111665447495644,1.7985612998927536e-14,1.7985612998927536e-14,True
4.575391012860506,0.3699185618624314,-0.005968500528993679,0.14068623260408594,-0.03165981957791661,21,0.21215020368415072,1.2675240437655746,0.16737371155019082,-0.9999999994876216,1.0392179907705812,2.039217990258203,2.039217990258203,5.123783619609412e-10,5.123783619609412e-10,True
5.500387952998977,0.3924475857074132,-0.004319579521130696,0.061073683460745834,-0.048794340100109676,21,0.09107643636849594,1.353414703761714,0.06729381328232645,-1.0000000000001132,1.0084670252096144,2.0084670252097276,2.0084670252097276,1.1324274851176597e-13,1.1324274851176597e-13,True
5.236626373195479,0.3611918573604208,0.005363845605452911,0.09571820361142475,-0.08440423135894021,21,0.09509275099459358,1.3957489725323913,0.0681302675953693,-0.9999999999997015,1.014785330207538,2.0147853302072396,2.0147853302072396,2.985389713217046e-13,2.985389713217046e-13,True
5.270935440166675,0.33313200267285664,0.002215898085577794,0.06860628484216796,-0.09236819701472716,21,0.19591340989226502,1.4011282724373388,0.13982546333995743,-1.0000000000000007,1.0052159751738217,2.0052159751738223,2.0052159751738223,6.661338147750939e-16,6.661338147750939e-16,True
5.376816948216026,0.38618726716211044,0.052281364305008,0.08547810973639812,-0.08597723479943074,21,0.2450398640121072,1.2660353935600397,0.19354898390562775,-1.0000000000077336,1.0308760012694234,2.030876001277157,2.030876001277157,7.733591544933915e-12,7.733591544933915e-12,True
5.811239791749645,0.35379771275458455,-0.00045203530939614753,0.09788188272203233,-0.06283054136613692,21,0.14600732200771782,1.2789837973982794,0.11415885197664526,-0.9999999999972015,1.0194985219171426,2.019498521914344,2.019498521914344,2.798539178172632e-12,2.798539178172632e-12,True
5.566093691235241,0.3369786595800705,0.028818439331440904,0.08510540210170786,-0.05113811965162072,21,0.10927978941371386,1.2702187708210175,0.08603225831962778,-0.9999999999998838,1.0187017334357213,2.018701733435605,2.018701733435605,1.162403506782539e-13,1.162403506782539e-13,True
4.974655120472015,0.40501825086683474,0.016113083800560056,0.10246345355709158,-0.07237573502606495,21,0.16577306087296084,1.4121223689098188,0.11739284393670522,-0.9999999999999665,1.0207074362646213,2.020707436264588,2.020707436264588,3.352873534367973e-14,3.352873534367973e-14,True
5.370673418933596,0.5386085365957848,0.07935480139827908,0.05538773746487977,-0.0931210072403955,21,0.6451118309122599,1.2104929115681546,0.5329331751943415,-0.9999999864105257,1.0779977351099208,2.0779977215204464,2.0779977215204464,1.3589474323616457e-08,1.3589474323616457e-08,True
5.665890452301741,0.4603035783057316,0.06799551479925492,0.1114330365597414,-0.059414813660234336,21,0.5520940379195116,1.1736067550755531,0.4704250683049021,-1.0000000003744993,1.0703999152537165,2.070399915628216,2.070399915628216,3.744993204435332e-10,3.744993204435332e-10,True
5.2704000944036205,0.20920262438690948,0.010970442003285686,0.16264977646700593,-0.10609215945770023,21,0.35412321098506183,0.7555860048144062,0.46867359735182595,-1.000000060465585,1.1478473714610675,2.1478474319266523,2.1478474319266523,6.04655849834046e-08,6.04655849834046e-08,True
5.6364660680561744,0.38882903224174264,0.00969989032340004,0.0862117299392934,-0.08850747665111408,21,0.1371823399298726,1.3192763198393052,0.10398302301566524,-0.9999999999998221,1.016603501932359,2.016603501932181,2.016603501932181,1.7785772854495008e-13,1.7785772854495008e-13,True
5.250710914391326,0.4088696149921358,0.03152130123318172,0.0719715075596175,-0.11540627251755657,21,0.18219230594213642,1.349736275536667,0.13498363290984022,-1.0000000000022065,1.0192002349273497,2.0192002349295564,2.0192002349295564,2.206457239140036e-12,2.206457239140036e-12,True
5.959644364166879,0.3415828747717804,0.048881518851650485,0.03716091194284649,-0.05807893432516241,21,0.24941792334649926,1.170468926650468,0.2130923065683245,-0.9999999999225567,1.0238161873381078,2.0238161872606644,2.0238161872606644,7.744327401582041e-11,7.744327401582041e-11,True
5.2505473991256615,0.34387102811162146,0.04595059246541141,0.07901740844809683,-0.0958987205668409,21,0.16480207713032002,1.3066300236133128,0.12612757563505364,-0.9999999999999881,1.0190277898923061,2.019027789892294,2.019027789892294,1.1879386363489175e-14,1.1879386363489175e-14,True
5.488600246089144,0.40031987617265175,0.025578062697978292,0.08468570657948873,-0.09797915765279658,21,0.18523175462753216,1.3131178636738399,0.1410625502491383,-1.0000000000001255,1.0212196165076937,2.0212196165078193,2.0212196165078193,1.254552017826427e-13,1.254552017826427e-13,True
5.409039084361336,0.39232818979200357,0.036263482357596404,0.02705059942560473,-0.08907993669342064,21,0.26298321515098966,1.2980301403543848,0.20260177862987885,-0.9999999999962081,1.0228824293414216,2.0228824293376295,2.0228824293376295,3.79185571830476e-12,3.79185571830476e-12,True
5.2867606059750925,0.3599050914568609,0.01943510703241613,0.06783244575784628,-0.060787924498326984,21,0.14989288577178717,1.3423213667040503,0.1116669148609589,-1.000000000000083,1.0113829230730076,2.0113829230730906,2.0113829230730906,8.304468224196171e-14,8.304468224196171e-14,True
4.884032980814637,0.43214514810525007,-0.01651888821169234,0.07173534722915753,-0.16459823112481708,21,0.050677846944884974,1.5623193329481069,0.032437572701129895,-0.9999999999999992,1.004171014071228,2.004171014071227,2.004171014071227,7.771561172376096e-16,7.771561172376096e-16,True
4.683125123449934,0.42001526511252896,-0.05453776235307761,0.08648949302048572,-0.08464982936961485,21,0.1546475855222218,1.647127893283915,0.09388923965940345,-0.9999999999999919,1.005236022171184,2.005236022171176,2.005236022171176,8.104628079763643e-15,8.104628079763643e-15,True
5.065625582887384,0.3367645230905089,-0.05435003671220985,0.08783015000474158,0.007496715008016963,21,0.24135956709211515,1.3959122917277926,0.17290453599586258,-0.9999999999998427,1.0144845589749947,2.0144845589748375,2.0144845589748375,1.5731860258938468e-13,1.5731860258938468e-13,True
5.608861159494966,0.36777195431115606,0.023484729593465196,0.10091703997271678,-0.08522000444990893,21,0.1729446969231705,1.2915765005730364,0.13390201575085933,-0.9999999999993163,1.0253910448351338,2.02539104483445,2.02539104483445,6.836753385641714e-13,6.836753385641714e-13,True
5.42960483449848,0.30989667084645256,0.018958707988996088,0.07042322225934704,-0.1322454003438555,21,0.21687807463113762,1.3558285643361314,0.15995980637664903,-0.9999999999999996,1.0066758391316646,2.006675839131664,2.006675839131664,4.440892098500626e-16,4.440892098500626e-16,True
5.0859548066276306,0.44973133281118005,-0.056453859949051645,0.058487000572750455,-0.07280247921389826,21,0.048452049937024455,1.5622377232912652,0.031014517966540617,-1.0000000000000004,1.0010894564445858,2.0010894564445865,2.0010894564445865,4.440892098500626e-16,4.440892098500626e-16,True
5.537194022804504,0.31881939147744004,0.0005326039916154993,0.055970741115859965,-0.09092211696206322,21,0.23403882099831264,1.3576439759645773,0.17238600483019342,-0.9999999999999988,1.0034698769474217,2.0034698769474204,2.0034698769474204,1.2212453270876722e-15,1.2212453270876722e-15,True
5.39705892259684,0.30206816318936536,0.0011774114627635945,0.08968339992413005,-0.11722229729330125,21,0.219039754346807,1.308616730255979,0.16738266390951653,-0.9999999999994132,1.0126235271294353,2.0126235271288486,2.0126235271288486,5.867528685143952e-13,5.867528685143952e-13,True
5.6594788312272035,0.3330529947214864,0.020638889159821025,0.10480139337738117,-0.11280236941462043,21,0.12735461104248502,1.239458443314281,0.10275020653531712,-0.9999999999875975,1.0249038190603037,2.024903819047901,2.024903819047901,1.2402523452692549e-11,1.2402523452692549e-11,True
5.586555084384306,0.3763296217032273,0.012729139467426681,0.16207990342225836,-0.08227324353684999,21,0.5011624491112789,1.0041560377016303,0.49908821965395755,-0.9999999449882686,1.0861343817873863,2.086134326775655,2.086134326775655,5.501173139244031e-08,5.501173139244031e-08,True
6.150915027656331,0.45807904227090507,0.02645834262496656,0.05443632203965251,-0.09289000587927321,21,0.36378913325749807,1.2052378502632195,0.3018401166027501,-0.9999999994209053,1.0352379901064066,2.035237989527312,2.035237989527312,5.790946611128334e-10,5.790946611128334e-10,True
5.689173104390372,0.3034788158201895,0.01620257927691732,0.04245710920938898,-0.0694724336090817,21,0.30016961327585445,1.287076297804725,0.23321819676722547,-0.9999999999999923,1.0059522433824333,2.0059522433824255,2.0059522433824255,7.66053886991358e-15,7.66053886991358e-15,True
5.6495219057269885,0.3743261229996029,0.03601128131504851,0.09339861060591328,-0.08958204581621029,21,0.19173753235897872,1.2595051795892016,0.152232428628452,-0.9999999999986023,1.027273144853827,2.0272731448524293,2.0272731448524293,1.3976597657006096e-12,1.3976597657006096e-12,True
5.725249963674934,0.3601358135589897,0.01634882353111927,0.11096254637543569,-0.06293684437420607,21,0.2165043422767039,1.2305105928433098,0.17594675213354546,-0.9999999999711529,1.0314366732557074,2.0314366732268603,2.0314366732268603,2.8847146893440367e-11,2.8847146893440367e-11,True
5.961997281715555,0.32814945467747625,0.013276478302156567,0.08635207857904635,-0.09519436955964058,21,0.09034130382827588,1.262771972244229,0.07154205653433938,-0.999999999999837,1.0155119745476224,2.0155119745474597,2.0155119745474597,1.6298074001497298e-13,1.6298074001497298e-13,True
5.3523081863534205,0.38423251186584023,-0.013737336683930049,0.15792827758664038,-0.07800244908132566,21,0.45893430229047305,1.0779957451728874,0.4257292334830782,-0.9999999829821988,1.068364820032072,2.068364803014271,2.068364803014271,1.7017801168250912e-08,1.7017801168250912e-08,True
5.2212401740035235,0.3831847792221307,0.0561932924208286,0.053496612384465916,-0.09363458566690476,21,0.23895291171429478,1.2873137794439737,0.18562134230980198,-0.9999999999427911,1.0264230088967445,2.0264230088395356,2.0264230088395356,5.7208904280514616e-11,5.7208904280514616e-11,True
5.340474049312215,0.3544641687308479,0.013629908796898077,0.0808982662887868,-0.10639092478733686,21,0.1019887684727232,1.3700323223702755,0.07444260022732437,-0.9999999999999964,1.0107131672728429,2.010713167272839,2.010713167272839,3.552713678800501e-15,3.552713678800501e-15,True
5.320385753176945,0.26876455219907863,0.01959437356391211,0.07236024422947526,-0.17291477946160996,21,0.3724740751305353,1.3738665570563091,0.2711137215018978,-0.9999999999999979,1.006384874945924,2.006384874945922,2.006384874945922,2.1094237467877974e-15,2.1094237467877974e-15,True
5.851700917578214,0.2880288512010716,0.0332692096205936,0.05783552327722131,-0.06767940969016163,21,0.24381162756427832,1.223873607541828,0.19921307728334656,-1.0000000000000346,1.009844740920384,2.0098447409204185,2.0098447409204185,3.4638958368304884e-14,3.4638958368304884e-14,True
6.0485287187959225,0.4302099130855491,-0.045431553890234004,0.07969746095157898,-0.09329051449700262,21,0.2226862801004612,1.3766214949433668,0.16176289627790705,-1.0000000000000042,1.0085664313478746,2.008566431347879,2.008566431347879,4.218847493575595e-15,4.218847493575595e-15,True
5.563474996226205,0.33063762225054233,0.01667996518646006,0.08904264127729582,-0.044943418429513896,21,0.09894546967167006,1.29439445023812,0.07644151259569122,-0.9999999999998301,1.016895309199619,2.016895309199449,2.016895309199449,1.6986412276764895e-13,1.6986412276764895e-13,True
5.268389656827883,0.32511236977780955,0.02236042822382817,0.09692194778793854,-0.0646900322775989,21,0.10922174767092518,1.3148864213684774,0.08306553774983232,-0.9999999999987553,1.0191394110456446,2.0191394110444,2.0191394110444,1.244671032907263e-12,1.244671032907263e-12,True
5.414587246190258,0.4028061853373982,0.03827310312415361,0.07085317932117864,-0.08732362800994817,21,0.22687629236798323,1.291718636493683,0.17563909504613914,-1.0000000000039102,1.0239924560882974,2.0239924560922073,2.0239924560922073,3.910205492729801e-12,3.910205492729801e-12,True
5.506467639016919,0.2517700018066201,0.006445126141690057,0.10931794272974966,-0.09433690155081803,21,0.2680226086681814,1.0828121548099037,0.2475245659901508,-0.9999999998985476,1.0352613418992087,2.0352613417977565,2.0352613417977565,1.0145240203485173e-10,1.0145240203485173e-10,True
5.706121774260309,0.3048288965078572,-0.013441460512740385,0.06285468007735387,-0.09988529861931356,21,0.26201335419157123,1.3650640839472041,0.19194216394144392,-1.0000000000000009,1.00369119326196,2.003691193261961,2.003691193261961,8.881784197001252e-16,8.881784197001252e-16,True
6.358317156520163,0.33669101123718664,0.027649721514218413,0.08363754021956243,-0.09501770287553303,21,0.13520381898162026,1.174106584124433,0.11515463826688772,-0.9999999999994874,1.0220943693524813,2.0220943693519686,2.0220943693519686,5.125899704694348e-13,5.125899704694348e-13,True
5.438059526982048,0.33158205231825055,0.006032778236485239,0.08681691124057767,-0.07100845973554308,21,0.10031136091309811,1.3519479597350261,0.07419764954026674,-0.9999999999998865,1.0122663718827376,2.012266371882624,2.012266371882624,1.13464793116691e-13,1.13464793116691e-13,True
5.416828650599521,0.37677250350664987,0.0101501645771056,0.02834879346501058,-0.11692620487629472,21,0.2751375082320606,1.3701070591957887,0.20081460524227793,-0.9999999999995194,1.0096318620318054,2.0096318620313247,2.0096318620313247,4.806155473602303e-13,4.806155473602303e-13,True
5.390615040740512,0.34004080285283983,0.01150014996829209,0.10453033689776577,-0.08594509513522236,21,0.11453638163515811,1.2875086876009274,0.08895969614665582,-0.9999999999926213,1.021448489196781,2.0214484891894022,2.0214484891894022,7.378653243961253e-12,7.378653243961253e-12,True
5.421492731096648,0.39370984860324293,0.04105627912267467,0.1586619322477521,-0.0033727065213754737,21,0.5186213507842123,1.0562180436287596,0.491017317790206,-0.9999999806380615,1.0904907271207558,2.0904907077588173,2.0904907077588173,1.9361938496942344e-08,1.9361938496942344e-08,True
4.809187426467755,0.5271370465075664,0.027859117802522516,0.0431432942478893,-0.15623126059859188,21,0.32249684773696186,1.4650650382086687,0.2201245946946341,-0.9999999998492775,1.0300887701915227,2.0300887700408,2.0300887700408,1.507225455554817e-10,1.507225455554817e-10,True
5.313847181631805,0.2654192092523278,0.014739835331990336,0.07089477804436131,-0.10244841343853599,21,0.3611652681396331,1.353562836390615,0.2668256385515944,-0.999999999999996,1.0079604558412305,2.0079604558412267,2.0079604558412267,3.9968028886505635e-15,3.9968028886505635e-15,True
5.297579773206058,0.33868856208480846,0.020736174838255766,0.09605932415081787,-0.12786212747857573,21,0.08551945538715144,1.3604981395889422,0.06285892857816777,-0.9999999999995296,1.0163487703780885,2.016348770377618,2.016348770377618,4.704014955336788e-13,4.704014955336788e-13,True
5.372038627174979,0.3361240369461753,0.006470311353853257,0.0665927145826804,-0.1261245801160048,21,0.18478069870576497,1.3913655235724982,0.13280528773727146,-0.999999999999998,1.0048340009534185,2.0048340009534167,2.0048340009534167,1.9984014443252818e-15,1.9984014443252818e-15,True
5.440902502044266,0.34610736485772015,-0.009088608031918107,0.05684110215221063,-0.06581560179909947,21,0.17919366881968046,1.3829937750122796,0.12956939652030566,-0.9999999999999982,1.0035472110393606,2.0035472110393586,2.0035472110393586,1.7763568394002505e-15,1.7763568394002505e-15,True
5.644936558908206,0.3195601011704785,0.031776637914958175,0.0687128121793922,-0.0874748958676884,21,0.17767080363206622,1.2685378495300046,0.14005952104455816,-0.9999999999999675,1.0121924662772155,2.012192466277183,2.012192466277183,3.2529534621517087e-14,3.2529534621517087e-14,True
5.479941903666359,0.3112528822272886,0.03705164975962988,0.11622214950734508,-0.13123136172409267,21,0.1321452702876611,1.170276295465481,0.11291800987483892,-0.9999999998744158,1.0349243584154442,2.03492435828986,2.03492435828986,1.2558420969810413e-10,1.2558420969810413e-10,True
4.674312001744642,0.3708192714947784,0.05727738291708623,0.06780915963443285,-0.06853629269883964,21,0.2498450523102782,1.3699320419816305,0.18237769805637438,-1.0000000000010902,1.0232507973974632,2.0232507973985534,2.0232507973985534,1.0902390101819037e-12,1.0902390101819037e-12,True
5.436635619290193,0.3800408111938413,-0.01682123507739846,0.07534038329226052,-0.10474701606894164,21,0.05575596040361375,1.4218995438619175,0.03921230627318373,-1.0000000000000004,1.0056071559483772,2.0056071559483777,2.0056071559483777,4.440892098500626e-16,4.440892098500626e-16,True
5.318271199543274,0.3149692395435267,-0.01005425848290563,0.0959347546510866,-0.08200858767521062,21,0.18259603849512795,1.299213718676481,0.1405434963241767,-0.9999999999978353,1.0155293493256896,2.0155293493235247,2.0155293493235247,2.1647128534141302e-12,2.1647128534141302e-12,True
5.169933787596742,0.33788609910820544,0.019529871347347152,0.07980718474849123,-0.15506801515455215,21,0.16489024027386234,1.4140014872753084,0.11661249422841516,-1.0000000000000027,1.0084168549499908,2.0084168549499934,2.0084168549499934,2.6645352591003757e-15,2.6645352591003757e-15,True
5.61674205516638,0.42474034040774805,0.07804183628421366,0.11508268681683403,-0.08613363515246542,21,0.4735934168375675,1.1715458091376876,0.4042466057611135,-1.0000000000993934,1.06999454869005,2.0699945487894436,2.0699945487894436,9.939338241338191e-11,9.939338241338191e-11,True
6.090162786773753,0.38613225789707506,0.04318308310266797,0.05004291320137516,-0.07271117291601867,21,0.2680193259862089,1.1700381473436992,0.22906887830510891,-0.9999999998215122,1.0290651599251097,2.029065159746622,2.029065159746622,1.7848778011142485e-10,1.7848778011142485e-10,True
5.4706718897124045,0.38280464032882544,0.052432669406837065,0.07830253465545378,-0.07386284323193676,21,0.251256211505716,1.2444599540270056,0.20189979652833695,-1.000000000012739,1.030306059727596,2.030306059740335,2.030306059740335,1.2738921029153971e-11,1.2738921029153971e-11,True
5.486147037246215,0.3112419549052073,0.0006017246113309421,0.102143186356801,-0.09223587276006466,21,0.13722257694607576,1.234486528525001,0.11115761393527163,-0.9999999999877957,1.0204071471500273,2.020407147137823,2.020407147137823,1.2204348642796958e-11,1.2204348642796958e-11,True
5.06224886365201,0.38008604752189573,0.014764205908993975,0.0904273017043369,-0.08851762621812022,21,0.09633761539042873,1.4079992358483682,0.068421638973676,-0.9999999999999986,1.0143356927381069,2.0143356927381055,2.0143356927381055,1.4432899320127035e-15,1.4432899320127035e-15,True
4.723022613691122,0.43199886805978144,0.0242906053685622,0.028977406423013847,-0.13036358581617533,21,0.27481402279106604,1.4753920337839552,0.18626508514231793,-1.0000000000022464,1.0162091861252147,2.016209186127461,2.016209186127461,2.2464252680265417e-12,2.2464252680265417e-12,True
5.330864268642982,0.3406185448691405,0.015906492816772755,0.09263279475241906,-0.1780953332570436,21,0.10560654800932134,1.3940688787647113,0.07575418232053184,-0.9999999999998401,1.0127704875496935,2.012770487549534,2.012770487549534,1.5987211554602254e-13,1.5987211554602254e-13,True
5.320612388096315,0.3714464965477686,0.0026964312466371595,0.049852862618404346,-0.09788532372062718,21,0.18294091027987047,1.394091673015815,0.1312258826452334,-0.9999999999999977,1.0055771043934765,2.005577104393474,2.005577104393474,2.3314683517128287e-15,2.3314683517128287e-15,True
5.270717349635468,0.42224982037893855,0.04184150705776854,0.12799751813521013,-0.10110806661157058,21,0.35539290343126195,1.3151661436705129,0.2702266212840544,-0.9999999999799695,1.0489150086959689,2.0489150086759382,2.0489150086759382,2.0030532787984612e-11,2.0030532787984612e-11,True
5.222598085993756,0.321378710626967,-0.005528024345487307,0.08777997535831533,-0.1079233870163362,21,0.20890568048708458,1.3801314774955715,0.1513665066651267,-0.9999999999998401,1.0101580905463046,2.0101580905461445,2.0101580905461445,1.5987211554602254e-13,1.5987211554602254e-13,True
5.40468529341932,0.4643413781519355,-0.03715483809838491,0.11412622791488555,-0.07975663588074088,21,0.39809304764052356,1.4592724649672184,0.2728024116109574,-0.999999999997448,1.020929258472597,2.020929258470045,2.020929258470045,2.551958644403385e-12,2.551958644403385e-12,True
5.356996079772748,0.4076867306633494,-0.0009419379285217997,0.12579324050100965,-0.11123249116386559,21,0.3225535024319963,1.3081934202214012,0.2465640764172371,-0.9999999999226459,1.0326333105355798,2.032633310458226,2.032633310458226,7.735412310694301e-11,7.735412310694301e-11,True
5.363959182355406,0.3583729181619336,0.0443196434297188,0.02684244274891695,-0.08862622610817421,21,0.3333150346914384,1.2873031504713124,0.25892505162393475,-0.9999999999913651,1.0208910629847847,2.02089106297615,2.02089106297615,8.634870596324618e-12,8.634870596324618e-12,True
5.609790214379671,0.3368415058856412,-0.012989814053019307,0.04382426168982066,-0.10471527574991744,21,0.2428842223884995,1.3828474330742282,0.17564065028384226,-0.9999999999999993,1.0017120753451578,2.001712075345157,2.001712075345157,6.661338147750939e-16,6.661338147750939e-16,True
5.498477738987097,0.233505899877049,-0.022254897344706294,0.07719481391928157,-0.1374440007886404,21,0.5088261561943972,1.241605700932263,0.4098129992576095,-1.0000000000000069,1.021663085331501,2.021663085331508,2.021663085331508,6.8833827526759706e-15,6.8833827526759706e-15,True
4.857707884338993,0.2978105950926251,0.01527544054355292,0.1056055334433999,-0.09103330165154885,21,0.23667210353609258,1.2971472551904346,0.18245584885529953,-0.9999999999930442,1.0206899121480506,2.020689912141095,2.020689912141095,6.955769293881531e-12,6.955769293881531e-12,True
5.5702904138017715,0.3649683669125682,-0.009261575572932784,0.0976119684645562,-0.05380743676673441,21,0.13317974879672878,1.3339463273587369,0.09983891110553872,-0.9999999999985449,1.0164690804590917,2.016469080457637,2.016469080457637,1.4550582960737302e-12,1.4550582960737302e-12,True
5.442753766731027,0.36122965334143947,0.024007781473240612,0.09564493501841045,-0.09638706848610198,21,0.12747385248500787,1.3235788766433145,0.09630997799563723,-0.9999999999999136,1.0203976241822006,2.020397624182114,2.020397624182114,8.637535131583718e-14,8.637535131583718e-14,True
5.3698805562652705,0.5403578770215501,0.01220758108049963,0.0857388613660064,-0.05972055286290996,21,0.5344244312238622,1.3438657839388073,0.39767693888112055,-0.9999999999658992,1.0382725390462382,2.0382725390121372,2.0382725390121372,3.410083326826907e-11,3.410083326826907e-11,True
5.648133345588122,0.37586805834281045,0.04097765169507225,0.08458242762653675,-0.06440039111828669,21,0.22144023426188242,1.2369488810444826,0.17902133035190407,-1.0000000000016396,1.0276286349796604,2.0276286349813,2.0276286349813,1.6395773627664312e-12,1.6395773627664312e-12,True
5.206820263423502,0.3142642104897695,-0.00859356519634901,0.08398771159017245,-0.09706383669627505,21,0.24566026690085474,1.3869592863957412,0.17712146946955187,-0.9999999999999277,1.0092379672051652,2.009237967205093,2.009237967205093,7.227551890309769e-14,7.227551890309769e-14,True
4.987054664646916,0.3113358708346844,0.020705050326803462,0.04607901560085039,-0.1466828904880981,21,0.39860030395421986,1.4413298746975887,0.27655036570851055,-1.0000000000000002,1.0034755162652718,2.003475516265272,2.003475516265272,2.220446049250313e-16,2.220446049250313e-16,True
5.289727705610873,0.34741970803388045,0.04297926726966366,0.09018430085744705,-0.05673679282314162,21,0.15006250424044398,1.286715379186716,0.11662447396509149,-0.9999999999994087,1.0242108838902804,2.024210883889689,2.024210883889689,5.913047829153584e-13,5.913047829153584e-13,True
5.175964893422434,0.35487166223385697,0.03376641691322264,0.08237800696995312,-0.059531274201031034,21,0.13804003798145636,1.3283100797730705,0.10392154669566253,-0.9999999999997825,1.01795106759153,2.0179510675913126,2.0179510675913126,2.1749269052406817e-13,2.1749269052406817e-13,True
5.500883853842361,0.3668496855033264,0.017524256670473023,0.06409040596416624,-0.08539269972778253,21,0.12729786062780502,1.3227785386459487,0.09623520257450836,-1.0000000000002518,1.0110634443016608,2.0110634443019126,2.0110634443019126,2.517985819849855e-13,2.517985819849855e-13,True
4.999288107092489,0.34450059700351454,0.0005426735678774591,0.04453910161264547,-0.08878460393434864,21,0.3131956854987239,1.4532712317618264,0.21551082733470972,-1.0,1.0035382097160248,2.003538209716025,2.003538209716025,0.0,0.0,True
5.5445897478726645,0.35162996611178243,0.01100272190256699,0.12081010420666274,-0.07856693806328689,21,0.21455542559209007,1.19226402542805,0.17995630247676034,-0.9999999998016881,1.0352642895110498,2.035264289312738,2.035264289312738,1.9831192243913165e-10,1.9831192243913165e-10,True
5.0197201128227125,0.3960229450998385,0.03435220960500647,0.09472996203763212,-0.08059332445782669,21,0.17732300926182276,1.3659545486788793,0.12981618563613673,-0.9999999999993321,1.0235364146784751,2.023536414677807,2.023536414677807,6.679101716144942e-13,6.679101716144942e-13,True
5.266643504960743,0.3618023479824681,0.03728355300934332,0.07551063008341492,-0.08327831503610698,21,0.14267375758384948,1.3169713418015372,0.10833474735196622,-1.0000000000004419,1.017697437554702,2.017697437555144,2.017697437555144,4.418687638008123e-13,4.418687638008123e-13,True
5.301663837031347,0.3323246981213532,0.01824948556922993,0.07027875717803402,-0.16723356970163655,21,0.1956507549833657,1.3992839124978655,0.13982205700779407,-0.9999999999999986,1.005937051345466,2.0059370513454646,2.0059370513454646,1.4432899320127035e-15,1.4432899320127035e-15,True
5.281294799692448,0.35251874615590456,0.020380318121231852,0.10221866179824479,-0.08937188562586848,21,0.12227589302156128,1.3419847512596748,0.0911157097029494,-0.9999999999983561,1.0210825682242903,2.0210825682226465,2.0210825682226465,1.6439072325624693e-12,1.6439072325624693e-12,True
5.44122280255956,0.3396036414828492,0.005094147059797816,0.072378713934607,-0.11703530559600557,21,0.1434671102700349,1.3774230909950673,0.10415616756242448,-0.9999999999999992,1.0063600360121974,2.0063600360121967,2.0063600360121967,7.771561172376096e-16,7.771561172376096e-16,True
5.436047117138922,0.35064485948094937,-0.04683972966290274,0.08286756834158203,-0.012365632831760703,21,0.14682853073375113,1.396997579256917,0.10510292423831638,-0.9999999999998961,1.0090909280307543,2.00909092803065,2.00909092803065,1.0391687510491465e-13,1.0391687510491465e-13,True
4.714622725776088,0.3127689929761945,0.04387872665862872,0.09322602725853613,-0.1274763871989654,21,0.23270945465117565,1.4282719070409768,0.16293077914925289,-0.9999999999999571,1.0156925051957788,2.015692505195736,2.015692505195736,4.285460875053104e-14,4.285460875053104e-14,True
5.582164314367878,0.2983089266812978,0.04446115776066652,0.062135700527264956,-0.07770956468015415,21,0.2511662945049611,1.2460096834442163,0.20157651890046951,-1.0000000000001577,1.013229008356217,2.0132290083563746,2.0132290083563746,1.5765166949677223e-13,1.5765166949677223e-13,True
6.096334882388614,0.3217055859666872,0.006397943307945411,0.06967671562958772,-0.1623542303884935,21,0.11403864882541126,1.2881855536142353,0.0885265701866128,-1.000000000000003,1.0067148302629467,2.0067148302629496,2.0067148302629496,3.1086244689504383e-15,3.1086244689504383e-15,True
5.653499379800546,0.35503398625985166,0.007393047229093149,0.07889349531341985,-0.08495111178515422,21,0.07557898770376381,1.3198512514937568,0.05726326176394986,-0.9999999999999921,1.0111979222844483,2.0111979222844405,2.0111979222844405,7.882583474838611e-15,7.882583474838611e-15,True
5.635120616169328,0.37176076382429357,0.013835311782209586,0.1049562926482837,-0.08934482128145173,21,0.18670572510762473,1.3067023498436645,0.1428831325894244,-0.9999999999965106,1.025128051357984,2.0251280513544945,2.0251280513544945,3.489430966396867e-12,3.489430966396867e-12,True
5.451758783977703,0.30374294813748876,-0.023423786893704647,0.08847304374829836,-0.11259397469415668,21,0.26195567306179335,1.3081075174374155,0.20025546032711813,-0.9999999999995963,1.013500703965991,2.0135007039655872,2.0135007039655872,4.036770917537069e-13,4.036770917537069e-13,True
5.590187861972064,0.31731978968925945,0.004804391058051704,0.05531918960623794,-0.14543075814180412,21,0.24904051978186104,1.3669574576683503,0.1821860061443719,-0.9999999999999999,1.0026047713723332,2.002604771372333,2.002604771372333,1.1102230246251565e-16,1.1102230246251565e-16,True
5.397195715455023,0.40180610297600033,0.025225399897801683,0.08040105002887285,-0.0333449632387772,21,0.21765366881178072,1.2968787356296918,0.16782885155881616,-1.0000000000020601,1.0225030305553626,2.0225030305574228,2.0225030305574228,2.0601298444944405e-12,2.0601298444944405e-12,True
5.34350979846221,0.3085984367540991,0.016370576007095856,0.10161497418130229,-0.08604412424290285,21,0.12192553693039421,1.2534047560150225,0.09727547015062776,-0.9999999999919756,1.0207356119285742,2.02073561192055,2.02073561192055,8.024358955083244e-12,8.024358955083244e-12,True
5.608351232603498,0.4364909741050975,-0.010234859923416344,0.08488718547900827,-0.07338528893062558,21,0.20876050416689718,1.360940242302636,0.15339432083636964,-0.9999999999997712,1.0153391221273536,2.015339122127125,2.015339122127125,2.2881696537524476e-13,2.2881696537524476e-13,True
5.268076064979152,0.3539524697597622,0.014421086990283754,0.030144785807831257,-0.10437735297973509,21,0.3335103846345535,1.3800089975388783,0.2416726160694164,-0.9999999999996065,1.008241306545011,2.0082413065446176,2.0082413065446176,3.934630399271555e-13,3.934630399271555e-13,True
5.694548606892929,0.35513533742831976,0.03775759611720742,0.06775580513133343,-0.08788938923198439,21,0.15498723524221814,1.2477415300421082,0.12421421545292934,-1.0000000000019538,1.01843709697003,2.018437096971984,2.018437096971984,1.9537704787353505e-12,1.9537704787353505e-12,True
5.4356246203111125,0.20752982960357952,0.020974255928667657,0.09754024736835065,-0.07387272995997807,21,0.40498510145114164,1.0712422080946133,0.37805185269116365,-0.9999999999804503,1.0329634217093226,2.032963421689773,2.032963421689773,1.9549695196019456e-11,1.9549695196019456e-11,True
5.420301468786716,0.22289485037599083,-0.0012048679317240955,0.06907841554330993,-0.17494650186675323,21,0.5510218063498832,1.291839050733092,0.42654060197142185,-0.9999999999999993,1.0138540694128904,2.01385406941289,2.01385406941289,6.661338147750939e-16,6.661338147750939e-16,True
4.415314159976441,0.2876030001390285,0.017130527875919628,0.0702171185160874,-0.10677272833801749,21,0.46882432432608456,1.542284680291431,0.3039804066766035,-0.9999999999999989,1.00687722102433,2.006877221024329,2.006877221024329,1.1102230246251565e-15,1.1102230246251565e-15,True
5.499818504992611,0.3749389522416072,-0.023996067044338834,0.08848753811416417,-0.08860108696883379,21,0.10379421724808302,1.4185642583391929,0.0731684988099177,-0.999999999999923,1.0094413867196672,2.0094413867195904,2.0094413867195904,7.704947790898586e-14,7.704947790898586e-14,True
5.68342594869906,0.2952843434395161,0.03710875888820923,0.05367468696280197,-0.0834514672897124,21,0.27391043510743796,1.248814461826746,0.21933637340071008,-1.0000000000001232,1.009907983391809,2.0099079833919324,2.0099079833919324,1.2323475573339238e-13,1.2323475573339238e-13,True
5.528422428953166,0.3570187054744871,0.03581347246863377,0.078233495458595,-0.04779957665793558,21,0.1645939645235901,1.2592625618981057,0.13070662902539967,-1.000000000000233,1.0209282928414385,2.0209282928416714,2.0209282928416714,2.3292479056635784e-13,2.3292479056635784e-13,True
5.417266007956875,0.3751775258305231,0.028907979010641762,0.08463884655181288,-0.07118961892539027,21,0.15451525207604466,1.304145975015717,0.11848002833745856,-0.9999999999996227,1.0200735088007,2.0200735088003228,2.0200735088003228,3.772537837676282e-13,3.772537837676282e-13,True
5.582868423140477,0.33712251029879586,0.01300294629374365,0.10104547980515265,-0.09681894998595653,21,0.11303355796620584,1.2746312624267584,0.08867941756818543,-0.9999999999951605,1.0207948071811481,2.0207948071763084,2.0207948071763084,4.839462164341057e-12,4.839462164341057e-12,True
5.465234968876886,0.33188296896415354,0.08540366663653842,0.08404147174106018,-0.10258693561268112,21,0.25079109890421125,1.1866663515547775,0.21134086980356628,-1.0000000000160238,1.0398322926680523,2.039832292684076,2.039832292684076,1.6023848914414884e-11,1.6023848914414884e-11,True
5.586466448928832,0.35797664703317406,0.03849434443902278,0.07396298827429622,-0.09795596047587686,21,0.14922034767582404,1.2682042646269773,0.11766270768669501,-1.0000000000010236,1.0190099164124093,2.0190099164134327,2.0190099164134327,1.0236256287043943e-12,1.0236256287043943e-12,True
4.460300028182221,0.30812598275627634,0.00976826317168198,0.11050085456254014,-0.06992000340122355,21,0.271492719874205,1.356638608780294,0.20012162274984532,-0.9999999999940654,1.021409117443651,2.0214091174377167,2.0214091174377167,5.934586155831312e-12,5.934586155831312e-12,True
5.566787470691048,0.45494599433992294,0.03518689058039913,0.09755628975505266,-0.10732430160803438,21,0.37603965270337114,1.2833319534408383,0.2930182262626149,-1.0000000000201958,1.0383154209554113,2.038315420975607,2.038315420975607,2.0195844996351298e-11,2.0195844996351298e-11,True
5.56418397443272,0.333412481417894,0.005851931542581501,0.08455694438076851,-0.04119101633944566,21,0.09188154387821768,1.3164054816871593,0.06979729662053558,-0.9999999999999503,1.012970461233424,2.0129704612333743,2.0129704612333743,4.973799150320701e-14,4.973799150320701e-14,True
5.479073804983777,0.3839760170726984,0.02404756643423537,0.15668210030216076,-0.08723331446556501,21,0.46916004146996193,1.0667440268208315,0.4398056419103449,-0.9999999821511554,1.0766291027237833,2.0766290848749387,2.0766290848749387,1.7848844624523963e-08,1.7848844624523963e-08,True
5.397032482476284,0.3431864584213977,0.029067137851739026,0.08929137712941555,-0.10945871669720235,21,0.09979350808307985,1.326658088529445,0.07522172362714612,-0.9999999999999848,1.0170467768623865,2.0170467768623714,2.0170467768623714,1.5210055437364645e-14,1.5210055437364645e-14,True
5.146238077584853,0.25517975459323966,0.0044776316232232,0.03708670623942161,-0.10924452868902298,21,0.5511451945736688,1.427944577071652,0.3859709987511744,-1.0,1.0058158131712327,2.0058158131712327,2.0058158131712327,0.0,0.0,True
5.424153107191348,0.3322210754519873,0.07240066288437658,0.09362660738804511,-0.07864820023921142,21,0.21912065421364413,1.21028027630503,0.18104951266546015,-0.9999999999969165,1.0375192522389893,2.0375192522359056,2.0375192522359056,3.0835334285939098e-12,3.0835334285939098e-12,True
5.5732751028867415,0.3849611064911268,0.017791680279184204,0.06447878812927532,-0.02192838853620721,21,0.17339952848885876,1.279332020740641,0.135539113910768,-1.0000000000015083,1.0166163425493966,2.016616342550905,2.016616342550905,1.5083490012557377e-12,1.5083490012557377e-12,True
5.874648827795027,0.35249256769373977,0.02619632070528172,0.00739138074808684,-0.1081346224474264,21,0.3753133223420697,1.2542629856392533,0.2992301667507041,-1.0000000001500622,1.0196153008596367,2.019615301009699,2.019615301009699,1.5006218490043466e-10,1.5006218490043466e-10,True
6.124702848998307,0.3248950687444932,0.022106615051327008,0.10299205247983836,-0.07213136016016282,21,0.1693200665234582,1.1554395236558503,0.14654169522237193,-0.9999999999714058,1.0301810712705692,2.0301810712419748,2.0301810712419748,2.8594238088430757e-11,2.8594238088430757e-11,True
5.358065060727649,0.3191762958405987,-0.0070409718070795334,0.0659509501937739,-0.07930334624948526,21,0.2444877874669933,1.3998695255701108,0.17465041062839282,-0.9999999999999997,1.0043867045815156,2.004386704581515,2.004386704581515,3.3306690738754696e-16,3.3306690738754696e-16,True
5.320671725073351,0.3565163209355946,0.008694079736609402,0.08533807544260835,-0.0776156462325881,21,0.08319603807994858,1.3696125028819475,0.060744216269117676,-1.0000000000000084,1.0120007948103822,2.0120007948103904,2.0120007948103904,8.43769498715119e-15,8.43769498715119e-15,True
5.6556871226281595,0.3977173726710348,0.012805439400621545,0.10059069492709555,-0.06568302642018888,21,0.22584278815819503,1.298106983399102,0.1739785634361385,-0.9999999999997686,1.0254083692860358,2.0254083692858043,2.0254083692858043,2.313704783318826e-13,2.313704783318826e-13,True
5.412002773294436,0.3982532784442517,0.008011585009878027,0.06986503194358082,-0.16566563757682828,21,0.06385710667245181,1.401990532805639,0.04554745925756152,-1.0000000000000377,1.0092022770598579,2.0092022770598956,2.0092022770598956,3.774758283725532e-14,3.774758283725532e-14,True
5.57477892873931,0.33994759296983995,-0.021989365741349992,0.08798306818688965,-0.11218875692957228,21,0.13108008459124898,1.3581659195843476,0.09651257088777832,-0.999999999999725,1.0101562888608226,2.0101562888605478,2.0101562888605478,2.750022431996513e-13,2.750022431996513e-13,True
6.244340709014498,0.4031461865709315,0.010305036066474394,0.08195007538499742,-0.07805277566303473,21,0.2394827080556574,1.2193659529314282,0.19639937254269463,-1.0000000000001157,1.0231580619478284,2.023158061947944,2.023158061947944,1.156852391659413e-13,1.156852391659413e-13,True
5.669818881024921,0.3799162900868677,0.01583614827338074,0.06452609854429944,-0.08597605992870748,21,0.12672160894617157,1.2989699573424458,0.09755545786865655,-1.0000000000006444,1.0130646874155427,2.013064687416187,2.013064687416187,6.443734434924409e-13,6.443734434924409e-13,True
5.777259900055557,0.3408649539050104,0.0023730315594497065,0.11386071026205956,-0.11087500195082714,21,0.17821049217269969,1.1852493234473418,0.15035696595410647,-0.9999999998950474,1.029829688901956,2.0298296887970033,2.0298296887970033,1.0495260216458746e-10,1.0495260216458746e-10,True
5.383555679222493,0.40268643438528656,0.006817155687475773,0.05908162724821668,-0.12762812117786612,21,0.09413594014886217,1.3893157226804014,0.06775705378705862,-1.0000000000001077,1.0091727228734717,2.009172722873579,2.009172722873579,1.0769163338864018e-13,1.0769163338864018e-13,True
6.128632257884233,0.36935822149346154,0.07455009654830119,0.07911377038277793,-0.0769441937337279,21,0.34553935554114235,1.1013011407161188,0.31375555946165284,-1.0000000000775215,1.0482396904341607,2.048239690511682,2.048239690511682,7.752154473905648e-11,7.752154473905648e-11,True
5.253238249603499,0.44074612036020144,0.014004692556346194,0.08232304561603335,-0.07262275271765131,21,0.22645858198685698,1.3666963519809894,0.1656978023381795,-1.0000000000017342,1.0202586321228604,2.0202586321245946,2.0202586321245946,1.7341683644644945e-12,1.7341683644644945e-12,True
5.340227403361926,0.3422306735730605,0.08628435165453413,0.11335129397852739,-0.074788351502904,21,0.2914305806172597,1.191321880167848,0.24462790910563934,-0.9999999999839019,1.057725795358636,2.057725795342538,2.057725795342538,1.6098122834762307e-11,1.6098122834762307e-11,True
5.0869270061670315,0.36249614688195814,0.06752342074697743,0.0798788183667966,-0.1269351587588478,21,0.20377429862237406,1.3024156884358289,0.15645872545277942,-1.0000000000060747,1.0281411162571503,2.028141116263225,2.028141116263225,6.0746963015390065e-12,6.0746963015390065e-12,True
5.423765851743396,0.377315709258781,0.02677414609516122,0.07884681933597039,-0.07271140064212525,21,0.14938881650101754,1.3085991726049722,0.1141593389545216,-1.0000000000001117,1.0179510468576758,2.0179510468577875,2.0179510468577875,1.1168843627729075e-13,1.1168843627729075e-13,True
5.242403713227178,0.3562128069790448,0.009358609610414988,0.07218137317492536,-0.1330659928633105,21,0.14076005385219026,1.4119977543141082,0.09968858195568862,-0.9999999999999939,1.0065609530974278,2.0065609530974218,2.0065609530974218,6.106226635438361e-15,6.106226635438361e-15,True
5.542729904755078,0.35944321668136825,0.008290771677024869,0.08358073289415557,-0.10898972475745154,21,0.0762711701323806,1.3484341749942819,0.05656276854055856,-1.0000000000000118,1.0117584909272248,2.0117584909272366,2.0117584909272366,1.176836406102666e-14,1.176836406102666e-14,True
5.27200436601489,0.388132766769739,0.008304909891264388,0.06807343079733269,-0.09819244778996095,21,0.09882320080754914,1.3900526980733587,0.07109313261613757,-1.000000000000057,1.0092198686898404,2.0092198686898977,2.0092198686898977,5.706546346573305e-14,5.706546346573305e-14,True
5.565808363709485,0.3486405737580632,0.02873864667566957,0.1457814891531482,-0.09629684697677407,21,0.34362945233289244,1.0509328426993605,0.3269756528402588,-0.9999999903876405,1.0674121204494211,2.067412110837062,2.067412110837062,9.612359463950781e-09,9.612359463950781e-09,True
5.544877565963964,0.42997014860050853,-0.006893658649946689,0.07176180055600363,-0.03868641963426367,21,0.17760041167909546,1.34669052651125,0.13187915722492596,-1.0000000000004647,1.0135530356377949,2.0135530356382594,2.0135530356382594,4.647393581080905e-13,4.647393581080905e-13,True
5.427136153467421,0.38941704934006954,0.03984977338453184,0.062016158646553396,-0.10428263442140275,21,0.19729571338839702,1.2946064114167255,0.1523982205313587,-0.9999999999963326,1.0209220291008048,2.0209220290971373,2.0209220290971373,3.66739971724428e-12,3.66739971724428e-12,True
5.246155075812956,0.261962413076553,0.025000210446175203,0.11228572225451026,-0.05012032689232115,21,0.20845646627478231,1.113228020365011,0.18725405978052237,-0.9999999998377916,1.0350836266160621,2.035083626453854,2.035083626453854,1.6220835785674126e-10,1.6220835785674126e-10,True
4.958447643011329,0.36992149107236516,0.03022533850078262,0.15631668378898803,-0.12875983325764487,21,0.3325483143267858,1.1471376499626746,0.2898939933996641,-0.9999999937716435,1.063337368173624,2.0633373619452673,2.0633373619452673,6.228356497217646e-09,6.228356497217646e-09,True
5.2842679426107315,0.4033817403046447,0.008073720306525208,0.0878712533733192,-0.07856652195833039,21,0.13257737777343181,1.3779293325408553,0.09621493253864014,-0.9999999999998684,1.01546835219698,2.0154683521968484,2.0154683521968484,1.3156142841808105e-13,1.3156142841808105e-13,True
5.34008617532083,0.285555759261863,-0.01739703494327767,0.10606404219269777,-0.1310543132600545,21,0.2802770630594027,1.2020259237612057,0.2331705643938196,-0.9999999999906285,1.0269601913363178,2.026960191326946,2.026960191326946,9.371503573163409e-12,9.371503573163409e-12,True
5.49551940277526,0.238704692264684,-0.0005396777522198755,0.08285492762715323,-0.04973370103374721,21,0.38155207620520737,1.1926628129770382,0.31991613392623924,-0.999999999999386,1.0192841704926034,2.0192841704919893,2.0192841704919893,6.139533326177116e-13,6.139533326177116e-13,True
6.055575383919545,0.3111273231539285,0.007191161981510722,0.08626937654960612,-0.07020672996169044,21,0.08271354946246423,1.2321881028490054,0.06712737225040397,-0.9999999999992435,1.0152743285818027,2.015274328581046,2.015274328581046,7.565059689795817e-13,7.565059689795817e-13,True
5.321038671972049,0.36557575437394735,-0.058646226438355056,0.0523590000460961,-0.08316412531089291,21,0.2745008302144585,1.5283050934745885,0.17961127747757694,-0.9999999999999996,1.0016922720480423,2.001692272048042,2.001692272048042,4.440892098500626e-16,4.440892098500626e-16,True
5.602278153368066,0.34819107866896726,-0.0047315680401987924,0.0633105444711067,-0.07334125905121548,21,0.13085408018376898,1.3496073066249625,0.09695715156655679,-0.9999999999999954,1.0051206991417942,2.0051206991417896,2.0051206991417896,4.551914400963142e-15,4.551914400963142e-15,True
5.570555676293569,0.3869552172433372,-0.054420139338245625,0.08236212386381311,-0.10612790401632537,21,0.1501046770514729,1.474948556774637,0.10176943213512224,-0.9999999999999705,1.006550877455663,2.0065508774556333,2.0065508774556333,2.9531932455029164e-14,2.9531932455029164e-14,True
5.557519129235571,0.35754850371912916,0.007886905231421194,0.06642313962139036,-0.09681171413387447,21,0.11800758633175423,1.3406420695564851,0.08802318606247664,-0.9999999999999912,1.0078042360404986,2.00780423604049,2.00780423604049,8.770761894538737e-15,8.770761894538737e-15,True
5.553536840906418,0.29711439003089,0.007487625346372637,0.07195796886567901,-0.09084476001015516,21,0.23197689961746515,1.3391939763071723,0.17322128363894043,-0.9999999999999988,1.0071447223743784,2.007144722374377,2.007144722374377,1.2212453270876722e-15,1.2212453270876722e-15,True
6.106768991476369,0.37795620565894544,0.004711254529335211,0.10220273798920808,-0.07424196697533772,21,0.25004663783405845,1.2497427556616572,0.20007848551334478,-0.9999999999964474,1.0268287437480643,2.026828743744512,2.026828743744512,3.5526026564980384e-12,3.5526026564980384e-12,True
5.230879753478726,0.36815637219924086,-0.06958037921553693,0.07000892180513502,-0.08824761456847804,21,0.2613484535157662,1.556113936785329,0.16794943309592636,-1.0000000000000022,1.0061179913040796,2.006117991304082,2.006117991304082,2.220446049250313e-15,2.220446049250313e-15,True
6.390196368206039,0.4239290790884969,-0.019947097309715688,0.0850155346891386,-0.08287404757862481,21,0.28628339891782373,1.264228714633313,0.22644905593752443,-0.9999999999997574,1.0180649297436173,2.0180649297433746,2.0180649297433746,2.425837308805967e-13,2.425837308805967e-13,True
5.579367219777602,0.3900906674164582,0.012149161354745103,0.0627453549577493,-0.12329715351964818,21,0.10377831264804938,1.34080428037083,0.07740004575414028,-1.0000000000003335,1.0109722245251358,2.010972224525469,2.010972224525469,3.33510996597397e-13,3.33510996597397e-13,True
6.353860194068349,0.3090458499361298,0.03414104369452524,0.08750888750262381,0.008635397031512865,21,0.1594012649382499,1.1195606803090117,0.1423784058710005,-0.9999999999992606,1.0283187146718757,2.028318714671136,2.028318714671136,7.394085344003543e-13,7.394085344003543e-13,True
5.247638285516242,0.3630268153038976,0.025868518744544933,0.09247327060469854,-0.05965141790049942,21,0.12449043348505495,1.3338977308702191,0.09332831940859429,-0.99999999999992,1.0197831545252958,2.0197831545252156,2.0197831545252156,8.004708007547379e-14,8.004708007547379e-14,True
5.0973860063476355,0.32179382918812316,0.010045118907004071,0.07281041262608258,-0.05202528724093142,21,0.2144751684504833,1.3925343465152036,0.154017866049196,-1.0000000000000002,1.008084849161011,2.008084849161011,2.008084849161011,2.220446049250313e-16,2.220446049250313e-16,True
4.948915458630981,0.530357355553412,0.02191113163524762,0.0977067500788403,-0.052851627934164494,21,0.49165441006935984,1.392537906827397,0.3530635738236314,-1.0000000000369276,1.0379211276435971,2.0379211276805247,2.0379211276805247,3.692757211126718e-11,3.692757211126718e-11,True
5.293285197065517,0.3964169800600942,-0.017108048236434407,0.06376636142229693,-0.053751932798096196,21,0.07652874532472498,1.4208400099925786,0.05386162044037928,-0.9999999999999993,1.0050913280603162,2.0050913280603155,2.0050913280603155,6.661338147750939e-16,6.661338147750939e-16,True
5.497660169849382,0.38817376019642846,0.02780483427088834,0.07778436692111292,-0.10355231730876924,21,0.16045138700982853,1.3094103242095887,0.1225371329698987,-1.000000000000783,1.0186276586128893,2.0186276586136724,2.0186276586136724,7.829292769656604e-13,7.829292769656604e-13,True
5.374450843596463,0.36140858215027266,0.007358919389244642,0.13873121047745274,-0.14212671057928658,21,0.2862439474081615,1.1593903811929291,0.2468917735143163,-0.9999999984909167,1.0470483382591873,2.047048336750104,2.047048336750104,1.5090833027642248e-09,1.5090833027642248e-09,True
5.393292306400071,0.35575765040452495,0.0070237958151624265,0.10741816509757281,-0.1090344351018988,21,0.12735070780546387,1.307471772232257,0.0974022617620547,-0.9999999999915422,1.021673719509726,2.021673719501268,2.021673719501268,8.457790023896905e-12,8.457790023896905e-12,True
5.64787793129648,0.3237628438680506,0.022952680686027915,0.06511808687500699,-0.0720723368756975,21,0.17619664011344294,1.2800834860472008,0.13764464742649293,-0.9999999999999938,1.010045369465116,2.01004536946511,2.01004536946511,6.217248937900877e-15,6.217248937900877e-15,True
5.45110101265368,0.32800216884776967,-0.06184934097315907,0.09118802175219434,-0.0288885133587371,21,0.22909216887944694,1.3117658389444866,0.1746441034504955,-0.9999999999996719,1.0185605725734146,2.0185605725730866,2.0185605725730866,3.2807090377673376e-13,3.2807090377673376e-13,True
5.641838940725224,0.36864008051682595,0.023921966641527077,0.08239417749646305,-0.04553610584302432,21,0.15906579354901296,1.2662708523145914,0.1256175116549984,-0.9999999999995559,1.0198685123868647,2.0198685123864206,2.0198685123864206,4.440892098500626e-13,4.440892098500626e-13,True
5.232149945552037,0.38808019674614624,0.013258847405619662,0.06988602833091946,-0.07501143857322087,21,0.10482285324368235,1.3733900377944326,0.0763241689243796,-1.000000000000152,1.0115265064745977,2.01152650647475,2.01152650647475,1.5210055437364645e-13,1.5210055437364645e-13,True
5.499835584534258,0.40073582253195195,0.05836903849874494,0.0812569254318005,-0.11672941727596642,21,0.2849471133839372,1.247444864471471,0.22842461538744335,-1.0000000000228741,1.0350313387739862,2.0350313387968604,2.0350313387968604,2.2874147020957025e-11,2.2874147020957025e-11,True
5.53315024069637,0.35551539822645944,-0.009059607391858899,0.05668121968122011,-0.06042678899202715,21,0.14710596553744515,1.3644164597063746,0.10781602969602307,-1.0000000000000013,1.004219866281376,2.0042198662813773,2.0042198662813773,1.3322676295501878e-15,1.3322676295501878e-15,True
4.974486001409549,0.29238126671493864,0.016092625465515382,0.07551339623252694,-0.10062780531255365,21,0.32444923444258844,1.4281332232849853,0.2271841514171149,-0.999999999999997,1.0078247477173992,2.0078247477173963,2.0078247477173963,2.9976021664879227e-15,2.9976021664879227e-15,True
5.14451605101707,0.3108527028054262,0.003978325337113833,0.05705524408788407,-0.06758420325806369,21,0.3027374806392722,1.4064613213192023,0.21524764033703891,-0.9999999999999999,1.0044796719158577,2.0044796719158575,2.0044796719158575,1.1102230246251565e-16,1.1102230246251565e-16,True
5.412979939685514,0.3031537630015495,0.05984355992285436,0.08550581143218232,-0.12314598284839881,21,0.19521712952528736,1.2616634416132961,0.1547299565688153,-0.9999999999997163,1.022099909895511,2.0220999098952275,2.0220999098952275,2.836619827917275e-13,2.836619827917275e-13,True
5.247704274269239,0.4147379163294891,0.0271547390196034,0.07871861799273308,-0.11057429005287318,21,0.18417326903212206,1.3577096802727497,0.1356499638384574,-1.000000000001784,1.0195144556931148,2.0195144556948987,2.0195144556948987,1.7839063559677015e-12,1.7839063559677015e-12,True
5.610148723217862,0.3561211134949481,0.026221934130502778,0.10047732521886872,-0.08810545572519492,21,0.15682168423014642,1.2867144094003682,0.12187761564217511,-0.9999999999989401,1.0251173267960834,2.0251173267950233,2.0251173267950233,1.059929921609637e-12,1.059929921609637e-12,True
5.4054855908562836,0.43789130446180885,0.016513825919471443,0.08308551940881369,-0.09497492426861932,21,0.23299574366899756,1.3461554683835422,0.17308234386090476,-1.0000000000021587,1.0215761002999837,2.021576100302142,2.021576100302142,2.1587176490811544e-12,2.1587176490811544e-12,True
6.11132427389451,0.33614865734258986,-0.009388471504189344,0.06608848276415477,-0.10815949872991933,21,0.08814478747136834,1.294856207791602,0.0680730315389233,-1.0000000000000002,1.0052104420758925,2.0052104420758927,2.0052104420758927,2.220446049250313e-16,2.220446049250313e-16,True
4.919213960844908,0.3421770242184681,0.028297458267189088,0.09615266485547841,-0.1273658378087048,21,0.1318915991088958,1.425248604056449,0.09253936382292507,-0.9999999999998828,1.0154063470524952,2.015406347052378,2.015406347052378,1.1723955140041653e-13,1.1723955140041653e-13,True
5.388914376812866,0.3420311637298477,0.01937580944348239,0.10120191730366149,-0.1282678334679874,21,0.09840289277519965,1.3234591772115594,0.07435279793255732,-0.9999999999978778,1.0195204991729372,2.019520499170815,2.019520499170815,2.1221913115709867e-12,2.1221913115709867e-12,True
5.63144660575249,0.3361886897194984,0.010360603256027863,0.0911954119288468,-0.10981211756883329,21,0.08179435494939735,1.3240224484641137,0.06177716627409154,-0.9999999999996173,1.0148731574891035,2.014873157488721,2.014873157488721,3.8269387658829146e-13,3.8269387658829146e-13,True
5.660558167638934,0.3524114957476027,0.01467648648573909,0.10928519120910099,-0.08881613524006565,21,0.17577519532851182,1.2429130809780142,0.14142195300591667,-0.9999999999778412,1.0278246347041093,2.0278246346819504,2.0278246346819504,2.2158830326191037e-11,2.2158830326191037e-11,True
5.936055035109547,0.3402980388872647,0.02867234897942289,0.08580421606838767,-0.07405230041255959,21,0.12527866278179656,1.223915378472719,0.10235892528626235,-0.9999999999997105,1.0209828702896222,2.0209828702893327,2.0209828702893327,2.8954616482224083e-13,2.8954616482224083e-13,True
5.611157886678478,0.3561838293869634,0.008190111825835854,0.07493911942768611,-0.08147399714349153,21,0.08728152467749273,1.323332094911784,0.06595587382267117,-0.9999999999999681,1.0102558763022584,2.0102558763022267,2.0102558763022267,3.186340080674199e-14,3.186340080674199e-14,True
5.842477194186759,0.3636551072071041,0.008320677879468845,0.16914035207876132,-0.10220957091702182,21,0.5463538659842542,0.9082665628441622,0.6015347127537007,-0.9999997496417152,1.1082542048796165,2.1082539545213317,2.1082539545213317,2.50358284770158e-07,2.50358284770158e-07,True
4.479990401448673,0.333752608688492,0.04991954480224588,0.06642963477079193,-0.07745742289997876,21,0.33102039910955616,1.4306867899395634,0.23137167508448125,-1.0000000000001827,1.0147415241026558,2.0147415241028384,2.0147415241028384,1.8274270985330077e-13,1.8274270985330077e-13,True
5.505876992317292,0.36639853385945714,0.011832357941225738,0.066854236242166,-0.07354324070184923,21,0.11356019619042179,1.3287410265851376,0.08546450656549029,-1.0000000000000602,1.0101919860218869,2.010191986021947,2.010191986021947,6.017408793468348e-14,6.017408793468348e-14,True
6.183090826273038,0.40424289697623866,-0.007418830094548176,0.10701683139542939,-0.08115586917219086,21,0.3414888959994107,1.2673826613933277,0.26944419108904855,-0.99999999999357,1.0288902081854685,2.0288902081790385,2.0288902081790385,6.429967669419057e-12,6.429967669419057e-12,True
5.882959138009655,0.34577092821479133,0.03105227349892172,0.05534513679435417,-0.042904267874080554,21,0.16535445390977133,1.2128126500810854,0.13633965138697735,-1.0000000000001061,1.0164790783063071,2.0164790783064133,2.0164790783064133,1.0613732115416497e-13,1.0613732115416497e-13,True
5.577865077614209,0.370799608196347,0.013125114558894932,0.10602201847597868,-0.08680642213260471,21,0.18341105188241946,1.306945391440102,0.14033566596100988,-0.9999999999954333,1.0250230464881016,2.025023046483535,2.025023046483535,4.566680367190656e-12,4.566680367190656e-12,True
5.133043853090687,0.33062399443888124,0.0062565258033223025,0.0977637206740049,-0.1340001767031883,21,0.15502505646270293,1.366246984790325,0.1134678123271352,-0.9999999999990585,1.0139658799170552,2.013965879916114,2.013965879916114,9.414691248821327e-13,9.414691248821327e-13,True
5.374133542741084,0.2910300562871834,0.0268067411556901,0.09043434490507267,-0.08299482671161086,21,0.1786056336020425,1.2768376559186323,0.1398812392273496,-0.9999999999992184,1.0165818031307519,2.01658180312997,2.01658180312997,7.815970093361102e-13,7.815970093361102e-13,True
5.3069635256395395,0.32938676552533747,0.02612812347835728,0.08633053898385462,-0.02633517207975225,21,0.13923288171469173,1.3063174284705967,0.10658426403887304,-0.9999999999999932,1.017569045311917,2.01756904531191,2.01756904531191,6.772360450213455e-15,6.772360450213455e-15,True
5.437010424318405,0.3753931099328206,0.01811493298849758,0.090743833881758,-0.06324782157458003,21,0.13770799230783437,1.3210258463923323,0.10424322331308603,-0.9999999999998772,1.018964287848421,2.0189642878482985,2.0189642878482985,1.2279066652354231e-13,1.2279066652354231e-13,True
5.5563083063601475,0.3618195332273575,-0.03446939354816694,0.05257097466122583,-0.09064514110362622,21,0.19045993155964358,1.433631455225393,0.13285138998969565,-0.9999999999999992,1.0009103899739835,2.0009103899739826,2.0009103899739826,7.771561172376096e-16,7.771561172376096e-16,True
5.128256776512923,0.3291288341439545,-0.00619177231667937,0.01593768162315552,-0.10784484084096375,21,0.4889801144449657,1.4555056317975659,0.335952059382326,-1.0000000000000482,1.005962691070653,2.0059626910707014,2.0059626910707014,4.8183679268731794e-14,4.8183679268731794e-14,True
4.4835958259867255,0.5309236291096362,0.014467823248472697,0.09861779223795318,-0.10343596326084903,21,0.3564913542024959,1.5321329098402723,0.23267652036771455,-1.0000000000038354,1.0254565130390532,2.0254565130428883,2.0254565130428883,3.835376460870066e-12,3.835376460870066e-12,True
5.488905141651112,0.3714255140384001,0.008860226200433982,0.09850567942156759,-0.07653951844263238,21,0.14600831430630024,1.3397705565316842,0.10898008886258674,-0.9999999999994803,1.01936367445763,2.0193636744571104,2.0193636744571104,5.196953978270358e-13,5.196953978270358e-13,True
6.2850604183202305,0.38749620416053854,-0.00021309010775815047,0.09859915532118041,-0.058765799526707754,21,0.2778504455499158,1.227333384706915,0.22638547033108364,-0.9999999999992352,1.026321166492751,2.0263211664919862,2.0263211664919862,7.648326416642703e-13,7.648326416642703e-13,True
5.557542082615281,0.4075492792898488,0.018050838583228417,0.06413125627822053,-0.047634953449715356,21,0.2019716300970249,1.2936302091658607,0.15612779344976585,-1.0000000000010334,1.0184511249341783,2.0184511249352117,2.0184511249352117,1.0333955913210957e-12,1.0333955913210957e-12,True
5.407759796978758,0.2568260027733745,0.04102202853732574,0.09046714159021711,-0.08191184188377457,21,0.24322216397446184,1.2079934831611654,0.20134393716924726,-0.9999999999979682,1.0199928699454628,2.019992869943431,2.019992869943431,2.031819157366499e-12,2.031819157366499e-12,True
5.268641762645554,0.3937528556624816,0.029128670542863448,0.08956455228665376,-0.11172625037015972,21,0.1546418867750583,1.3500845189843735,0.11454237464435972,-0.9999999999995802,1.02051849118636,2.0205184911859404,2.0205184911859404,4.197753256107717e-13,4.197753256107717e-13,True
5.286678792917943,0.3681731691062822,0.021401543453712712,0.1321647226841812,-0.10540351037885207,21,0.26240535044622426,1.2102873259789046,0.21681244181747136,-0.9999999995552008,1.0426890116332723,2.042689011188473,2.042689011188473,4.447991974743104e-10,4.447991974743104e-10,True
5.203247822020125,0.3303017208821094,0.0028217539173096585,0.04939275445071325,-0.07806121285096716,21,0.2802023190904641,1.4041926098876216,0.19954692619617823,-1.0000000000000033,1.0038521429373921,2.0038521429373954,2.0038521429373954,3.3306690738754696e-15,3.3306690738754696e-15,True
5.735857585415084,0.3118139870375402,0.02093919419376075,0.07081952419443228,-0.08496306430661503,21,0.16476901068374517,1.2766409179449443,0.12906449132852477,-0.9999999999999851,1.0098558216291633,2.0098558216291487,2.0098558216291487,1.4876988529977098e-14,1.4876988529977098e-14,True
5.79492210909815,0.39163731977896804,0.052556675830881985,0.07939248495329998,-0.06850285716253188,21,0.3004511343272793,1.191422380660365,0.2521785214079573,-1.0000000000301188,1.0359931653665266,2.035993165396645,2.035993165396645,3.011879634584602e-11,3.011879634584602e-11,True
5.55583572475949,0.30752554168716256,-0.06310667104579155,0.003017205462568612,-0.0934457351876327,21,0.569400495258901,1.501028736708094,0.379340169401189,-0.9999999999999978,1.012361743502924,2.0123617435029217,2.0123617435029217,2.220446049250313e-15,2.220446049250313e-15,True
5.398632564316653,0.3960695579996583,0.0671042953061517,0.10678081613052322,-0.09940004496184263,21,0.32620288511467943,1.2361081644580252,0.26389509793239163,-0.9999999999965864,1.0484544775503488,2.0484544775469353,2.0484544775469353,3.413602733814969e-12,3.413602733814969e-12,True
5.5450215683665425,0.3818789209059537,0.007641373290205592,0.1027974526840407,-0.09943386304680732,21,0.17554648647610827,1.3446367885044292,0.13055308911439173,-0.9999999999987322,1.0215055235985084,2.0215055235972406,2.0215055235972406,1.2677636718194663e-12,1.2677636718194663e-12,True
5.106271039504863,0.37982003924102525,0.0018897981805615777,0.09637093598641037,-0.1057356567292908,21,0.09223117998094077,1.4394997127048608,0.06407169044003196,-0.9999999999998741,1.0133709700180682,2.0133709700179425,2.0133709700179425,1.2589929099249275e-13,1.2589929099249275e-13,True
5.587070047563322,0.32547665888878674,0.005067513396676776,0.08856509416026224,-0.13612121505221453,21,0.1199473426565798,1.333745851561761,0.08993268283918292,-0.9999999999997329,1.011854900783018,2.011854900782751,2.011854900782751,2.6711965972481266e-13,2.6711965972481266e-13,True
5.469506174265476,0.39070356369224324,0.018398355912968428,0.10510839914180942,-0.06991658201953206,21,0.21299583966916336,1.3183030773376168,0.1615681881736329,-0.9999999999992778,1.0268167754785882,2.026816775477866,2.026816775477866,7.222000775186643e-13,7.222000775186643e-13,True
5.186662040173261,0.3751932223017257,0.005910431362090351,0.0981599850750981,-0.011914071174872837,21,0.14968976194378736,1.3649614346298375,0.10966592765632355,-0.9999999999997129,1.0189245033350296,2.0189245033347425,2.0189245033347425,2.871036741680655e-13,2.871036741680655e-13,True
5.705602548333184,0.36134505851977694,0.03238241477746885,0.0800568121040428,-0.07223038575648788,21,0.16053749496597258,1.2503648493517534,0.1283925208303821,-0.9999999999998687,1.0207588280596107,2.0207588280594795,2.0207588280594795,1.3133938381315602e-13,1.3133938381315602e-13,True
5.309682746885111,0.3375418345060779,0.011265366156169876,0.05655022821235023,-0.08613127893508014,21,0.21834655080178456,1.3701539867091508,0.15935913256451667,-1.0000000000000127,1.0056763520360232,2.005676352036036,2.005676352036036,1.2656542480726785e-14,1.2656542480726785e-14,True
5.651225600425631,0.3068952016834476,-0.021772438928134137,0.12105789106288892,-0.07082526057678576,21,0.23256415405932107,1.0894854985161608,0.2134623676736082,-0.9999999995336414,1.040949283638301,2.0409492831719422,2.0409492831719422,4.663586183895063e-10,4.663586183895063e-10,True
5.432385855213222,0.2549802779490805,0.005371829356322584,0.09300816396498397,-0.06919427307019647,21,0.3095136980526598,1.1825658147534792,0.261730631979398,-0.9999999999955427,1.0212501852109999,2.0212501852065428,2.0212501852065428,4.4573233992650785e-12,4.4573233992650785e-12,True
5.186262315161997,0.3692580267817842,0.0022112585882212692,0.09860039999146604,-0.038069249075957566,21,0.1261861095599799,1.387195337478,0.09096491759364865,-0.999999999999422,1.01698950724373,2.016989507243152,2.016989507243152,5.779821066198565e-13,5.779821066198565e-13,True
5.478770623428557,0.3269961084977732,0.028795811441834795,0.10580199794102345,-0.09800355313346125,21,0.12550986104097017,1.2462774472562157,0.10070780091326426,-0.9999999999880592,1.0262094961866548,2.026209496174714,2.026209496174714,1.1940781696750946e-11,1.1940781696750946e-11,True
5.523550378894094,0.40056260387645803,0.03515053735745574,0.0869361257210522,-0.08531186116740873,21,0.23192657521827753,1.2796759328182372,0.1812385224027027,-1.0000000000020293,1.0268736385772697,2.026873638579299,2.026873638579299,2.029265644409861e-12,2.029265644409861e-12,True
5.131434692556468,0.4087058895520562,0.07977298905843674,0.0577106481309637,-0.15025861325480575,21,0.3235854101120632,1.2788557842630177,0.25302728743455605,-0.9999999995360807,1.0400032841793099,2.0400032837153903,2.0400032837153903,4.639193473821024e-10,4.639193473821024e-10,True
5.486529456900436,0.3521304606874665,0.01708122197681271,0.13308135654022585,-0.10085457929112274,21,0.26694381588648697,1.1415780268633793,0.23383755608886997,-0.9999999988190191,1.0467731358167158,2.046773134635735,2.046773134635735,1.1809808686535916e-09,1.1809808686535916e-09,True
5.110329898186545,0.2873709613257669,0.08509994496220988,0.1404265463545734,-0.08594949634013245,21,0.22692040868729335,1.0408322624253201,0.21801823106302387,-0.9999999953016886,1.0762341408736464,2.076234136175335,2.076234136175335,4.6983114065923814e-09,4.6983114065923814e-09,True
5.514559094392299,0.39734321634311104,0.006712161143837011,0.07075771837409466,0.01915934732202554,21,0.18391725553088922,1.293379186344772,0.14219902212177937,-1.0000000000009233,1.0165384943541205,2.0165384943550437,2.0165384943550437,9.232614672782802e-13,9.232614672782802e-13,True
5.3035612335236255,0.40423844725024316,0.013477688197607605,0.0914561233808799,-0.06881117754842861,21,0.15905551612592417,1.3571005162109853,0.11720245790636497,-0.9999999999996997,1.0189105009419506,2.0189105009416504,2.0189105009416504,3.0031532816110484e-13,3.0031532816110484e-13,True
5.078493997322095,0.34343007825236677,0.018689815596865587,0.08733359757406127,-0.04506125751408124,21,0.13285255696378195,1.37227596096754,0.09681183722704917,-1.0000000000000027,1.01447822868386,2.0144782286838625,2.0144782286838625,2.6645352591003757e-15,2.6645352591003757e-15,True
5.355916339483492,0.3637386242676452,0.026690055108020593,0.13973448144294012,-0.06242636101683776,21,0.3200552638866019,1.134899233183979,0.28201205404702007,-0.9999999978306665,1.0556307795132773,2.0556307773439437,2.0556307773439437,2.1693334906203177e-09,2.1693334906203177e-09,True
5.437281209574895,0.35533967859574306,-0.05256088653957286,0.08970848155731627,-0.13638878210048816,21,0.21396358774238133,1.4061509683855253,0.15216260028469347,-0.9999999999998886,1.011912753723027,2.011912753722916,2.011912753722916,1.113553693699032e-13,1.113553693699032e-13,True
5.219439307842238,0.39017397402653,0.04186997370304044,0.07464029437143307,-0.10800639925385598,21,0.1855474555039489,1.327657852749827,0.13975547624687001,-1.0000000000030895,1.021403718329905,2.0214037183329943,2.0214037183329943,3.0895286329268856e-12,3.0895286329268856e-12,True
5.245328056946312,0.4097640237546561,-0.04749362487479321,0.03846447266543877,-0.12185949395811657,21,0.19390362604786504,1.5385891153081488,0.12602690615618323,-0.9999999999999991,1.000461168334574,2.0004611683345734,2.0004611683345734,8.881784197001252e-16,8.881784197001252e-16,True
5.462976808276835,0.3848595797016172,-0.017277249786793472,0.14270790788656923,-0.1445107101333817,21,0.3728049077594666,1.1666334110470022,0.3195561726840058,-0.9999999980195728,1.0484444074798513,2.048444405499424,2.048444405499424,1.9804271556012054e-09,1.9804271556012054e-09,True
5.771338119929514,0.3814645357964563,0.017564625367073913,0.07763567427153979,-0.10920476144272431,21,0.13409820106884807,1.290013664460672,0.10395099273999688,-0.9999999999999379,1.0161596387529346,2.0161596387528724,2.0161596387528724,6.206146707654625e-14,6.206146707654625e-14,True
5.5101530621436385,0.3799104832853751,-0.04538667947839777,0.07318219048772841,-0.08920492275041154,21,0.10960196573390624,1.4660957410237843,0.07475771374751451,-1.0000000000000013,1.0036988909100166,2.0036988909100177,2.0036988909100177,1.3322676295501878e-15,1.3322676295501878e-15,True
5.27639396098754,0.3761145300174535,-0.00442659672607818,0.07745499086345417,-0.12446156203763667,21,0.07474665772621614,1.4330455400315318,0.052159303831036286,-1.000000000000002,1.0066361320771806,2.0066361320771824,2.0066361320771824,1.9984014443252818e-15,1.9984014443252818e-15,True
5.532853836901086,0.3571505924215635,0.006655225967783112,0.09273026221345784,-0.06922957389155233,21,0.11294374127546436,1.3336594817257652,0.0846870905377693,-0.9999999999997843,1.0161081773372524,2.0161081773370366,2.0161081773370366,2.1571633368466792e-13,2.1571633368466792e-13,True
5.453465026385921,0.37231933828790686,0.03918694869704819,0.042988069600361126,-0.11443303654680988,21,0.2260020083246288,1.296787288683043,0.17427839576847332,-0.99999999998034,1.0177441014707065,2.017744101451046,2.017744101451046,1.9660051364667197e-11,1.9660051364667197e-11,True
4.448825754691137,0.34285174108134464,0.01048005819219228,0.07344940288492358,-0.0922259517043425,21,0.2932524843909774,1.5421559162897815,0.1901574810259803,-1.0000000000000022,1.005810906063286,2.0058109060632883,2.0058109060632883,2.220446049250313e-15,2.220446049250313e-15,True
5.027414701522661,0.3123400625859554,0.0064603622761531,0.1078927901955269,-0.08409178000386408,21,0.1707078129352999,1.278362367388802,0.13353632529404763,-0.9999999999865483,1.0218184623392794,2.021818462325828,2.021818462325828,1.3451684210963322e-11,1.3451684210963322e-11,True
5.342760864423914,0.36126534443832026,0.046315500939128854,0.09856647958510557,-0.09956932367151612,21,0.1676505869552083,1.2919274743094014,0.1297678006614309,-0.9999999999990811,1.0286026623167976,2.028602662315879,2.028602662315879,9.18931597482242e-13,9.18931597482242e-13,True
5.320190774714376,0.32843130640099133,-0.006561893118330027,0.08240984669494753,-0.0934301271519236,21,0.18054688758296122,1.4019330353006971,0.1287842450650549,-0.9999999999999657,1.0082954849423083,2.008295484942274,2.008295484942274,3.430589146091734e-14,3.430589146091734e-14,True
5.63332408547045,0.39121179808896583,0.0030627690026787807,0.09256698697709041,-0.09002774215359427,21,0.15829920771155637,1.3353489145249586,0.11854520267301842,-1.000000000000028,1.0172011445275821,2.0172011445276103,2.0172011445276103,2.7977620220553945e-14,2.7977620220553945e-14,True
5.4676346472911135,0.38570413867394904,0.000996789972815314,0.12946015133024508,-0.10951830548697754,21,0.3136796345195303,1.2291369201762659,0.25520316684861005,-0.9999999996856941,1.0379016301954778,2.037901629881172,2.037901629881172,3.143059146282212e-10,3.143059146282212e-10,True
5.19916383953965,0.3470643348184357,0.00924400666136918,0.0908808049066787,-0.09756590243339143,21,0.09232133460852676,1.4006908331978134,0.06591128635985628,-0.9999999999999042,1.0125124089216997,2.0125124089216038,2.0125124089216038,9.581224702515101e-14,9.581224702515101e-14,True
5.603148791052879,0.32364932583697825,0.04461993968655956,0.09263405913907051,-0.09313236073794756,21,0.11555825373270912,1.2496893823037882,0.0924695811367772,-0.9999999999997696,1.0245568038659438,2.0245568038657136,2.0245568038657136,2.3037127760972e-13,2.3037127760972e-13,True
5.23223733981844,0.32168162916923526,0.03383665340204441,0.11258032819346545,-0.1549303156289451,21,0.10217056352704112,1.2587829075840493,0.08116615097923004,-0.9999999999752873,1.0271606930449029,2.02716069302019,2.02716069302019,2.4712676349736284e-11,2.4712676349736284e-11,True
5.36628062615538,0.3830351532521588,0.011346653348238077,0.08948870472119091,-0.09993776907302664,21,0.11230413189121724,1.3673037050591983,0.08213546959294969,-0.9999999999999899,1.0151351909247117,2.0151351909247017,2.0151351909247017,1.0103029524088925e-14,1.0103029524088925e-14,True
5.366129185168911,0.2953278044119636,0.06720426743405075,0.06765403704851908,-0.10299916796444028,21,0.2830128569485646,1.242987701164247,0.22768757621936245,-1.0000000000008205,1.0198963207527967,2.019896320753617,2.019896320753617,8.204548151979907e-13,8.204548151979907e-13,True
5.102580249763973,0.315048703629853,0.023286348344902535,0.09456634029195037,-0.0724255725971594,21,0.15330865697598917,1.3394630339893814,0.114455310139753,-0.9999999999993626,1.0167926622155592,2.0167926622149217,2.0167926622149217,6.373790384373024e-13,6.373790384373024e-13,True
5.553288931586511,0.40115142335115417,0.059532529724984934,0.0893165203389982,-0.05064280472435312,21,0.3425748597949092,1.2049548271119175,0.2843051474518808,-1.0000000000478864,1.0429227362006277,2.042922736248514,2.042922736248514,4.788636154273718e-11,4.788636154273718e-11,True
5.86694800652878,0.27301323083994244,0.004682990930554378,0.0598572687848353,-0.08832617677904045,21,0.2944749690462013,1.2930864679205343,0.22773029983041942,-1.0000000000000022,1.0049298424287072,2.0049298424287096,2.0049298424287096,2.220446049250313e-15,2.220446049250313e-15,True
5.460645038138077,0.34529191166611034,0.028464130122747348,0.10150048116332515,-0.11926036528421714,21,0.12217176949377828,1.3133563895324287,0.09302255691410079,-0.999999999998302,1.0229754474490218,2.022975447447324,2.022975447447324,1.6979750938617144e-12,1.6979750938617144e-12,True
5.3683648546330875,0.2720926126778388,0.016165206776321203,0.08389945806320274,-0.11538803610874207,21,0.2961012411584565,1.2894851997774899,0.22962748328522958,-0.9999999999997774,1.0120954084290992,2.0120954084288765,2.0120954084288765,2.2259971643734389e-13,2.2259971643734389e-13,True
5.637800527811858,0.43517236522318137,0.005872357080047633,0.09760698344514891,-0.1760879119278385,21,0.2500599992882724,1.3722469453145392,0.18222667584875182,-0.9999999999998045,1.0217202283848141,2.0217202283846185,2.0217202283846185,1.9551027463649007e-13,1.9551027463649007e-13,True
5.698651199472602,0.3266814698809474,0.014724472610265705,0.10315691757413599,-0.10965892477196829,21,0.11257527856659943,1.2298784952166901,0.09153365881624347,-0.9999999999871618,1.0230642471685707,2.0230642471557325,2.0230642471557325,1.283817496755546e-11,1.283817496755546e-11,True
5.448834854109446,0.352670249631034,-0.002677388692863757,0.0679779052847415,-0.12988800702573547,21,0.13874490450083798,1.4006893692481641,0.09905472801247209,-1.0000000000000007,1.004515139565855,2.0045151395658554,2.0045151395658554,6.661338147750939e-16,6.661338147750939e-16,True
5.742239102215171,0.3729018662515192,-0.0011113010106837632,0.06456698338535014,-0.10749896555489108,21,0.07556903078611032,1.3353008251850542,0.05659326300171911,-1.0000000000000018,1.007267190607161,2.0072671906071626,2.0072671906071626,1.7763568394002505e-15,1.7763568394002505e-15,True
5.790514053123625,0.3411453582761707,0.006707387214540222,0.019235715999850668,-0.12491289850419557,21,0.34980220863958333,1.3185657994497844,0.2652899148343981,-1.0000000000012579,1.0081534330864865,2.0081534330877444,2.0081534330877444,1.2578826869003024e-12,1.2578826869003024e-12,True
5.10705608412901,0.3949858096157816,0.01920624473770805,0.0326401272511506,-0.09907788282374298,21,0.26073617393671134,1.3952473945046537,0.18687451054461846,-0.9999999999963308,1.0131179932590864,2.0131179932554173,2.0131179932554173,3.66917607408368e-12,3.66917607408368e-12,True
5.382901343040029,0.27360466278194734,0.024331465088568704,0.11928449153207275,-0.07315635344608137,21,0.15581382520796905,1.0811201499438325,0.14412257991497435,-0.9999999994704926,1.0406603593262216,2.040660358796714,2.040660358796714,5.295074378963704e-10,5.295074378963704e-10,True
5.602889813088075,0.2977084133172272,0.02561267435720222,0.0865151408342591,-0.12146239957998706,21,0.15474497672189003,1.286858696170565,0.1202501697990465,-0.9999999999997444,1.0141869894594768,2.0141869894592213,2.0141869894592213,2.5557334026871104e-13,2.5557334026871104e-13,True
5.656789347625701,0.3794315720367036,0.015217928461206934,0.07905881340377158,-0.0788059916233825,21,0.13097552238317722,1.29896235409979,0.10083088395117207,-0.999999999999815,1.015758818836484,2.015758818836299,2.015758818836299,1.8496315590255108e-13,1.8496315590255108e-13,True
5.23906358485912,0.324923760949646,-0.0007150958670963936,0.08928439285896972,-0.11214351956229152,21,0.18185945574696372,1.3770211390078815,0.13206729409977694,-0.9999999999997973,1.0107554392356257,2.0107554392354228,2.0107554392354228,2.0272672429655358e-13,2.0272672429655358e-13,True
5.5558453096629,0.35145437585235473,0.04111206302789474,0.1073992200007898,-0.1352823513241244,21,0.16351001131254916,1.2821050794040556,0.12753245731508328,-0.9999999999957636,1.0313186152932745,2.031318615289038,2.031318615289038,4.236389017364672e-12,4.236389017364672e-12,True
5.260591491956836,0.25913664107600254,-0.013657398233859629,0.08850482117845858,-0.11837480151381924,21,0.4111839815311291,1.2592181308956214,0.3265391209374294,-0.9999999999997874,1.0193903222732552,2.0193903222730425,2.0193903222730425,2.1260770921571748e-13,2.1260770921571748e-13,True
5.598422799908445,0.3800994832066133,0.021229600870540356,0.06753402336913254,-0.10499393544836019,21,0.12837027486267116,1.3080403353478827,0.0981393856088774,-1.0000000000007185,1.014079016585688,2.0140790165864066,2.0140790165864066,7.185363415374013e-13,7.185363415374013e-13,True
5.981369207621544,0.37571413958524325,-0.042301676101434246,0.07565626446983581,-0.11503799102856539,21,0.10570237745512556,1.391311576169002,0.07597318908693242,-1.0000000000000009,1.0053691610890276,2.0053691610890283,2.0053691610890283,8.881784197001252e-16,8.881784197001252e-16,True
5.645998156829181,0.3336080185160786,0.01765318456179546,0.08288724770949085,-0.0916655368725767,21,0.09774532606665165,1.3015986480983264,0.07509636415915184,-1.0000000000000049,1.0134060618500134,2.0134060618500182,2.0134060618500182,4.884981308350689e-15,4.884981308350689e-15,True
5.230174117684131,0.30613868485547746,0.005945984615036192,0.0960480082020071,-0.07665152666457895,21,0.1848387702179446,1.2950527721233585,0.1427268248805679,-0.9999999999978316,1.0163364659928797,2.0163364659907113,2.0163364659907113,2.1683765893953932e-12,2.1683765893953932e-12,True
5.393694291352357,0.4002921315656038,0.02122060159151594,0.0826423188267029,-0.09293753956014544,21,0.1622686357482599,1.3364756532794289,0.1214153324455159,-1.0000000000000153,1.0183790814898266,2.018379081489842,2.018379081489842,1.532107773982716e-14,1.532107773982716e-14,True
5.217057662194344,0.4620427952366011,0.01390274783808301,0.10248862825207918,-0.07907267398834995,21,0.3168371158268748,1.376757154639166,0.23013289944363105,-0.9999999999984046,1.0278857549840235,2.027885754982428,2.027885754982428,1.59539048638635e-12,1.59539048638635e-12,True
5.802235216184887,0.3109631188127895,-0.02513011058871925,0.03916531711760747,-0.08336402905739049,21,0.3165612333811527,1.3669465411723434,0.23158274581071636,-1.0000000000000007,1.0016484379271924,2.001648437927193,2.001648437927193,6.661338147750939e-16,6.661338147750939e-16,True
5.282467812424359,0.36713967150424226,-0.015226745062024616,0.08229416655889368,-0.10756048350303182,21,0.09940486233883883,1.4477063765282452,0.06866369033838363,-0.9999999999999927,1.0067822929310202,2.006782292931013,2.006782292931013,7.327471962526033e-15,7.327471962526033e-15,True
5.131865988661449,0.36400513813273755,0.00969320903518282,0.06705497256450423,-0.10484599592774563,21,0.15667703732487848,1.415996785707898,0.11064787639793339,-0.9999999999999978,1.0066748893821063,2.0066748893821043,2.0066748893821043,2.220446049250313e-15,2.220446049250313e-15,True
5.574490310495885,0.2895974108821634,0.024342143759153584,0.0427281742885757,-0.1157812288581769,21,0.35871248640096165,1.310447550495771,0.273732806982815,-0.9999999999999976,1.0049677855704153,2.004967785570413,2.004967785570413,2.4424906541753444e-15,2.4424906541753444e-15,True
5.187236938369292,0.34049781587028843,-0.00039920941118050043,0.11845522104491199,-0.13859297502618206,21,0.170228551773425,1.2630877515053414,0.13477175403731648,-0.9999999999434728,1.0266202215639348,2.0266202215074074,2.0266202215074074,5.652722734339477e-11,5.652722734339477e-11,True
5.266366681744006,0.3208334521666117,0.010266050233532175,0.08051453949451207,-0.08857383524019058,21,0.1773563361831374,1.3814003111665083,0.1283888057281316,-0.9999999999999896,1.0092597469840285,2.009259746984018,2.009259746984018,1.0436096431476471e-14,1.0436096431476471e-14,True
4.5947436942897575,0.44576011107853386,0.004527997958733975,0.05372667617146713,-0.0761297813036488,21,0.14187342242512724,1.5161394022205896,0.09357544709763137,-0.9999999999993028,1.01030348173362,2.010303481732923,2.010303481732923,6.972200594645983e-13,6.972200594645983e-13,True
5.095703517770286,0.31194269529465185,0.0711315700195079,0.16420700857870896,-0.1077956343408932,21,0.3068695525440974,0.9660407088473051,0.31765695765581037,-0.9999999264228151,1.1017118488768949,2.10171177529971,2.10171177529971,7.357718490030862e-08,7.357718490030862e-08,True
4.484270828903998,0.32979184461690225,0.010163820491635105,0.1054114075507345,-0.056946721447998644,21,0.20774330088846926,1.413516298173481,0.14696915851406256,-0.9999999999982104,1.0175666002903425,2.017566600288553,2.017566600288553,1.7895684933932898e-12,1.7895684933932898e-12,True
5.326357620973754,0.27279509096857457,0.00863222723605011,0.08614387290785887,-0.04735148784019645,21,0.2762235851680692,1.2632010706984482,0.21866953058814292,-0.999999999999355,1.015208788909066,2.0152087889084207,2.0152087889084207,6.45039577307216e-13,6.45039577307216e-13,True
5.452256168980518,0.4430624245427789,0.028174497129184024,0.1498374460683284,-0.0817466283232523,21,0.5564600777704529,1.2157896204006624,0.4576943810287441,-0.9999999987307137,1.0681520932716013,2.068152092002315,2.068152092002315,1.2692863426977397e-09,1.2692863426977397e-09,True
5.776424457641583,0.37692022281906706,0.025211718494870458,0.0758281291749197,-0.04403860508268834,21,0.18941765610056094,1.2418910472122913,0.15252357002311293,-1.0000000000014042,1.0207263639881383,2.0207263639895423,2.0207263639895423,1.404210081545898e-12,1.404210081545898e-12,True
5.524634879472707,0.34745513481882745,-0.00048752187519132163,0.07065403378593538,-0.09476217726358814,21,0.11876347709705137,1.3640560195734184,0.08706642204782199,-1.0000000000000004,1.0062693376758491,2.0062693376758496,2.0062693376758496,4.440892098500626e-16,4.440892098500626e-16,True
5.449723332810629,0.3179251609905132,0.018677334385050988,0.10918262432530243,-0.07426662333657522,21,0.12175011026368265,1.2079763522591151,0.1007884881487869,-0.999999999959432,1.0273351035721112,2.0273351035315432,2.0273351035315432,4.056799340901307e-11,4.056799340901307e-11,True
5.4358044127327565,0.34189133218425866,0.003669554642494707,0.10617780516261244,-0.09299619000912428,21,0.115528510389316,1.276858199584666,0.09047873164529538,-0.9999999999880105,1.021423624935914,2.0214236249239246,2.0214236249239246,1.198952048753199e-11,1.198952048753199e-11,True
5.163679557914092,0.4141085466738561,0.03619663558697558,0.0813292770126608,-0.13741331250991753,21,0.18861177947582086,1.366511735800716,0.13802426611821422,-1.0000000000024614,1.021584560990391,2.0215845609928524,2.0215845609928524,2.461364445593972e-12,2.461364445593972e-12,True
5.100231821361902,0.3425747300357445,0.03716452140428797,0.07677163843177183,-0.08322670212911479,21,0.18228509852359664,1.3463859002124168,0.13538844880567888,-0.9999999999999348,1.0149533722575717,2.0149533722575064,2.0149533722575064,6.517009154549669e-14,6.517009154549669e-14,True
5.313797158457742,0.3484721792062887,0.0006469556927518536,0.07641708390839816,-0.008558557304039038,21,0.11942910937087126,1.353365400961981,0.08824601935735926,-1.0000000000000069,1.0100853326650272,2.0100853326650343,2.0100853326650343,6.8833827526759706e-15,6.8833827526759706e-15,True
5.480930995950807,0.32100855255784305,-0.002489052074502866,0.08131700591298863,-0.10239572238838666,21,0.1731105727318396,1.3716377061079505,0.12620721343615168,-0.9999999999999634,1.0085666175633798,2.008566617563343,2.008566617563343,3.6637359812630166e-14,3.6637359812630166e-14,True
5.562208427728204,0.2735224575777072,0.012716033830202537,0.09510804220252238,-0.05434284448886105,21,0.20205552171150587,1.1802121710561262,0.171202709704895,-0.9999999999910978,1.021003189188091,2.021003189179189,2.021003189179189,8.902212300654355e-12,8.902212300654355e-12,True
5.28519047130428,0.37150409661661105,0.026929313022643037,0.16939667312764523,-0.08553871702423352,21,0.4806497099183702,1.005366676548074,0.47808398779307143,-0.9999999211836351,1.093542101167311,2.093542022350946,2.093542022350946,7.881636487905297e-08,7.881636487905297e-08,True
5.160638269410397,0.33393195068834564,0.019261187140961755,0.09379358592076001,-0.09761081718090292,21,0.11550315150992807,1.376991424060787,0.08388080672957714,-0.9999999999997348,1.0150826968389646,2.0150826968386992,2.0150826968386992,2.652322805829499e-13,2.652322805829499e-13,True
6.051339986814798,0.328534242281195,-0.06582098368694773,0.07774665055858128,-0.0947445820036627,21,0.2211479048429532,1.3195571960041097,0.1675925117248684,-0.9999999999999883,1.0116868119083307,2.011686811908319,2.011686811908319,1.1657341758564144e-14,1.1657341758564144e-14,True
5.176011442386322,0.3330675492371682,0.014023965655612416,0.13461348035966547,-0.06466994535330421,21,0.20032835030320473,1.1374521740886039,0.17612024036414545,-0.9999999986338467,1.046170785689085,2.0461707843229315,2.0461707843229315,1.3661533015962846e-09,1.3661533015962846e-09,True
5.3983829226713524,0.23416256718184913,-0.0017984348476045714,0.09972250342904124,-0.09045967177086903,21,0.385025514198599,1.1195884838711203,0.3438991377147111,-0.9999999999918293,1.031720622003681,2.03172062199551,2.03172062199551,8.17068634972884e-12,8.17068634972884e-12,True
6.123817017520899,0.29974033045884385,0.0018981462626548595,0.08421640182382967,-0.09308702776852477,21,0.1098181732593062,1.219370369803713,0.09006137591893763,-0.9999999999992253,1.0133708752236126,2.013370875222838,2.013370875222838,7.747136265834342e-13,7.747136265834342e-13,True
4.881210067774352,0.3860791283167525,-0.03330291407604119,0.08050237614110663,-0.10416881003190454,21,0.16657860114318357,1.566323114516761,0.10635008804972917,-1.0000000000000002,1.0043880978270443,2.0043880978270447,2.0043880978270447,2.220446049250313e-16,2.220446049250313e-16,True
5.427986773618096,0.316109202534309,0.08835739554447988,0.09258061963592222,-0.09473075268035311,21,0.23396679128270348,1.1823650730757085,0.19788033037383393,-0.9999999999971079,1.042718520511434,2.042718520508542,2.042718520508542,2.8921309791485328e-12,2.8921309791485328e-12,True
4.884681452846063,0.38828313965111766,0.027904336475095694,0.07355704215865759,-0.0810057636137606,21,0.14416684385879197,1.4062299468695898,0.10252010645892015,-1.0000000000003535,1.0144073700782335,2.0144073700785867,2.0144073700785867,3.5349501104064984e-13,3.5349501104064984e-13,True
5.157388303236135,0.44279984021925584,0.028879830999637285,0.08938059245492204,-0.1346419683686578,21,0.23369153534724751,1.3831252657967061,0.16895905318643487,-1.000000000002345,1.0243724077662324,2.0243724077685776,2.0243724077685776,2.3450130726132556e-12,2.3450130726132556e-12,True
5.120071768091079,0.3981160079197561,0.018078992704777138,0.09483780920075993,-0.09702253830246899,21,0.13509037104837285,1.3943481513608558,0.09688424724953187,-0.9999999999999019,1.018192025733666,2.018192025733568,2.018192025733568,9.814371537686384e-14,9.814371537686384e-14,True
5.462782137052072,0.32544970409489526,-0.0009107148981081781,0.09415888163838985,-0.11000399475934709,21,0.12481862112388686,1.3140905830721836,0.09498479232084302,-0.9999999999987788,1.0140839838745577,2.0140839838733364,2.0140839838733364,1.2212453270876722e-12,1.2212453270876722e-12,True
5.392226437806723,0.290035511457702,0.031975622271054605,0.06924655733787217,-0.0991032887282748,21,0.2584436609285785,1.315595490781406,0.19644614377256212,-0.9999999999999951,1.0091832339055635,2.0091832339055586,2.0091832339055586,4.884981308350689e-15,4.884981308350689e-15,True
5.211727522261963,0.3596950693054525,0.017861303717699947,0.09172555892638656,-0.08598494672934115,21,0.09530212036914953,1.3723127594294338,0.06944635595224902,-0.9999999999999927,1.0155671247173321,2.015567124717325,2.015567124717325,7.327471962526033e-15,7.327471962526033e-15,True
5.348411643206333,0.37156991543789897,-0.00895814566904994,0.10919971290107389,-0.06400934772734791,21,0.16679361428303996,1.3194860474685561,0.1264080166690923,-0.9999999999886822,1.0212012378995137,2.021201237888196,2.021201237888196,1.131783555763377e-11,1.131783555763377e-11,True
4.590901488948443,0.42270020808785214,0.011422607305753365,0.06261450635314961,-0.10012434711326614,21,0.1497017659586546,1.5150261939153087,0.09881133841770597,-1.0000000000000608,1.0090402635196765,2.0090402635197373,2.0090402635197373,6.084022174945858e-14,6.084022174945858e-14,True
5.8097575101491215,0.3475632936972787,-0.05049258666335568,0.11626777785262941,-0.09083597685119527,21,0.2515227773947366,1.173501580803313,0.2143352693419964,-0.9999999998912547,1.0326740833353838,2.0326740832266386,2.0326740832266386,1.0874534606131192e-10,1.0874534606131192e-10,True
5.660526894663063,0.38889233154808356,0.00937767925970246,0.11657026192582766,-0.11207148293823946,21,0.2785623796330192,1.277006946559315,0.21813693369762763,-0.9999999999684553,1.0318632765984312,2.0318632765668867,2.0318632765668867,3.154465577637211e-11,3.154465577637211e-11,True
5.634458623632253,0.3801676028628203,0.05183804531773521,0.10343514007064127,-0.10521253725431012,21,0.2554381370214316,1.2346316188808482,0.20689421290941634,-0.9999999999947274,1.03913500139741,2.0391350013921374,2.0391350013921374,5.272560166247331e-12,5.272560166247331e-12,True
5.709799219802276,0.33097371639725515,0.035521468708320056,0.09391808490292629,-0.05629258835397162,21,0.13855262610602392,1.2354626590419349,0.11214634865085071,-0.9999999999996084,1.0253442362351524,2.0253442362347607,2.0253442362347607,3.915756607852927e-13,3.915756607852927e-13,True
5.245838522902986,0.33729630446219355,0.0032797608408868355,0.10087605232298166,-0.07533891957215874,21,0.10605341905232613,1.3226395210732063,0.08018316205028643,-0.9999999999968832,1.0174750352268058,2.017475035223689,2.017475035223689,3.1168401193326645e-12,3.1168401193326645e-12,True
5.64980266777406,0.515000993542114,0.008881720909355673,0.07122439180593847,-0.08432860694661515,21,0.4418327806614539,1.3168433753827036,0.3355241700882215,-0.9999999998839129,1.0327127635545985,2.0327127634385116,2.0327127634385116,1.1608713990085562e-10,1.1608713990085562e-10,True
5.528561354660438,0.3390239072992628,0.004965932149853794,0.061429599249627966,-0.08987424756886687,21,0.168452593130348,1.348588511189194,0.12491029823604638,-0.9999999999999956,1.005427448044297,2.0054274480442924,2.0054274480442924,4.440892098500626e-15,4.440892098500626e-15,True
5.331083638650883,0.4036868121010806,-0.004470796359288751,0.05745621699935352,-0.1149909600935915,21,0.0926966509823759,1.417952080579183,0.06537361329200392,-1.0000000000000413,1.006322073466628,2.006322073466669,2.006322073466669,4.1300296516055823e-14,4.1300296516055823e-14,True
5.237916591649475,0.3414088921631917,-0.06958707722415729,0.07376804635656084,-0.08750006142344516,21,0.3269277820209835,1.4848333098100148,0.2201781034012593,-1.0000000000000029,1.0109765150123395,2.0109765150123424,2.0109765150123424,2.886579864025407e-15,2.886579864025407e-15,True
5.338333477495451,0.3401990301933023,0.016550391133799316,0.14449206136265136,-0.050310174272362285,21,0.29644072068685245,1.0643554000863569,0.27851666902126926,-0.9999999923817177,1.0614263676063171,2.061426359988035,2.061426359988035,7.618282338306415e-09,7.618282338306415e-09,True
5.903586401336066,0.4169231444449551,0.014748892615576704,0.09172515027775399,-0.08785625877990026,21,0.26149516609167534,1.2651995547687176,0.2066829419169986,-0.9999999999985799,1.026272533755563,2.0262725337541427,2.0262725337541427,1.4200862707980377e-12,1.4200862707980377e-12,True
5.170594559922113,0.396928907299267,0.01443328853954336,0.09379350522774277,-0.10067630337018424,21,0.1288906684950768,1.3955746863186351,0.0923566970357391,-0.9999999999999576,1.0169347145958436,2.016934714595801,2.016934714595801,4.241051954068098e-14,4.241051954068098e-14,True
5.519850271298174,0.3662665252591568,-0.06559268840247219,0.08730563556251435,-0.08196414286066872,21,0.20173289371089975,1.409675427593188,0.14310591627132835,-0.9999999999998782,1.0112698803822393,2.0112698803821174,2.0112698803821174,1.2179146580137967e-13,1.2179146580137967e-13,True
5.29052131830142,0.3298517831035425,0.003115272462290689,0.06209239721524821,-0.16547421248772048,21,0.2598531708274525,1.4356857117838246,0.18099586051085487,-1.0000000000000004,1.002541906924942,2.002541906924942,2.002541906924942,4.440892098500626e-16,4.440892098500626e-16,True
6.345353662766499,0.3562165190771759,0.04031956093949764,0.10231688492128915,-0.17073915895755576,21,0.2151616266334424,1.1816325301112376,0.18208844217684775,-0.9999999999965762,1.0370624210230777,2.037062421019654,2.037062421019654,3.4238167856415203e-12,3.4238167856415203e-12,True
5.523679845533237,0.30911842275649615,-0.005599899890876529,0.13215473086430868,-0.06500604968067145,21,0.22301698839043538,1.050196366788662,0.21235741756790383,-0.9999999974798512,1.051389062950256,2.0513890604301075,2.0513890604301075,2.5201487563464298e-09,2.5201487563464298e-09,True
5.316273349523719,0.3333374812314173,0.007667039164346504,0.09324325131342176,-0.022761070604345623,21,0.09647495021661467,1.3292604291605172,0.07257791483158992,-0.9999999999993179,1.0166113763166849,2.0166113763160025,2.0166113763160025,6.821210263296962e-13,6.821210263296962e-13,True
5.863469582906455,0.272249074012242,-0.051478451259292304,0.013660517437784651,-0.08806373817161617,21,0.560266682203396,1.4179954565534756,0.39511176119362074,-0.9999999999999991,1.0116324702395967,2.011632470239596,2.011632470239596,8.881784197001252e-16,8.881784197001252e-16,True
5.304635154125936,0.3477807515794231,0.013243459055983918,0.09474438967611852,-0.11316587991672457,21,0.08203643052007048,1.3784278923189555,0.05951448819136925,-0.9999999999996941,1.0150290942861435,2.0150290942858375,2.0150290942858375,3.0586644328423063e-13,3.0586644328423063e-13,True
5.310423310317038,0.2752115129391398,0.03219233733992352,0.08632149596540574,-0.10203063999102538,21,0.24607994144572132,1.2869831336342614,0.1912068115071763,-0.9999999999997169,1.0146141488841454,2.0146141488838625,2.0146141488838625,2.831068712794149e-13,2.831068712794149e-13,True
5.580552277725638,0.29349156723394676,0.03648747531549366,0.009238901500317595,-0.07783137730543181,21,0.5242227600266284,1.2638514231461886,0.4147819517595242,-1.0000000000148739,1.0162713928551068,2.0162713928699807,2.0162713928699807,1.4873879905508147e-11,1.4873879905508147e-11,True
5.200245929491325,0.3322933233424493,-0.0007663799582718969,0.11475209213218135,-0.08829490594343718,21,0.1576268873741633,1.249019262150153,0.1262005256050358,-0.9999999999510315,1.025864865949883,2.0258648659009144,2.0258648659009144,4.896849592483932e-11,4.896849592483932e-11,True
5.3937954064873646,0.40899352697830993,0.002423224848416644,0.07242455933485545,-0.056684349326517634,21,0.13432980057706834,1.3603203893784128,0.09874864894030533,-1.0000000000001614,1.012468910610187,2.012468910610348,2.012468910610348,1.6142642778049776e-13,1.6142642778049776e-13,True
4.976209277930518,0.3387151131715297,0.060829038946708214,0.0767554980451603,-0.10844738633891061,21,0.22648253534963558,1.3277869493846173,0.17057144254550952,-1.0000000000009015,1.0213484393661454,2.021348439367047,2.021348439367047,9.015010959956271e-13,9.015010959956271e-13,True
5.76425081702814,0.3732079616209926,0.006602920551589117,0.09379713702389078,-0.13953726638652822,21,0.12945658356867584,1.330367214720936,0.09730891000334164,-0.9999999999998765,1.0170943290328003,2.017094329032677,2.017094329032677,1.234568003383174e-13,1.234568003383174e-13,True
5.141469226760645,0.3773659850119162,0.012604581915447298,0.1469523829774551,-0.11259565336005133,21,0.3362614802457029,1.1732024598019617,0.28661845825183857,-0.9999999974376237,1.052612365550945,2.052612362988569,2.052612362988569,2.5623763111326525e-09,2.5623763111326525e-09,True
4.859835377950855,0.3621963716805958,0.01049131402283517,0.15222552395258884,-0.12221729218257293,21,0.2774768714771383,1.1713086152452454,0.2368947584484734,-0.9999999966973412,1.0539244198927884,2.05392441659013,2.05392441659013,3.3026588130979917e-09,3.3026588130979917e-09,True
5.424347282062029,0.42818743487339633,0.01366241335953415,0.08658248652342172,-0.0689851337478481,21,0.2246766689801203,1.3360538644434437,0.16816437941573054,-1.0000000000001927,1.0213238291853504,2.021323829185543,2.021323829185543,1.9273471707492718e-13,1.9273471707492718e-13,True
5.795763738302477,0.356259441605289,0.0031567921177494164,0.07874774380753366,-0.04419487892145554,21,0.09664166003359487,1.2868041669239578,0.07510207265229177,-0.9999999999999866,1.0124005531300129,2.0124005531299995,2.0124005531299995,1.3433698597964394e-14,1.3433698597964394e-14,True
5.245254308163544,0.3009915041222189,-0.020523116957745002,0.08831189316604393,-0.12557709470851497,21,0.3092009450852913,1.3419533865734419,0.2304110919044724,-0.9999999999998114,1.013079545728268,2.0130795457280795,2.0130795457280795,1.886268918838141e-13,1.886268918838141e-13,True
5.219231725190403,0.30558323045695246,0.007800477333643703,0.09025309482770627,-0.07326614935497275,21,0.19976837941984593,1.3266208789878324,0.1505843776348994,-0.9999999999994904,1.0135792994464516,2.013579299445942,2.013579299445942,5.095923683029469e-13,5.095923683029469e-13,True
5.485112255198382,0.360208814344419,-0.00018958427041333714,0.07410733909441182,-0.06918538198982235,21,0.08938235177044684,1.3570400671050558,0.06586566891950676,-0.9999999999999966,1.0082654099277104,2.008265409927707,2.008265409927707,3.4416913763379853e-15,3.4416913763379853e-15,True
6.015856204128367,0.33173536792781744,-0.0028266599175714533,0.10224885553578603,-0.09985192896016107,21,0.13259363833369409,1.1950843988038051,0.11094918356093589,-0.9999999999778684,1.0227841646733926,2.022784164651261,2.022784164651261,2.213162986208772e-11,2.213162986208772e-11,True
5.363640282624836,0.32469457113138245,-0.00011738799241999866,0.11049477870520942,-0.0527812178833305,21,0.14239772071516166,1.2200518312533202,0.11671448463700189,-0.999999999953229,1.0257604033483458,2.025760403301575,2.025760403301575,4.6771031492198745e-11,4.6771031492198745e-11,True
5.25103989651019,0.31540239792018215,0.007201673017162182,0.11220409374668586,-0.06583989564459468,21,0.141739529383907,1.216100678829462,0.11655246300852005,-0.9999999999448411,1.027009757615907,2.027009757560748,2.027009757560748,5.5158877465544265e-11,5.5158877465544265e-11,True
5.084196660317185,0.34500487887341236,0.04017535404657736,0.10441054956833143,-0.08037328309071662,21,0.1335628836223932,1.340803738440076,0.09961404476525666,-0.9999999999988296,1.026296469444779,2.0262964694436087,2.0262964694436087,1.17039711255984e-12,1.17039711255984e-12,True
5.252528968563323,0.3432565844026317,0.00014584256318560251,0.09945988589946518,-0.06641512337651038,21,0.10275838470983989,1.3373760029374469,0.07683582215034422,-0.9999999999979131,1.0165164087358338,2.016516408733747,2.016516408733747,2.0868862193879067e-12,2.0868862193879067e-12,True
5.4048978775056,0.2953239664837883,0.0035614758987857088,0.06028806119527422,-0.06206831800299234,21,0.2917761934394203,1.3586122764766078,0.21476045704231794,-1.0000000000000024,1.005132489424734,2.0051324894247364,2.0051324894247364,2.4424906541753444e-15,2.4424906541753444e-15,True
5.624430823129588,0.362239764974809,0.038371199945355164,0.0682522131361197,-0.11310304222586107,21,0.15056370643641803,1.2696888087396356,0.1185831562821098,-1.0000000000018547,1.0180572905015024,2.018057290503357,2.018057290503357,1.8547385849387865e-12,1.8547385849387865e-12,True
5.596408669334104,0.3391686210023968,0.03184175410969713,0.07292325796857187,-0.09981305867867873,21,0.14042742266863795,1.282220655057012,0.1095189210334426,-0.9999999999999607,1.0141832678994156,2.0141832678993765,2.0141832678993765,3.930189507173054e-14,3.930189507173054e-14,True
4.426016227775629,0.32589829301077095,0.00021719977196219334,0.010751849251685036,-0.13019751768064408,21,0.6556237207891245,1.5971535663980898,0.41049510490571733,-1.0000000000000087,1.0078745145093864,2.0078745145093952,2.0078745145093952,8.659739592076221e-15,8.659739592076221e-15,True
5.2726500782429175,0.36618732735179943,0.004215218911722827,0.09382479081714686,-0.06787632575367179,21,0.10385927973189601,1.3831455986335728,0.07508918788773931,-0.999999999999859,1.0146779143303775,2.0146779143302362,2.0146779143302362,1.4099832412739488e-13,1.4099832412739488e-13,True
5.309481453852479,0.42148305481214854,-0.008621874458771417,0.055913772534134806,-0.08515153179748176,21,0.09022823332089258,1.415277737368333,0.06375302241994515,-1.0000000000000255,1.007723900429646,2.0077239004296716,2.0077239004296716,2.55351295663786e-14,2.55351295663786e-14,True
5.771554772187079,0.3904775986427894,0.0241603790436681,0.09942410124502034,-0.10758536631120479,21,0.21162966011641648,1.2746903645260133,0.16602436639199813,-0.9999999999992523,1.027786018740791,2.027786018740043,2.027786018740043,7.477352070850429e-13,7.477352070850429e-13,True
5.612454416293309,0.43327258170905686,0.017757285515021624,0.09159516155649808,0.014544997670260795,21,0.334651661822736,1.2561986283216209,0.26640027641954733,-1.0000000000037648,1.0314592483242286,2.0314592483279936,2.0314592483279936,3.764766276503906e-12,3.764766276503906e-12,True
5.402055477799847,0.2943101498742912,0.008184566179818789,0.11346918733064204,-0.09817973708572836,21,0.16499788119586256,1.1562384234136773,0.1427022989849472,-0.9999999998883186,1.0305491024273319,2.0305491023156503,2.0305491023156503,1.1168144187223561e-10,1.1168144187223561e-10,True
5.150706406428494,0.2980093214916953,0.01901937858651378,0.13524303251985798,0.01095766077550503,21,0.19307395817410766,1.0485957349705721,0.1841262096870212,-0.9999999959828451,1.0567935278493543,2.0567935238321993,2.0567935238321993,4.01715494202648e-09,4.01715494202648e-09,True
5.244261517278615,0.3387101829300111,0.017784759476799687,0.07337566557669435,-0.13512857425210412,21,0.17177653827552475,1.3932253119861442,0.12329415550930867,-0.9999999999999938,1.0074726336102449,2.007472633610239,2.007472633610239,6.217248937900877e-15,6.217248937900877e-15,True
5.451309914982563,0.3735736550758306,0.021836153678016147,0.08218229754627282,-0.12048561072762234,21,0.09806817663104916,1.3393870007056492,0.07321870122629415,-0.9999999999998526,1.0149726676648172,2.0149726676646695,2.0149726676646695,1.474376176702208e-13,1.474376176702208e-13,True
5.391405510670222,0.3469471667656975,0.015597368753944874,0.0648510890620086,-0.08363445519133401,21,0.16384048847145594,1.3448003242501638,0.12183257656694158,-1.0000000000000089,1.0083921813556636,2.0083921813556724,2.0083921813556724,8.881784197001252e-15,8.881784197001252e-15,True
5.378373567085285,0.3355611056267354,-0.02632901982903768,0.037883528479395266,-0.08472015187268986,21,0.3231245851625313,1.4434584874809218,0.22385443569384397,-1.0000000000000004,1.001627696437751,2.0016276964377515,2.0016276964377515,4.440892098500626e-16,4.440892098500626e-16,True
5.229238547467784,0.36867445247216907,0.004286785850783724,0.07142508408083713,-0.10697226449499629,21,0.11799432151139322,1.4118330254400913,0.08357526661101618,-0.9999999999999926,1.0068232280939124,2.006823228093905,2.006823228093905,7.438494264988549e-15,7.438494264988549e-15,True
5.377816680550406,0.3563577041593874,0.0774318595027225,0.13213945272493482,-0.09286487955177737,21,0.30271695694665435,1.169547675873242,0.2588325069524258,-0.9999999997717022,1.0689071201472269,2.0689071199189293,2.0689071199189293,2.2829782508893004e-10,2.2829782508893004e-10,True
5.398744639070276,0.363840581086802,0.007063368478478156,0.10949608475420788,-0.09030334513009439,21,0.15783022537544222,1.303984129618803,0.12103692199197327,-0.9999999999886342,1.0236754197381686,2.0236754197268025,2.0236754197268025,1.1365797192297578e-11,1.1365797192297578e-11,True
5.182999499759359,0.5354557440462242,-0.0010984478156863108,0.009561282588901893,-0.0820501400529783,21,0.32635256144087,1.419107148644099,0.2299703456167401,-1.0000000019337825,1.0322402826419248,2.0322402845757073,2.0322402845757073,1.933782467489209e-09,1.933782467489209e-09,True
5.220059947674242,0.282012121782887,0.01278528882330493,0.09709156548341542,-0.06873661555998083,21,0.23597125103947847,1.2441093543739192,0.18967082773702615,-0.9999999999953382,1.0194074869184762,2.0194074869138143,2.0194074869138143,4.661826480401032e-12,4.661826480401032e-12,True
5.3662905488166865,0.3340840617161064,-0.006630527036614884,0.09582266664213358,-0.17087807345768077,21,0.1576277050817798,1.3562279067800067,0.11622508598574985,-0.9999999999991653,1.0128349367289518,2.012834936728117,2.012834936728117,8.346656699131927e-13,8.346656699131927e-13,True
5.571772539542599,0.30527034566630273,0.05443262239043258,0.03516495526243032,-0.10465656231214494,21,0.3706036989593484,1.238656162099873,0.29919820390758817,-0.9999999999916224,1.016141899438396,2.016141899430018,2.016141899430018,8.377631921518969e-12,8.377631921518969e-12,True
5.9827273091166315,0.34808869580603274,-0.06344012748424696,0.07590798313209078,-0.10048308111037954,21,0.18382867886464238,1.377303090076547,0.13347002572572872,-0.9999999999999662,1.0080249950755644,2.0080249950755307,2.0080249950755307,3.375077994860476e-14,3.375077994860476e-14,True
4.8052236867233615,0.3079939909116147,0.02143716266078136,0.09754976805051016,-0.10244449257634367,21,0.23253409866356245,1.3733460913466358,0.16931937268307287,-0.9999999999992604,1.0153451650129264,2.015345165012187,2.015345165012187,7.396305790052793e-13,7.396305790052793e-13,True
5.450584568620198,0.3569838167402098,-0.04856386055497625,0.16711235663836985,-0.09710434878003033,21,0.46041045993203933,0.9675248070287998,0.475864243053289,-0.9999999580754918,1.0969406017796688,2.0969405598551605,2.0969405598551605,4.192450819839877e-08,4.192450819839877e-08,True
5.460547722828148,0.4172627252999965,-0.020829473402236287,0.08189357100240141,-0.13133099039498466,21,0.11090332924769108,1.4411822838994246,0.07695302009098987,-1.0000000000000056,1.0081037766713747,2.0081037766713803,2.0081037766713803,5.551115123125783e-15,5.551115123125783e-15,True
5.362659547550175,0.32458433364540334,0.08971549096645409,0.10013210533032407,-0.08685006149914817,21,0.2566120388020767,1.1859817077285721,0.2163709921745318,-0.9999999999917552,1.0484956289461653,2.0484956289379204,2.0484956289379204,8.2448492477738e-12,8.2448492477738e-12,True
5.2411890595511545,0.32827208836690014,0.08867632187551236,0.1113255679374846,-0.09539403716613239,21,0.24943214026240867,1.2120250975672706,0.20579783435430432,-0.9999999999914607,1.0528859026349646,2.0528859026264255,2.0528859026264255,8.539280393904392e-12,8.539280393904392e-12,True
5.168592213874962,0.37601804556585494,0.012376003583314569,0.10587567038583377,-0.11124312215746547,21,0.13216074997607485,1.3909402670810638,0.09501540296436939,-0.9999999999983945,1.0200443619043331,2.0200443619027277,2.0200443619027277,1.6054935159104389e-12,1.6054935159104389e-12,True
5.441259867441254,0.36337756462119675,-0.06917403159135715,0.07910035748368702,0.0038077684921636046,21,0.1735571668049969,1.4358257567955213,0.12087620380368584,-0.9999999999999556,1.008724335948468,2.0087243359484237,2.0087243359484237,4.440892098500626e-14,4.440892098500626e-14,True
4.906969683904313,0.26825894870673733,0.018696698238688105,0.10709547323505174,-0.08778954268129628,21,0.301451239944027,1.225154534473573,0.24605160529692297,-0.9999999999834167,1.0255457842727809,2.0255457842561975,2.0255457842561975,1.65832902965235e-11,1.65832902965235e-11,True
5.122536623423645,0.2929119934752938,-0.0007971633537237968,0.013455798105757765,-0.05638119286316984,21,0.5653116900523776,1.4153955016420425,0.3994019264555685,-1.000000000000027,1.0095599495695131,2.00955994956954,2.00955994956954,2.708944180085382e-14,2.708944180085382e-14,True
5.483011636821989,0.3759674880456492,0.008594815545708071,0.07608990075711715,-0.04845660057213194,21,0.10430074379892273,1.3272475563141088,0.07858424248191927,-0.9999999999999047,1.01268776478149,2.0126877647813948,2.0126877647813948,9.525713551283843e-14,9.525713551283843e-14,True
5.422806696979337,0.251342578040734,0.007259017429201149,0.08447607335445362,-0.1036401250982317,21,0.36122282443805087,1.2355340903425551,0.2923616816901433,-0.9999999999995337,1.0153924240429217,2.0153924240424557,2.0153924240424557,4.662936703425657e-13,4.662936703425657e-13,True
5.330223944756109,0.30732679159742254,0.010123257949377348,0.1094240722805066,-0.12223816136254224,21,0.1452563988551736,1.2221610434711276,0.11885209370004367,-0.9999999999682647,1.0244680513682203,2.024468051336485,2.024468051336485,3.173528106970025e-11,3.173528106970025e-11,True
5.1523910824635815,0.5123134371033058,-0.01886541556667857,0.13011667038002478,-0.10968688780398785,21,0.5396381803465007,1.4817792421362292,0.3641825752455023,-0.9999999999949194,1.0325359175608961,2.0325359175558155,2.0325359175558155,5.080602605289641e-12,5.080602605289641e-12,True
5.130057394879082,0.35540499986896035,-0.017276307795938084,0.08468514246307528,-0.09713384336683502,21,0.15486019374692117,1.4713703252317447,0.10524895812516151,-0.9999999999999792,1.0072867723059524,2.0072867723059318,2.0072867723059318,2.0761170560490427e-14,2.0761170560490427e-14,True
5.175662931242848,0.34815706453012873,0.04363378046205246,0.0902660208371785,-0.11149461284797355,21,0.12878670662807745,1.333205981480476,0.09659925654178701,-0.9999999999997398,1.0206447732951127,2.0206447732948525,2.0206447732948525,2.602362769721367e-13,2.602362769721367e-13,True
5.49058108414783,0.2453457523398776,-0.00480001770801179,0.0216401429715104,-0.09321487555084847,21,0.5779275298920524,1.3788852158262148,0.4191266417674685,-0.9999999999999987,1.0087118647015834,2.0087118647015823,2.0087118647015823,1.3322676295501878e-15,1.3322676295501878e-15,True
5.476191840554159,0.38309897059049963,0.02308803891705446,0.10066605884915295,-0.08707166024056011,21,0.18024687188358612,1.3152923094967333,0.13703940225466194,-0.999999999999763,1.024862177776716,2.024862177776479,2.024862177776479,2.370326157574709e-13,2.370326157574709e-13,True
5.409403228929347,0.3404694539425386,0.010467865075522872,0.09235891099071138,-0.0754701474814981,21,0.08809245795049492,1.3491150022928196,0.06529647791387827,-0.99999999999967,1.0152207618287665,2.0152207618284366,2.0152207618284366,3.299582829185965e-13,3.299582829185965e-13,True
5.516199158521775,0.30973710341545047,0.03206719155772082,0.08019244946480436,-0.12509636839873067,21,0.16920613531360407,1.3075965896809918,0.12940239875884388,-0.9999999999999998,1.0126494404667001,2.0126494404667,2.0126494404667,2.220446049250313e-16,2.220446049250313e-16,True
5.394203943984183,0.347865358363495,0.007288628650880389,0.09302378890033046,-0.07506486663981557,21,0.0923332066443574,1.358710665862557,0.06795648916595577,-0.9999999999996845,1.014988950100681,2.0149889501003653,2.0149889501003653,3.155253835984695e-13,3.155253835984695e-13,True
5.385230859285573,0.4023849619429327,0.04014825074717071,0.10931385798351438,-0.08818355406582248,21,0.26108654296930944,1.2928637430799557,0.20194436139676233,-0.9999999999968052,1.036891307246597,2.036891307243402,2.036891307243402,3.1947777756613505e-12,3.1947777756613505e-12,True
5.483455219786484,0.39440214554942044,0.00507791272400087,0.07877485072922381,-0.15391838383647938,21,0.07234563376800973,1.389559884277758,0.05206370346939911,-0.9999999999999623,1.0106003496524723,2.0106003496524343,2.0106003496524343,3.774758283725532e-14,3.774758283725532e-14,True
5.468404905348489,0.31769814192189105,-0.056462574257999935,0.15173014691911021,-0.12782291363665546,21,0.39585931599001145,0.9873271728548066,0.40094036391746846,-1.0000000000238412,1.0886177850744467,2.088617785098288,2.088617785098288,2.3841151275405537e-11,2.3841151275405537e-11,True
6.0460943599567525,0.4056673224292455,0.013154850575221031,0.09069644434263364,-0.06461700645673363,21,0.25497577352952394,1.2364446258573132,0.20621689657369935,-0.9999999999982919,1.0262590359385724,2.026259035936864,2.026259035936864,1.7080781233858033e-12,1.7080781233858033e-12,True
4.853799082226299,0.4020079465504547,0.04314601956584746,0.061952322258239,-0.06556832395160446,21,0.21332456855340953,1.367702022875465,0.1559729860638172,-0.9999999999934996,1.022049270405229,2.0220492703987287,2.0220492703987287,6.5003558091802915e-12,6.5003558091802915e-12,True
5.476222350417437,0.3546272579366014,-0.03258414114479676,0.068561476227339,-0.07240976141594072,21,0.16422683008303052,1.4337930325748514,0.11454012284332749,-1.0000000000000013,1.0034142242847834,2.0034142242847848,2.0034142242847848,1.3322676295501878e-15,1.3322676295501878e-15,True
5.292342808827354,0.35775416747884087,0.02709963065254989,0.09958858446948769,-0.03813417155338289,21,0.15434435685262882,1.3125145165512204,0.1175943998380955,-0.9999999999996063,1.0244087074068522,2.0244087074064585,2.0244087074064585,3.936850845320805e-13,3.936850845320805e-13,True
5.498895280450606,0.2429697454494353,-0.009988594315916222,0.09225303001556763,0.019224167654962404,21,0.3269544980314003,1.126816675750115,0.2901576672298967,-0.9999999999927023,1.0286721180384013,2.0286721180311034,2.0286721180311034,7.297717985466079e-12,7.297717985466079e-12,True
6.148543625609578,0.34320138914281784,0.050967344846628265,0.07928150204673454,-0.07591104646536291,21,0.21584400917170354,1.1469011769623774,0.1881975653241343,-1.000000000004124,1.0299085289425973,2.0299085289467214,2.0299085289467214,4.1240344472726065e-12,4.1240344472726065e-12,True
5.741098413650727,0.2927951441966501,0.009897484020682024,0.10235513838296864,-0.0878386236286979,21,0.12851045935568783,1.158688454955715,0.1109102786051316,-0.9999999999664907,1.0244072472401322,2.024407247206623,2.024407247206623,3.350930644074879e-11,3.350930644074879e-11,True
5.334504936450704,0.4051934521151058,-0.009176740751633583,0.0862534678650001,-0.08106246661441832,21,0.11456670343622744,1.4098839013319409,0.08125967203965827,-1.0000000000000162,1.0110392312553562,2.0110392312553724,2.0110392312553724,1.6209256159527285e-14,1.6209256159527285e-14,True
5.352775274511309,0.3260885496279637,-0.00470160579371927,0.08392126520394327,-0.0968601390339306,21,0.17476972652824618,1.3851486890427878,0.12617398255563558,-0.9999999999999386,1.0090374673840885,2.009037467384027,2.009037467384027,6.139533326177116e-14,6.139533326177116e-14,True
5.448218641832331,0.46580530972830975,0.0360286575476295,0.06533175699302254,-0.0789008385523758,21,0.3592971377377381,1.286945602100757,0.27918595560778653,-0.9999999997779303,1.0344752128913475,2.0344752126692778,2.0344752126692778,2.2206969596538784e-10,2.2206969596538784e-10,True
4.930449561690129,0.399620029111608,0.0006648601565259656,0.0935581499619534,-0.11083159597780685,21,0.08732469508351026,1.479029166968768,0.05904190196768057,-0.9999999999999992,1.0115277921189247,2.011527792118924,2.011527792118924,7.771561172376096e-16,7.771561172376096e-16,True
4.625680116250459,0.35789482848272575,-0.034774898259604885,0.10804792340613749,-0.07050769516015748,21,0.20737121782473156,1.4282417792606668,0.14519335650024034,-0.9999999999982692,1.0174415167336512,2.01744151673192,2.01744151673192,1.730837695390619e-12,1.730837695390619e-12,True
5.456577176660083,0.39476028667134133,0.025860455776612872,0.16356940863026337,-0.06990642017358567,21,0.5324192743911185,1.0466218722942469,0.5087026064380148,-0.9999999647268498,1.0870806239591062,2.0870805886859563,2.0870805886859563,3.527315017848309e-08,3.527315017848309e-08,True
5.2420009823478715,0.32732060401321383,0.03035302532129079,0.1101314101050394,-0.11080093211463402,21,0.11665281925878568,1.2658498344678497,0.09215375795962823,-0.9999999999827901,1.0265738672611775,2.0265738672439677,2.0265738672439677,1.720990017162194e-11,1.720990017162194e-11,True
