delta,t_hh1,t_th2,t_hh3,t_tt1,nk,bandwidth_low,gap_low_mid,flatness_ratio,chern_low,quantum_weight_low,trace_violation,trace_violation_abs,chern_error,chern_mag_error,is_gapped
5.417475728155339,0.35145631067961164,0.013592233009708738,0.08349514563106795,-0.08932038834951456,21,0.09032805414327116,1.3477900545435415,0.06701938023564266,-1.000000000000006,1.0123624305737695,2.0123624305737753,2.0123624305737753,5.995204332975845e-15,5.995204332975845e-15,True
5.0859548066276306,0.44973133281118005,-0.056453859949051645,0.058487000572750455,-0.07280247921389826,21,0.048452049937024455,1.5622377232912652,0.031014517966540617,-1.0000000000000004,1.0010894564445858,2.0010894564445865,2.0010894564445865,4.440892098500626e-16,4.440892098500626e-16,True
4.884032980814637,0.43214514810525007,-0.01651888821169234,0.07173534722915753,-0.16459823112481708,21,0.050677846944884974,1.5623193329481069,0.032437572701129895,-0.9999999999999992,1.004171014071228,2.004171014071227,2.004171014071227,7.771561172376096e-16,7.771561172376096e-16,True
5.768637063473648,0.3835889675150513,-0.022393515743825802,0.06616370961540613,-0.07522855274248769,21,0.04918451314931316,1.3623692484539724,0.0361021897735347,-0.9999999999999977,1.0050066649178129,2.0050066649178104,2.0050066649178104,2.3314683517128287e-15,2.3314683517128287e-15,True
5.436635619290193,0.3800408111938413,-0.01682123507739846,0.07534038329226052,-0.10474701606894164,21,0.05575596040361375,1.4218995438619175,0.03921230627318373,-1.0000000000000004,1.0056071559483772,2.0056071559483777,2.0056071559483777,4.440892098500626e-16,4.440892098500626e-16,True
5.219581253251631,0.40259905597955814,-0.006138633039565791,0.0709078710600623,-0.11739400410605771,21,0.06002721780890541,1.4436355962397704,0.04158058859538928,-0.9999999999999909,1.0065080586490078,2.0065080586489987,2.0065080586489987,9.103828801926284e-15,9.103828801926284e-15,True
5.365797912460304,0.40291068226670856,-0.010440067552464261,0.07520429941967366,-0.11175064044784008,21,0.06302511718956638,1.423699003989732,0.044268568716383634,-0.9999999999999908,1.0073239864225974,2.007323986422588,2.007323986422588,9.2148511043888e-15,9.2148511043888e-15,True
5.293285197065517,0.3964169800600942,-0.017108048236434407,0.06376636142229693,-0.053751932798096196,21,0.07652874532472498,1.4208400099925786,0.05386162044037928,-0.9999999999999993,1.0050913280603162,2.0050913280603155,2.0050913280603155,6.661338147750939e-16,6.661338147750939e-16,True
5.650337945184215,0.3581900302487396,-0.010487221716148095,0.07530536690986422,-0.08425523633426525,21,0.06290504399355723,1.3599336724914992,0.04625596473268474,-1.0000000000000033,1.0069938067996402,2.0069938067996436,2.0069938067996436,3.3306690738754696e-15,3.3306690738754696e-15,True
5.494750193252277,0.3667951601074415,-0.015981143486350942,0.07918351529666488,-0.08020442260454899,21,0.0670766506002558,1.3967913587820406,0.04802195415838239,-0.9999999999999976,1.0070837446828602,2.0070837446828578,2.0070837446828578,2.4424906541753444e-15,2.4424906541753444e-15,True
5.27639396098754,0.3761145300174535,-0.00442659672607818,0.07745499086345417,-0.12446156203763667,21,0.07474665772621614,1.4330455400315318,0.052159303831036286,-1.000000000000002,1.0066361320771806,2.0066361320771824,2.0066361320771824,1.9984014443252818e-15,1.9984014443252818e-15,True
5.35665278896105,0.3703849247635117,-0.008642907089211787,0.08349548363296484,-0.09045457955618448,21,0.06436826879759527,1.409732709816095,0.04565991010167619,-0.9999999999999971,1.0086195069210877,2.008619506921085,2.008619506921085,2.886579864025407e-15,2.886579864025407e-15,True
5.644421719544075,0.3596771196578047,-0.013568400986340068,0.07954213319157906,-0.070255692689738,21,0.06485309948012064,1.3607992955686017,0.04765809307170619,-0.9999999999999974,1.008163231612385,2.0081632316123823,2.0081632316123823,2.55351295663786e-15,2.55351295663786e-15,True
5.37977906222117,0.3798850970208506,-0.010535236218732667,0.08468726338183764,-0.10989430261555885,21,0.06670209468851285,1.4203924514310542,0.046960327493510735,-0.9999999999999967,1.0086818182002038,2.0086818182002,2.0086818182002,3.3306690738754696e-15,3.3306690738754696e-15,True
5.412002773294436,0.3982532784442517,0.008011585009878027,0.06986503194358082,-0.16566563757682828,21,0.06385710667245181,1.401990532805639,0.04554745925756152,-1.0000000000000377,1.0092022770598579,2.0092022770598956,2.0092022770598956,3.774758283725532e-14,3.774758283725532e-14,True
5.318479811445719,0.36554911596667927,-0.00019801856602174456,0.08420124170698957,-0.10781135774271643,21,0.06517044550452389,1.4064731822227134,0.046336074038420036,-1.0000000000000018,1.0093716708861802,2.009371670886182,2.009371670886182,1.7763568394002505e-15,1.7763568394002505e-15,True
5.43336109051215,0.3761070036150274,-4.8139230960501586e-05,0.0792297171493888,-0.10468623379072181,21,0.06641315301879147,1.3840375310874142,0.04798508098737164,-0.9999999999999991,1.0091533079749353,2.0091533079749344,2.0091533079749344,8.881784197001252e-16,8.881784197001252e-16,True
5.742239102215171,0.3729018662515192,-0.0011113010106837632,0.06456698338535014,-0.10749896555489108,21,0.07556903078611032,1.3353008251850542,0.05659326300171911,-1.0000000000000018,1.007267190607161,2.0072671906071626,2.0072671906071626,1.7763568394002505e-15,1.7763568394002505e-15,True
5.323490743547514,0.37609939848708895,-0.018307548416277804,0.08373920679794208,-0.09348625883022658,21,0.0827208538460229,1.4396196142065816,0.05746021589988748,-0.9999999999999912,1.0074284521499188,2.00742845214991,2.00742845214991,8.770761894538737e-15,8.770761894538737e-15,True
5.631796759954862,0.3666222814925864,-0.01027227068437256,0.08329399262659196,-0.10480307452566208,21,0.06996876663389484,1.3729936082367837,0.05096073733638836,-0.9999999999999923,1.0092388893204958,2.009238889320488,2.009238889320488,7.66053886991358e-15,7.66053886991358e-15,True
6.11132427389451,0.33614865734258986,-0.009388471504189344,0.06608848276415477,-0.10815949872991933,21,0.08814478747136834,1.294856207791602,0.0680730315389233,-1.0000000000000002,1.0052104420758925,2.0052104420758927,2.0052104420758927,2.220446049250313e-16,2.220446049250313e-16,True
5.097199103299971,0.44765968978672455,-0.042252202991752794,0.07722867527340818,-0.08057947900934868,21,0.10902041255805117,1.530865562153036,0.07121488343151633,-0.9999999999999999,1.004497384264662,2.004497384264662,2.004497384264662,1.1102230246251565e-16,1.1102230246251565e-16,True
5.386062306153357,0.38826479909682143,-0.012649502459710991,0.0838917089620671,-0.09845386074572558,21,0.07607665886078574,1.4179739496025072,0.05365166185324624,-1.000000000000004,1.0086987820596134,2.0086987820596174,2.0086987820596174,3.9968028886505635e-15,3.9968028886505635e-15,True
5.5101530621436385,0.3799104832853751,-0.04538667947839777,0.07318219048772841,-0.08920492275041154,21,0.10960196573390624,1.4660957410237843,0.07475771374751451,-1.0000000000000013,1.0036988909100166,2.0036988909100177,2.0036988909100177,1.3322676295501878e-15,1.3322676295501878e-15,True
6.275065883121627,0.3328288319367365,0.00018855317777003062,0.07516947256480168,-0.12005176264131409,21,0.062134541585846303,1.2548063514522112,0.04951723547935251,-1.0000000000000104,1.0096969208032687,2.009696920803279,2.009696920803279,1.0436096431476471e-14,1.0436096431476471e-14,True
5.479183417369177,0.3743040287044598,0.0025857874548234107,0.0741548502492315,-0.08950043782797898,21,0.07243188507245435,1.3621919346148335,0.0531730391524707,-0.9999999999999722,1.0090896585355276,2.0090896585355,2.0090896585355,2.7755575615628914e-14,2.7755575615628914e-14,True
5.086887303607156,0.38962334476403293,0.0031851312668672582,0.07889638189352803,-0.09342926629633505,21,0.07657104413083649,1.4331841381891783,0.053427219915776945,-0.9999999999999843,1.0090414766922828,2.0090414766922673,2.0090414766922673,1.5654144647214707e-14,1.5654144647214707e-14,True
5.331083638650883,0.4036868121010806,-0.004470796359288751,0.05745621699935352,-0.1149909600935915,21,0.0926966509823759,1.417952080579183,0.06537361329200392,-1.0000000000000413,1.006322073466628,2.006322073466669,2.006322073466669,4.1300296516055823e-14,4.1300296516055823e-14,True
5.289360823416088,0.40445963098364096,-0.006703342520544891,0.07896451253334796,-0.09838074003248257,21,0.07946934063449773,1.4216429797450347,0.05589964693438728,-0.9999999999999865,1.0088835738112794,2.008883573811266,2.008883573811266,1.354472090042691e-14,1.354472090042691e-14,True
5.652292282181016,0.3476968972050198,-0.005053646772224517,0.07452803709538595,-0.07808529369501556,21,0.0857523375010234,1.344372368705312,0.06378614995159902,-1.0000000000000056,1.0074056798024829,2.0074056798024884,2.0074056798024884,5.551115123125783e-15,5.551115123125783e-15,True
5.647721016763937,0.35024545143941854,0.0012526357123500628,0.07723172082621738,-0.09324556717266866,21,0.07776509188049774,1.3386040912224655,0.05809416868693388,-1.000000000000006,1.008899788234755,2.008899788234761,2.008899788234761,5.995204332975845e-15,5.995204332975845e-15,True
5.309481453852479,0.42148305481214854,-0.008621874458771417,0.055913772534134806,-0.08515153179748176,21,0.09022823332089258,1.415277737368333,0.06375302241994515,-1.0000000000000255,1.007723900429646,2.0077239004296716,2.0077239004296716,2.55351295663786e-14,2.55351295663786e-14,True
5.435665158265474,0.3721886157041272,-0.004965414419653522,0.06747264781458343,-0.0699898712971336,21,0.09505274236200334,1.3767102031079403,0.06904339210054564,-0.9999999999999909,1.0064978383122223,2.006497838312213,2.006497838312213,9.103828801926284e-15,9.103828801926284e-15,True
5.483455219786484,0.39440214554942044,0.00507791272400087,0.07877485072922381,-0.15391838383647938,21,0.07234563376800973,1.389559884277758,0.05206370346939911,-0.9999999999999623,1.0106003496524723,2.0106003496524343,2.0106003496524343,3.774758283725532e-14,3.774758283725532e-14,True
4.650796011666049,0.4084705678181662,0.0068306718978639325,0.08524759440094888,-0.09332702937332941,21,0.08290775642838955,1.509653241722769,0.05491841049125812,-0.999999999999985,1.0099452587915991,2.0099452587915843,2.0099452587915843,1.4988010832439613e-14,1.4988010832439613e-14,True
5.282467812424359,0.36713967150424226,-0.015226745062024616,0.08229416655889368,-0.10756048350303182,21,0.09940486233883883,1.4477063765282452,0.06866369033838363,-0.9999999999999927,1.0067822929310202,2.006782292931013,2.006782292931013,7.327471962526033e-15,7.327471962526033e-15,True
5.981369207621544,0.37571413958524325,-0.042301676101434246,0.07565626446983581,-0.11503799102856539,21,0.10570237745512556,1.391311576169002,0.07597318908693242,-1.0000000000000009,1.0053691610890276,2.0053691610890283,2.0053691610890283,8.881784197001252e-16,8.881784197001252e-16,True
4.5227531287416145,0.40394705551639876,0.007012883558168168,0.09066280220829549,-0.10103718835097301,21,0.08722908025381826,1.5405976122959006,0.05662028784000496,-1.000000000000003,1.0099723087282952,2.0099723087282984,2.0099723087282984,3.1086244689504383e-15,3.1086244689504383e-15,True
5.485112255198382,0.360208814344419,-0.00018958427041333714,0.07410733909441182,-0.06918538198982235,21,0.08938235177044684,1.3570400671050558,0.06586566891950676,-0.9999999999999966,1.0082654099277104,2.008265409927707,2.008265409927707,3.4416913763379853e-15,3.4416913763379853e-15,True
5.507954005529005,0.36638612880836086,0.00023652776235236553,0.07045983236731095,-0.06997669137469428,21,0.09076686896666564,1.3526136287554855,0.06710480142816433,-0.9999999999999801,1.0080289696611155,2.008028969661096,2.008028969661096,1.9872992140790302e-14,1.9872992140790302e-14,True
5.360292067425101,0.3601536056928725,-0.010570675930575375,0.07891527178731557,-0.11303753651827433,21,0.10848851226995793,1.4256951447105217,0.07609516850251027,-0.9999999999999973,1.0063321050614182,2.0063321050614156,2.0063321050614156,2.6645352591003757e-15,2.6645352591003757e-15,True
5.500387952998977,0.3924475857074132,-0.004319579521130696,0.061073683460745834,-0.048794340100109676,21,0.09107643636849594,1.353414703761714,0.06729381328232645,-1.0000000000001132,1.0084670252096144,2.0084670252097276,2.0084670252097276,1.1324274851176597e-13,1.1324274851176597e-13,True
5.155884843215093,0.3805704748103218,0.0023755042012319465,0.0725687541921067,-0.09179219690053497,21,0.10206142040628485,1.4213688372487272,0.07180502184347876,-0.9999999999999875,1.0074847926276675,2.007484792627655,2.007484792627655,1.2545520178264269e-14,1.2545520178264269e-14,True
4.885613581072723,0.4295095296483057,0.004506011899581231,0.07439993716189844,-0.11369342625159197,21,0.0913702060752517,1.480368457276951,0.061721259748618064,-1.0000000000000548,1.0099011347441382,2.009901134744193,2.009901134744193,5.484501741648273e-14,5.484501741648273e-14,True
5.884123269775717,0.3739330498647451,-0.0032222883395049817,0.0540041815850896,-0.07846270629059636,21,0.0946852074366169,1.3029980298288157,0.0726671915605708,-1.0000000000000957,1.0073703203699496,2.007370320370045,2.007370320370045,9.57012247226885e-14,9.57012247226885e-14,True
5.653499379800546,0.35503398625985166,0.007393047229093149,0.07889349531341985,-0.08495111178515422,21,0.07557898770376381,1.3198512514937568,0.05726326176394986,-0.9999999999999921,1.0111979222844483,2.0111979222844405,2.0111979222844405,7.882583474838611e-15,7.882583474838611e-15,True
5.353872461789472,0.35765489821612945,0.004716621975428027,0.09191610997436521,-0.1368936554976275,21,0.07454620917598809,1.4044959131540085,0.05307684307075218,-0.9999999999998834,1.0122301603882706,2.012230160388154,2.012230160388154,1.1657341758564144e-13,1.1657341758564144e-13,True
5.8000088317846785,0.35237912176703234,-0.029326306052354013,0.0651420598399414,-0.08989966948765367,21,0.1273624214341904,1.3799259662551115,0.09229656122772349,-0.999999999999999,1.0029871573713731,2.002987157371372,2.002987157371372,9.992007221626409e-16,9.992007221626409e-16,True
6.103097312267456,0.33684115858980423,0.004500081568451409,0.07047874207662402,-0.06821532228131262,21,0.08000573301859437,1.2480487830460618,0.06410465208205054,-0.9999999999999719,1.0097970680203268,2.0097970680202986,2.0097970680202986,2.808864252301646e-14,2.808864252301646e-14,True
5.3555978256489025,0.3695848583273852,-0.011765317295770511,0.08976509624427156,-0.06899744825281387,21,0.0835318336107369,1.4056540576880514,0.05942559846348385,-0.999999999999914,1.010916937596906,2.01091693759682,2.01091693759682,8.604228440844963e-14,8.604228440844963e-14,True
5.368442829915846,0.401286644632211,-0.008110317330199172,0.07834503569071433,-0.07059485714181679,21,0.09164396103719019,1.3958825920754783,0.06565305818516491,-0.9999999999999778,1.009461863668074,2.0094618636680517,2.0094618636680517,2.220446049250313e-14,2.220446049250313e-14,True
5.104355998848023,0.3824539790156393,0.0025236330321587695,0.08789650962124433,-0.08445504581914587,21,0.08306513346037647,1.4264728983876465,0.05823113327583415,-1.00000000000001,1.0112260507551933,2.0112260507552033,2.0112260507552033,9.992007221626409e-15,9.992007221626409e-15,True
5.395301357170917,0.35629377432487136,-0.0002633433402971612,0.07414688712860272,-0.09785937683845328,21,0.10639714638622388,1.3876197913029424,0.0766760081205814,-1.0000000000000016,1.0068705481655573,2.006870548165559,2.006870548165559,1.5543122344752192e-15,1.5543122344752192e-15,True
5.542729904755078,0.35944321668136825,0.008290771677024869,0.08358073289415557,-0.10898972475745154,21,0.0762711701323806,1.3484341749942819,0.05656276854055856,-1.0000000000000118,1.0117584909272248,2.0117584909272366,2.0117584909272366,1.176836406102666e-14,1.176836406102666e-14,True
6.398559824926248,0.3397278788985607,-0.0028957319473041417,0.07510967765832673,-0.10719383281064598,21,0.07687517192186055,1.237562173862055,0.062118230134617425,-1.0000000000000182,1.0104472090427272,2.0104472090427454,2.0104472090427454,1.8207657603852567e-14,1.8207657603852567e-14,True
5.587273158862388,0.39493642818970826,0.004168132221408135,0.07294830770314997,-0.12893214448623624,21,0.08418037293361902,1.3603638039916208,0.0618807797492218,-0.9999999999999841,1.0105382268336347,2.010538226833619,2.010538226833619,1.587618925213974e-14,1.587618925213974e-14,True
5.7858430039477895,0.32889470001595555,-0.0013142328968143626,0.08056891022243727,-0.0706651803404901,21,0.08293207257871149,1.310711638113807,0.06327255375412377,-0.999999999999966,1.0102309973371502,2.010230997337116,2.010230997337116,3.397282455352979e-14,3.397282455352979e-14,True
5.383555679222493,0.40268643438528656,0.006817155687475773,0.05908162724821668,-0.12762812117786612,21,0.09413594014886217,1.3893157226804014,0.06775705378705862,-1.0000000000001077,1.0091727228734717,2.009172722873579,2.009172722873579,1.0769163338864018e-13,1.0769163338864018e-13,True
5.554176821625639,0.352489774699832,-0.008124655454683589,0.0877740807577722,-0.09315996041968258,21,0.08479679171414656,1.3754367024366876,0.061650813566282464,-0.9999999999998863,1.0108320527315182,2.0108320527314048,2.0108320527314048,1.1368683772161603e-13,1.1368683772161603e-13,True
5.5230441331582405,0.3725511782987376,-0.0011222947759958746,0.07904894630029459,-0.05992676203272501,21,0.08530227910780064,1.3480483842435569,0.06327835121116006,-0.9999999999999928,1.0104943459368398,2.0104943459368325,2.0104943459368325,7.216449660063518e-15,7.216449660063518e-15,True
5.763894472373103,0.3496705031666456,-0.015959899485368363,0.08439681212977616,-0.07660937381869969,21,0.08879822133628323,1.3495240329802238,0.0657996591140252,-0.9999999999999114,1.0099128785576108,2.009912878557522,2.009912878557522,8.859579736508749e-14,8.859579736508749e-14,True
4.930449561690129,0.399620029111608,0.0006648601565259656,0.0935581499619534,-0.11083159597780685,21,0.08732469508351026,1.479029166968768,0.05904190196768057,-0.9999999999999992,1.0115277921189247,2.011527792118924,2.011527792118924,7.771561172376096e-16,7.771561172376096e-16,True
5.56939108918548,0.35105908217986076,-0.0062010018056621995,0.06691923813957307,-0.08583615616867273,21,0.11743644499741102,1.364753697775357,0.08604955252280361,-0.9999999999999989,1.0051632031930742,2.005163203193073,2.005163203193073,1.1102230246251565e-15,1.1102230246251565e-15,True
5.271062556487325,0.36897126701148786,0.015405627901339196,0.08511663832392927,-0.11623011631770488,21,0.07681405431310728,1.3835858966890344,0.05551809576617237,-0.9999999999999881,1.012524164818017,2.012524164818005,2.012524164818005,1.1879386363489175e-14,1.1879386363489175e-14,True
5.893572978068044,0.34287629608596804,-0.022836426029747607,0.08083504408566845,-0.0704260730713518,21,0.09690531335788344,1.3407024052191057,0.0722795103377521,-0.9999999999999435,1.0085834203743766,2.00858342037432,2.00858342037432,5.651035195342047e-14,5.651035195342047e-14,True
5.44316864850739,0.3720559819891935,-0.007010134838675993,0.09161686539675103,-0.11531515871200998,21,0.08343908223344343,1.403861781498176,0.059435396940857484,-0.9999999999998888,1.0117408065966884,2.011740806596577,2.011740806596577,1.1124434706744069e-13,1.1124434706744069e-13,True
5.611157886678478,0.3561838293869634,0.008190111825835854,0.07493911942768611,-0.08147399714349153,21,0.08728152467749273,1.323332094911784,0.06595587382267117,-0.9999999999999681,1.0102558763022584,2.0102558763022267,2.0102558763022267,3.186340080674199e-14,3.186340080674199e-14,True
5.328467743579332,0.394648205691056,0.0005117442286782722,0.08179571671877166,-0.09544179674785304,21,0.08925211583247927,1.39640132976388,0.06391580552817941,-0.9999999999999768,1.010816824317364,2.0108168243173408,2.0108168243173408,2.3203661214665772e-14,2.3203661214665772e-14,True
5.536712979286891,0.3410503585449698,-0.0018672018734923988,0.08090448254944119,-0.09550714024700108,21,0.09962472498865904,1.365489248271891,0.07295899628264385,-0.9999999999999891,1.0087564465635306,2.0087564465635195,2.0087564465635195,1.0880185641326534e-14,1.0880185641326534e-14,True
5.27200436601489,0.388132766769739,0.008304909891264388,0.06807343079733269,-0.09819244778996095,21,0.09882320080754914,1.3900526980733587,0.07109313261613757,-1.000000000000057,1.0092198686898404,2.0092198686898977,2.0092198686898977,5.706546346573305e-14,5.706546346573305e-14,True
5.3502051846904815,0.3855639905865297,-0.003688105366681108,0.08581336980357439,-0.08911464887796773,21,0.09018184868497392,1.3987949972309544,0.06447109752572559,-1.0000000000000135,1.0107946192991968,2.0107946192992103,2.0107946192992103,1.354472090042691e-14,1.354472090042691e-14,True
5.848584292943154,0.37915294800399085,0.0073540744954695295,0.06523152982517492,-0.12764408212152706,21,0.08784768638088103,1.3090116125335394,0.06710993664208628,-1.0000000000001497,1.0102123664890117,2.0102123664891614,2.0102123664891614,1.496580637194711e-13,1.496580637194711e-13,True
5.551752714554548,0.37436949500472216,-0.005760230376785332,0.08405254000964853,-0.08061599103914831,21,0.08955432001194485,1.3640966287155352,0.06565100897307492,-1.000000000000011,1.0106922941154397,2.010692294115451,2.010692294115451,1.1102230246251565e-14,1.1102230246251565e-14,True
5.525370457149332,0.35701378514204474,-0.01819863886474448,0.06459583642207506,-0.08811522296896879,21,0.13580642755311323,1.4006352922454712,0.09696059231478525,-1.0000000000000002,1.0032903036797718,2.003290303679772,2.003290303679772,2.220446049250313e-16,2.220446049250313e-16,True
5.460547722828148,0.4172627252999965,-0.020829473402236287,0.08189357100240141,-0.13133099039498466,21,0.11090332924769108,1.4411822838994246,0.07695302009098987,-1.0000000000000056,1.0081037766713747,2.0081037766713803,2.0081037766713803,5.551115123125783e-15,5.551115123125783e-15,True
5.320671725073351,0.3565163209355946,0.008694079736609402,0.08533807544260835,-0.0776156462325881,21,0.08319603807994858,1.3696125028819475,0.060744216269117676,-1.0000000000000084,1.0120007948103822,2.0120007948103904,2.0120007948103904,8.43769498715119e-15,8.43769498715119e-15,True
5.28341085928891,0.35561344851839105,-0.0018889217289230799,0.09236343054835608,-0.10250298936340063,21,0.08644289594851529,1.4059151386449522,0.06148514485150974,-0.9999999999998065,1.0119039201097306,2.0119039201095372,2.0119039201095372,1.9351187319216478e-13,1.9351187319216478e-13,True
5.229238547467784,0.36867445247216907,0.004286785850783724,0.07142508408083713,-0.10697226449499629,21,0.11799432151139322,1.4118330254400913,0.08357526661101618,-0.9999999999999926,1.0068232280939124,2.006823228093905,2.006823228093905,7.438494264988549e-15,7.438494264988549e-15,True
5.320122636561803,0.36770234232757165,0.0035413565535413784,0.08334930950018213,-0.05192632616205764,21,0.08693211511934495,1.3680154839346859,0.06354614851968694,-1.0000000000000109,1.0116940063965478,2.0116940063965587,2.0116940063965587,1.0880185641326534e-14,1.0880185641326534e-14,True
5.499818504992611,0.3749389522416072,-0.023996067044338834,0.08848753811416417,-0.08860108696883379,21,0.10379421724808302,1.4185642583391929,0.0731684988099177,-0.999999999999923,1.0094413867196672,2.0094413867195904,2.0094413867195904,7.704947790898586e-14,7.704947790898586e-14,True
5.487779363005558,0.3461995687976846,0.0046835630614093845,0.07661178172003485,-0.09583586414379497,21,0.10621834974421196,1.3592327397235784,0.0781458146496774,-1.000000000000004,1.0083717429760386,2.008371742976043,2.008371742976043,3.9968028886505635e-15,3.9968028886505635e-15,True
5.524634879472707,0.34745513481882745,-0.00048752187519132163,0.07065403378593538,-0.09476217726358814,21,0.11876347709705137,1.3640560195734184,0.08706642204782199,-1.0000000000000004,1.0062693376758491,2.0062693376758496,2.0062693376758496,4.440892098500626e-16,4.440892098500626e-16,True
5.426646430514935,0.35497457143981426,0.01491414928003915,0.0836846361979753,-0.1113322196803522,21,0.0841370157637289,1.354613158288018,0.06211147090145101,-1.0000000000000022,1.0122341964837054,2.012234196483708,2.012234196483708,2.220446049250313e-15,2.220446049250313e-15,True
5.64078462384368,0.33609763463149545,0.009989011347610101,0.08960023508978146,-0.12161527470378969,21,0.07440939614350661,1.3344326912498161,0.05576107107644038,-0.9999999999997696,1.0137792731879867,2.0137792731877564,2.0137792731877564,2.3037127760972e-13,2.3037127760972e-13,True
5.171339956249776,0.3888491419263528,0.011705370904202683,0.07473891874996753,-0.08102555054581924,21,0.09233566003047722,1.3910572230919684,0.0663780457753121,-0.999999999999988,1.0112831367313646,2.0112831367313526,2.0112831367313526,1.199040866595169e-14,1.199040866595169e-14,True
5.682804136114859,0.36226996903526604,0.012725339058825298,0.07037624048082329,-0.09926694288475547,21,0.09051288154662673,1.3102432120548038,0.06908097726732648,-0.9999999999999766,1.010706392180477,2.0107063921804538,2.0107063921804538,2.3425705819590803e-14,2.3425705819590803e-14,True
5.523414501561979,0.3753285293605265,0.001765067380705046,0.058304187043826255,-0.09945691439475456,21,0.11729481294574495,1.361585240096367,0.08614577295024389,-1.0000000000000515,1.0066819226139267,2.0066819226139785,2.0066819226139785,5.1514348342607263e-14,5.1514348342607263e-14,True
5.335726786058607,0.34586308655213,0.0019856490147392297,0.08667069013633304,-0.10583587667650225,21,0.09968444792758357,1.3972857779929722,0.07134148897641249,-0.9999999999999565,1.0102386106690728,2.0102386106690293,2.0102386106690293,4.3520742565306136e-14,4.3520742565306136e-14,True
5.485603936397617,0.38670623138805377,-0.02054795740017295,0.08771885577620586,-0.0695945215350609,21,0.10248389001468228,1.4032319938648632,0.07303417429388506,-0.9999999999999678,1.009925940413229,2.009925940413197,2.009925940413197,3.219646771412954e-14,3.219646771412954e-14,True
5.334746512381738,0.35851821592291905,0.006202557133789443,0.07390717096851936,-0.10199961374064749,21,0.11436155231751322,1.3857256505967732,0.08252827842817412,-0.9999999999999944,1.0077293772928178,2.0077293772928124,2.0077293772928124,5.551115123125783e-15,5.551115123125783e-15,True
4.545211172805727,0.38369890918883387,-0.004021486255315098,0.09192441959088092,-0.07642196383743019,21,0.12047493316208757,1.5473449195012312,0.07785913253324364,-0.9999999999999865,1.0089434387118958,2.0089434387118823,2.0089434387118823,1.354472090042691e-14,1.354472090042691e-14,True
5.708732935443797,0.33280239762482244,0.003688042777742633,0.08707104369332293,-0.07604035325674875,21,0.07907286141148995,1.3146927400766835,0.06014550700787911,-0.9999999999997936,1.0132234952554582,2.013223495255252,2.013223495255252,2.063904602778166e-13,2.063904602778166e-13,True
4.683125123449934,0.42001526511252896,-0.05453776235307761,0.08648949302048572,-0.08464982936961485,21,0.1546475855222218,1.647127893283915,0.09388923965940345,-0.9999999999999919,1.005236022171184,2.005236022171176,2.005236022171176,8.104628079763643e-15,8.104628079763643e-15,True
5.401813725135466,0.3701164845300943,0.016277695155746976,0.07677126018260706,-0.1050616386237464,21,0.09022347918490148,1.3525596074789052,0.06670573236552062,-0.9999999999999333,1.0118515577786422,2.0118515577785754,2.0118515577785754,6.672440377997191e-14,6.672440377997191e-14,True
6.096334882388614,0.3217055859666872,0.006397943307945411,0.06967671562958772,-0.1623542303884935,21,0.11403864882541126,1.2881855536142353,0.0885265701866128,-1.000000000000003,1.0067148302629467,2.0067148302629496,2.0067148302629496,3.1086244689504383e-15,3.1086244689504383e-15,True
5.448834854109446,0.352670249631034,-0.002677388692863757,0.0679779052847415,-0.12988800702573547,21,0.13874490450083798,1.4006893692481641,0.09905472801247209,-1.0000000000000007,1.004515139565855,2.0045151395658554,2.0045151395658554,6.661338147750939e-16,6.661338147750939e-16,True
5.602278153368066,0.34819107866896726,-0.0047315680401987924,0.0633105444711067,-0.07334125905121548,21,0.13085408018376898,1.3496073066249625,0.09695715156655679,-0.9999999999999954,1.0051206991417942,2.0051206991417896,2.0051206991417896,4.551914400963142e-15,4.551914400963142e-15,True
5.19916383953965,0.3470643348184357,0.00924400666136918,0.0908808049066787,-0.09756590243339143,21,0.09232133460852676,1.4006908331978134,0.06591128635985628,-0.9999999999999042,1.0125124089216997,2.0125124089216038,2.0125124089216038,9.581224702515101e-14,9.581224702515101e-14,True
5.574528604530632,0.3524997890927624,0.0018922373780977768,0.08927277259557234,-0.0925508739728794,21,0.08589737405455011,1.3490857104433545,0.06367080563496694,-0.999999999999879,1.0130449816808078,2.013044981680687,2.013044981680687,1.2101430968414206e-13,1.2101430968414206e-13,True
5.4561643770021035,0.3900914356070708,0.008679698876718567,0.08849455074018366,-0.17449578507163505,21,0.08833557426345928,1.39724390767718,0.0632212985707778,-1.0000000000000067,1.0132237775288708,2.0132237775288777,2.0132237775288777,6.661338147750939e-15,6.661338147750939e-15,True
5.340474049312215,0.3544641687308479,0.013629908796898077,0.0808982662887868,-0.10639092478733686,21,0.1019887684727232,1.3700323223702755,0.07444260022732437,-0.9999999999999964,1.0107131672728429,2.010713167272839,2.010713167272839,3.552713678800501e-15,3.552713678800501e-15,True
5.538722266252378,0.34499123146052185,-0.013379980247859103,0.07726153733554657,-0.10811757007485774,21,0.13103673152852569,1.3977950379167305,0.09374531170451315,-0.999999999999996,1.0061853948608792,2.006185394860875,2.006185394860875,3.9968028886505635e-15,3.9968028886505635e-15,True
5.27028998357863,0.44660631210144375,-0.062008512744276566,0.08089158453628374,-0.07710828283312303,21,0.15583191735738722,1.5423582883295266,0.10103483641674674,-1.0000000000000064,1.0045235885489696,2.004523588548976,2.004523588548976,6.439293542825908e-15,6.439293542825908e-15,True
5.802979125634712,0.35834162814782555,-0.052095474821738305,0.07272096672680273,-0.09380811219241726,21,0.14285030887932892,1.4325549099046133,0.09971716120036238,-0.9999999999999946,1.0048781423736497,2.004878142373644,2.004878142373644,5.440092820663267e-15,5.440092820663267e-15,True
5.106271039504863,0.37982003924102525,0.0018897981805615777,0.09637093598641037,-0.1057356567292908,21,0.09223117998094077,1.4394997127048608,0.06407169044003196,-0.9999999999998741,1.0133709700180682,2.0133709700179425,2.0133709700179425,1.2589929099249275e-13,1.2589929099249275e-13,True
5.481705555086533,0.3773522155746672,0.008696233511594056,0.06448128487190971,-0.07361722799840364,21,0.10557087604662829,1.3398745996442085,0.07879160936005629,-1.0000000000001417,1.0099153947159623,2.0099153947161037,2.0099153947161037,1.4166445794216997e-13,1.4166445794216997e-13,True
5.557519129235571,0.35754850371912916,0.007886905231421194,0.06642313962139036,-0.09681171413387447,21,0.11800758633175423,1.3406420695564851,0.08802318606247664,-0.9999999999999912,1.0078042360404986,2.00780423604049,2.00780423604049,8.770761894538737e-15,8.770761894538737e-15,True
5.613427295273609,0.3934979612138121,-0.02437065263980969,0.08176932072599802,-0.036699768320641916,21,0.11486418486488081,1.3733416834032066,0.08363846102758772,-1.0000000000000075,1.0090007034161153,2.009000703416123,2.009000703416123,7.549516567451064e-15,7.549516567451064e-15,True
4.635250403652854,0.3848899609691846,-0.0031077049488925732,0.09847096883323325,-0.028056047638010506,21,0.09756176403325933,1.4972712219154736,0.06515971362118857,-0.9999999999998755,1.0134232358324897,2.013423235832365,2.013423235832365,1.2445600106048005e-13,1.2445600106048005e-13,True
5.413525103089232,0.3559792545325743,0.00023726770430494357,0.08971318849070652,-0.06020971258667655,21,0.09106650097341662,1.363693941183824,0.06677928105654096,-0.9999999999998984,1.0130726600540982,2.0130726600539965,2.0130726600539965,1.0158540675320182e-13,1.0158540675320182e-13,True
5.395950886573571,0.3497868095337577,0.0059581809307646125,0.09132931078708449,-0.07913806720367336,21,0.08683212383942407,1.3635349020456917,0.06368162905779022,-0.9999999999998257,1.0139113676336748,2.0139113676335008,2.0139113676335008,1.7430501486614958e-13,1.7430501486614958e-13,True
5.375420936238727,0.367638669444698,-0.015397236663654813,0.09295173047835321,-0.08649401592124457,21,0.1037192570498584,1.4048443429557287,0.07382971470820589,-0.9999999999997361,1.0115193993402811,2.0115193993400173,2.0115193993400173,2.639000129533997e-13,2.639000129533997e-13,True
5.363115148186618,0.35985029515321026,-0.007269767855399331,0.06131899992189883,-0.10351999844248735,21,0.1520595176441648,1.4124290463452298,0.10765816381193141,-0.9999999999999972,1.0035464706118964,2.0035464706118935,2.0035464706118935,2.7755575615628914e-15,2.7755575615628914e-15,True
5.304635154125936,0.3477807515794231,0.013243459055983918,0.09474438967611852,-0.11316587991672457,21,0.08203643052007048,1.3784278923189555,0.05951448819136925,-0.9999999999996941,1.0150290942861435,2.0150290942858375,2.0150290942858375,3.0586644328423063e-13,3.0586644328423063e-13,True
5.439519671543518,0.38730613249677154,0.009503572069456265,0.06628057298704577,-0.07982053769704507,21,0.10458405356279243,1.3483756507056142,0.07756299478417819,-1.0000000000002198,1.0108962805905235,2.0108962805907433,2.0108962805907433,2.19824158875781e-13,2.19824158875781e-13,True
5.579367219777602,0.3900906674164582,0.012149161354745103,0.0627453549577493,-0.12329715351964818,21,0.10377831264804938,1.34080428037083,0.07740004575414028,-1.0000000000003335,1.0109722245251358,2.010972224525469,2.010972224525469,3.33510996597397e-13,3.33510996597397e-13,True
5.079574390181919,0.38068015133243227,0.01829730446850767,0.07823250721598633,-0.10830381690467,21,0.10631684000834851,1.4075551281328278,0.0755329847360093,-0.9999999999999559,1.0114805730220964,2.011480573022052,2.011480573022052,4.4075854077618715e-14,4.4075854077618715e-14,True
5.252695398598266,0.4542693906578613,-0.03558209471599247,0.07358701452119383,-0.04219326574088894,21,0.14009907320355097,1.4644895626257386,0.09566409811235667,-0.9999999999999872,1.0067469108909277,2.006746910890915,2.006746910890915,1.27675647831893e-14,1.27675647831893e-14,True
5.08997939283133,0.3713953094996473,-0.010037946919190096,0.09696644794114759,-0.08801769883942917,21,0.10418144938688156,1.4368486305962764,0.0725069065512123,-0.9999999999996577,1.0122465501517952,2.012246550151453,2.012246550151453,3.4228175849193576e-13,3.4228175849193576e-13,True
5.56418397443272,0.333412481417894,0.005851931542581501,0.08455694438076851,-0.04119101633944566,21,0.09188154387821768,1.3164054816871593,0.06979729662053558,-0.9999999999999503,1.012970461233424,2.0129704612333743,2.0129704612333743,4.973799150320701e-14,4.973799150320701e-14,True
5.63144660575249,0.3361886897194984,0.010360603256027863,0.0911954119288468,-0.10981211756883329,21,0.08179435494939735,1.3240224484641137,0.06177716627409154,-0.9999999999996173,1.0148731574891035,2.014873157488721,2.014873157488721,3.8269387658829146e-13,3.8269387658829146e-13,True
4.881210067774352,0.3860791283167525,-0.03330291407604119,0.08050237614110663,-0.10416881003190454,21,0.16657860114318357,1.566323114516761,0.10635008804972917,-1.0000000000000002,1.0043880978270443,2.0043880978270447,2.0043880978270447,2.220446049250313e-16,2.220446049250313e-16,True
5.541100904907883,0.38704005151017273,0.00735269256942926,0.08633600929671406,-0.15058722738087638,21,0.09507758558679624,1.3724060227654635,0.06927802997775423,-0.9999999999999946,1.013195370020226,2.0131953700202208,2.0131953700202208,5.440092820663267e-15,5.440092820663267e-15,True
5.232149945552037,0.38808019674614624,0.013258847405619662,0.06988602833091946,-0.07501143857322087,21,0.10482285324368235,1.3733900377944326,0.0763241689243796,-1.000000000000152,1.0115265064745977,2.01152650647475,2.01152650647475,1.5210055437364645e-13,1.5210055437364645e-13,True
5.503650352105586,0.3453864049003713,0.015520993248692095,0.08232100166664547,-0.0890953736498945,21,0.09560872606500537,1.3286733191876294,0.07195803865728406,-1.0000000000000013,1.0126003946835243,2.012600394683526,2.012600394683526,1.3322676295501878e-15,1.3322676295501878e-15,True
5.6103652663449255,0.3337472765810411,-0.002189149758617939,0.07064376206035133,-0.06644563346653476,21,0.1301417296588685,1.339143382422874,0.09718281953005418,-1.0000000000000027,1.0066349674154125,2.0066349674154154,2.0066349674154154,2.6645352591003757e-15,2.6645352591003757e-15,True
4.96186987155904,0.36113147208368895,-0.012011056425541086,0.09190742642302578,-0.07239121615078575,21,0.12152532623059065,1.4623789488801715,0.083101118436948,-0.9999999999998909,1.0100245765935418,2.0100245765934326,2.0100245765934326,1.0913492332065289e-13,1.0913492332065289e-13,True
5.53315024069637,0.35551539822645944,-0.009059607391858899,0.05668121968122011,-0.06042678899202715,21,0.14710596553744515,1.3644164597063746,0.10781602969602307,-1.0000000000000013,1.004219866281376,2.0042198662813773,2.0042198662813773,1.3322676295501878e-15,1.3322676295501878e-15,True
5.438059526982048,0.33158205231825055,0.006032778236485239,0.08681691124057767,-0.07100845973554308,21,0.10031136091309811,1.3519479597350261,0.07419764954026674,-0.9999999999998865,1.0122663718827376,2.012266371882624,2.012266371882624,1.13464793116691e-13,1.13464793116691e-13,True
5.189075461100664,0.3442931484477636,0.013999788064042742,0.09058296169798144,-0.11706778446475485,21,0.1032098511925188,1.4021919725377845,0.07360607763694613,-0.9999999999999316,1.0124703347916366,2.0124703347915682,2.0124703347915682,6.838973831690964e-14,6.838973831690964e-14,True
5.377577473279517,0.3471079768029,0.012430874325547469,0.09380859942904146,-0.10665421787867442,21,0.08524110994181999,1.3663821770710392,0.06238453001819874,-0.99999999999971,1.0151392294968067,2.0151392294965165,2.0151392294965165,2.899902540320909e-13,2.899902540320909e-13,True
5.5977988546645445,0.3799409083648748,-0.00789906887385368,0.09030211382022436,-0.11998559992995683,21,0.10336224568218744,1.381265486374796,0.07483155606346692,-0.9999999999999434,1.0121994218588248,2.012199421858768,2.012199421858768,5.6621374255882984e-14,5.6621374255882984e-14,True
5.849436431189033,0.3780812574919377,-0.06115784121711358,0.07782681241242001,-0.07014513407071167,21,0.14510360597642813,1.4325355681588736,0.10129145076859662,-0.9999999999999784,1.0060760924715766,2.006076092471555,2.006076092471555,2.1649348980190553e-14,2.1649348980190553e-14,True
5.301284344355853,0.3392944154008986,0.011560238707279003,0.08861156048375977,-0.09442387303950266,21,0.10205573490552755,1.3753509050641912,0.07420341567359083,-0.9999999999999309,1.0125259380644402,2.012525938064371,2.012525938064371,6.905587213168474e-14,6.905587213168474e-14,True
5.3239329905820165,0.4007526900320949,0.003772487451380072,0.053401205676770785,-0.080354220859252,21,0.12203180431354355,1.38171612082692,0.08831901319969458,-0.9999999999998512,1.0092185388634842,2.0092185388633355,2.0092185388633355,1.4876988529977098e-13,1.4876988529977098e-13,True
5.242403713227178,0.3562128069790448,0.009358609610414988,0.07218137317492536,-0.1330659928633105,21,0.14076005385219026,1.4119977543141082,0.09968858195568862,-0.9999999999999939,1.0065609530974278,2.0065609530974218,2.0065609530974218,6.106226635438361e-15,6.106226635438361e-15,True
5.795763738302477,0.356259441605289,0.0031567921177494164,0.07874774380753366,-0.04419487892145554,21,0.09664166003359487,1.2868041669239578,0.07510207265229177,-0.9999999999999866,1.0124005531300129,2.0124005531299995,2.0124005531299995,1.3433698597964394e-14,1.3433698597964394e-14,True
5.334504936450704,0.4051934521151058,-0.009176740751633583,0.0862534678650001,-0.08106246661441832,21,0.11456670343622744,1.4098839013319409,0.08125967203965827,-1.0000000000000162,1.0110392312553562,2.0110392312553724,2.0110392312553724,1.6209256159527285e-14,1.6209256159527285e-14,True
5.625640590250481,0.33098585285192045,0.01586737509669065,0.08770140369656665,-0.09196785654818977,21,0.08611885937058816,1.3090459915409343,0.0657874970987184,-0.9999999999998906,1.0147180587260602,2.014718058725951,2.014718058725951,1.0935696792557792e-13,1.0935696792557792e-13,True
5.245328056946312,0.4097640237546561,-0.04749362487479321,0.03846447266543877,-0.12185949395811657,21,0.19390362604786504,1.5385891153081488,0.12602690615618323,-0.9999999999999991,1.000461168334574,2.0004611683345734,2.0004611683345734,8.881784197001252e-16,8.881784197001252e-16,True
5.205202846669025,0.4217895795636899,-0.05539067468281509,0.05193159297225012,-0.0708394033477212,21,0.11441309382808584,1.5355766114359057,0.07450822901053374,-0.9999999999999971,1.0004308397480208,2.000430839748018,2.000430839748018,2.886579864025407e-15,2.886579864025407e-15,True
5.092745773958608,0.41991066316179265,-0.0587367159849901,0.06339477844310387,-0.06483927338108234,21,0.11176390589495555,1.5616802307096445,0.07156644727721809,-1.0000000000000004,1.001122312495175,2.001122312495175,2.001122312495175,4.440892098500626e-16,4.440892098500626e-16,True
5.195803405675666,0.42605151147170117,-0.033910509295133284,0.06239316349904483,-0.05607920995599568,21,0.03777913966701374,1.4786903904784297,0.02554905334496041,-0.9999999999999971,1.0034086602979908,2.003408660297988,2.003408660297988,2.886579864025407e-15,2.886579864025407e-15,True
4.743194200074362,0.4380902808991417,-0.012520209621825342,0.0898060264291481,-0.16055745007875957,21,0.06776294877360067,1.5796186639095022,0.04289829584938538,-1.000000000000001,1.0077557764288558,2.0077557764288567,2.0077557764288567,1.1102230246251565e-15,1.1102230246251565e-15,True
4.807143935509321,0.48039840363518155,-0.03469473098916829,0.07474535749965919,-0.1637478528161893,21,0.08841083328029753,1.6225375701072586,0.05448923643379986,-1.000000000000001,1.0046333304958799,2.004633330495881,2.004633330495881,1.1102230246251565e-15,1.1102230246251565e-15,True
4.8822017249235605,0.4403955112540929,-0.02780500055483711,0.049803606204959265,-0.16490673335211462,21,0.12226123741147421,1.590429768244487,0.07687308163656036,-1.0000000000000002,1.0019018121674725,2.001901812167473,2.001901812167473,2.220446049250313e-16,2.220446049250313e-16,True
5.7264428846733475,0.36851401342076423,-0.025158021550513384,0.05175886299503734,-0.08079704010663641,21,0.11897603811966384,1.3783195718927912,0.08631963192416893,-0.9999999999999991,1.0021292158493431,2.002129215849342,2.002129215849342,8.881784197001252e-16,8.881784197001252e-16,True
5.835671794244691,0.4010462619706219,-0.010162920220683633,0.0680205696457034,-0.08904089692899896,21,0.09694749112614343,1.3310683146559068,0.0728343467113521,-1.0000000000000056,1.0092637693426956,2.0092637693427013,2.0092637693427013,5.551115123125783e-15,5.551115123125783e-15,True
5.7627352086060775,0.38298048187172484,-0.018077340697304385,0.06163853258089374,-0.10311751219800189,21,0.054508792679034856,1.367594790612625,0.039857414676621586,-0.999999999999996,1.0044562332527889,2.004456233252785,2.004456233252785,3.9968028886505635e-15,3.9968028886505635e-15,True
5.429938054305422,0.35984330968529676,-0.028758246708239232,0.08613091226011577,-0.11554889765233653,21,0.12919412340954328,1.4287421495566728,0.09042508016553664,-0.9999999999999328,1.0080430454124578,2.0080430454123905,2.0080430454123905,6.716849298982197e-14,6.716849298982197e-14,True
5.454501823857585,0.41338601576069356,-0.009326533739956719,0.09567912247868506,-0.11576172844617513,21,0.18271887465321734,1.4073986125186915,0.1298273801238316,-0.9999999999999903,1.0147892251225359,2.0147892251225263,2.0147892251225263,9.658940314238862e-15,9.658940314238862e-15,True
5.588184699156201,0.38115822695205903,-0.025151863524972,0.09623189087725692,-0.11135923401138326,21,0.13837364639303695,1.386259261415199,0.09981801402125502,-0.9999999999993399,1.0128847586964644,2.0128847586958045,2.0128847586958045,6.601386104421181e-13,6.601386104421181e-13,True
5.323780204240942,0.40372118173033716,-0.03200743365371642,0.0755826061072437,-0.11427552038843879,21,0.07564364704028992,1.4829132784480739,0.05101016232011485,-1.0000000000000007,1.0042031851234743,2.004203185123475,2.004203185123475,6.661338147750939e-16,6.661338147750939e-16,True
5.184959832173307,0.4114475900885219,-0.007800606984488805,0.1049756191681391,-0.10965978267339276,21,0.1882571724208435,1.4496501727329045,0.12986386368370376,-0.9999999999993877,1.0168759231009121,2.0168759231003,2.0168759231003,6.122879980807738e-13,6.122879980807738e-13,True
5.35607744014232,0.3547566746149172,-0.029301103556978736,0.08287308086607903,-0.1354471451288461,21,0.16952948920493505,1.4555535340480967,0.11647080319570931,-0.9999999999999767,1.006736532111266,2.0067365321112427,2.0067365321112427,2.3314683517128287e-14,2.3314683517128287e-14,True
5.484412194573915,0.37537446928326884,-0.014699164146051245,0.07204777822457596,-0.09537669840991642,21,0.06271043058626957,1.40361596762971,0.044677769441572285,-1.000000000000002,1.005359603687218,2.00535960368722,2.00535960368722,1.9984014443252818e-15,1.9984014443252818e-15,True
5.685638228366943,0.41578581859002733,-0.0005857913460258612,0.07621165994814177,-0.12211023064901157,21,0.13274294848628365,1.350870573985886,0.09826474204306013,-0.9999999999999785,1.0130199410482459,2.013019941048224,2.013019941048224,2.1538326677728037e-14,2.1538326677728037e-14,True
5.473291075860206,0.41880033464674077,-0.00017672619986333106,0.08427087149110299,-0.11807999786495044,21,0.13684172287879748,1.3843751103033362,0.09884728630292516,-0.9999999999998872,1.0137687891432292,2.0137687891431164,2.0137687891431164,1.127986593019159e-13,1.127986593019159e-13,True
5.272387746157978,0.36032308298215515,-0.0389498346609267,0.05474281614497155,-0.06936956752496327,21,0.23844183205691305,1.4836395294382927,0.16071412720257416,-1.0,1.0013408004817839,2.001340800481784,2.001340800481784,0.0,0.0,True
5.393836644763085,0.4038479752244735,-0.005761014778677669,0.06914214687208775,-0.06285569073916733,21,0.09046152546002317,1.3820489904345818,0.06545464457926183,-1.0000000000000127,1.0089616683444869,2.0089616683444995,2.0089616683444995,1.2656542480726785e-14,1.2656542480726785e-14,True
5.282397590408966,0.403538719384035,-0.002836782815393322,0.051572913175098094,-0.04776033979467192,21,0.12336084917173618,1.3869255447784523,0.08894554551696707,-0.9999999999998606,1.0086760101078582,2.0086760101077186,2.0086760101077186,1.3944401189291966e-13,1.3944401189291966e-13,True
5.6859613153816335,0.3430647448109228,-0.00908513510846592,0.06093433775423996,-0.12420425334122615,21,0.15900690105842852,1.3710041487539164,0.11597842442923847,-1.0000000000000002,1.0030267639302475,2.0030267639302477,2.0030267639302477,2.220446049250313e-16,2.220446049250313e-16,True
5.829637800466696,0.3434960111567435,-0.016251171452152248,0.0912099946386127,-0.08992522232271644,21,0.11364897943706986,1.302169489732262,0.08727664127688718,-0.999999999999045,1.013204062594002,2.013204062593047,2.013204062593047,9.550138457825597e-13,9.550138457825597e-13,True
5.730170132006346,0.3383649537868268,-0.002684623334984681,0.08844672410689843,-0.08371477118512932,21,0.0813711091917455,1.3207177949686468,0.061611276460220035,-0.9999999999996801,1.0128752165966612,2.0128752165963415,2.0128752165963415,3.198552533945076e-13,3.198552533945076e-13,True
5.260190001559721,0.3766878603846427,-0.03165936966508284,0.08429189325067585,-0.09770944235241147,21,0.11716059448760241,1.4846948260317383,0.07891224003302202,-0.9999999999999873,1.0065557288024403,2.006555728802428,2.006555728802428,1.2656542480726785e-14,1.2656542480726785e-14,True
5.479363146094582,0.3967016151567507,-0.024288415855168447,0.08233399398420446,-0.0672658841233993,21,0.09416316125662982,1.4116092359998849,0.0667062518827537,-1.0000000000000009,1.0079555111520722,2.007955511152073,2.007955511152073,8.881784197001252e-16,8.881784197001252e-16,True
5.424480145087319,0.3602290584360619,-0.023241286300180387,0.07361356547982542,-0.08878845590981857,21,0.1287465522327953,1.430274423980457,0.0900152796373813,-0.9999999999999976,1.0045241665094644,2.004524166509462,2.004524166509462,2.4424906541753444e-15,2.4424906541753444e-15,True
5.254454096380107,0.3683714396401886,-0.0022878265993058018,0.06713953741621607,-0.11687997767057028,21,0.12970973755518322,1.4279223376789205,0.09083808981238128,-0.9999999999999957,1.004759831446744,2.00475983144674,2.00475983144674,4.3298697960381105e-15,4.3298697960381105e-15,True
5.216480823385903,0.39624301577671694,-0.005537979419737838,0.08172862381576312,-0.11847657033317194,21,0.06502434731844664,1.443414832068866,0.045048967125581194,-1.0000000000000042,1.0083214128442946,2.0083214128442988,2.0083214128442988,4.218847493575595e-15,4.218847493575595e-15,True
5.325572627309135,0.36795679849154045,-0.02262138058767283,0.08778573682611196,-0.12340607337344048,21,0.11658875273089353,1.4537680127226313,0.08019763243555272,-0.9999999999999488,1.0081414956872583,2.008141495687207,2.008141495687207,5.1181281435219717e-14,5.1181281435219717e-14,True
5.293515677986214,0.3979158993549725,0.006106507487208902,0.1019057201652292,-0.07863049261697444,21,0.17612439326596419,1.3808309920293806,0.12754956564750736,-0.9999999999997649,1.0198701226683289,2.0198701226680935,2.0198701226680935,2.3514523661560816e-13,2.3514523661560816e-13,True
5.5027694941238865,0.3944394932157773,-0.014988854706853957,0.08712652878724068,-0.10626190209799785,21,0.10502642894163872,1.4067883394478438,0.07465688049622375,-0.9999999999999971,1.0101321939098191,2.0101321939098162,2.0101321939098162,2.886579864025407e-15,2.886579864025407e-15,True
5.3417644369182415,0.3641219909993333,0.006578789312768533,0.0727579427785493,-0.07733056504875413,21,0.10896674152091368,1.3705964891872193,0.07950315237238956,-0.999999999999978,1.0087421548102007,2.0087421548101787,2.0087421548101787,2.19824158875781e-14,2.19824158875781e-14,True
5.651574444524529,0.3501928425139685,-0.009867228924031853,0.08650833889898987,-0.08465313803421223,21,0.08389637558814456,1.3585374768560838,0.06175492175769553,-0.9999999999998891,1.0107566625217614,2.0107566625216506,2.0107566625216506,1.1091128016005314e-13,1.1091128016005314e-13,True
5.7449189347696725,0.3568262047169816,0.010791917148504712,0.07244459228068015,-0.0851457955166644,21,0.08470178949183893,1.29758474440913,0.06527649917031728,-0.9999999999999362,1.010972287810066,2.0109722878100023,2.0109722878100023,6.38378239159465e-14,6.38378239159465e-14,True
5.636847285452822,0.3694189123618305,-0.030638359972010407,0.0842236706274791,-0.049394836296809276,21,0.10120952076239909,1.3898303925538922,0.07282149052476888,-0.9999999999999576,1.0085434859774678,2.0085434859774254,2.0085434859774254,4.241051954068098e-14,4.241051954068098e-14,True
5.447005715124329,0.3685534746051736,-0.0162135180437722,0.09399043081936634,-0.09372620067312762,21,0.10758100535026793,1.3917917720699717,0.07729676774153206,-0.9999999999996122,1.0121319203318546,2.0121319203314667,2.0121319203314667,3.878009025015672e-13,3.878009025015672e-13,True
5.428575770748734,0.37037828568497627,-0.010685267760994701,0.08659254976379413,-0.11099205304353336,21,0.07881094009857148,1.4125848023701362,0.0557920062330678,-0.9999999999999732,1.0092873863128724,2.0092873863128458,2.0092873863128458,2.6756374893466273e-14,2.6756374893466273e-14,True
5.2591630088570085,0.34853653353843383,0.002317658786835283,0.09427534764444633,-0.10885707846731935,21,0.08922643045234069,1.3884540083837298,0.0642631516158085,-0.999999999999646,1.0129577041418127,2.0129577041414586,2.0129577041414586,3.540501225529624e-13,3.540501225529624e-13,True
5.406602004318355,0.4289330074670009,-0.020306827783249003,0.06977726642804796,-0.16973641429406827,21,0.048541096735298606,1.471169455038532,0.03299490522254436,-0.999999999999996,1.0057208557437536,2.00572085574375,2.00572085574375,3.9968028886505635e-15,3.9968028886505635e-15,True
5.407521339918078,0.4215575500838677,0.01938221047673959,0.0691411728123395,-0.1675632275081801,21,0.14446589262544873,1.3775769440128394,0.10486956336872481,-1.0000000000008684,1.0153101979485533,2.0153101979494217,2.0153101979494217,8.684164498617974e-13,8.684164498617974e-13,True
5.439102825838996,0.38454041573774744,0.010324854483595358,0.08250213141383902,-0.17362610193784195,21,0.06629766355864497,1.3960589618944308,0.047489157240665575,-0.9999999999999818,1.0112098062025017,2.0112098062024835,2.0112098062024835,1.8207657603852567e-14,1.8207657603852567e-14,True
5.387439931822253,0.33809302118430273,-0.00015610597979254926,0.08714315570643869,-0.11941855283452237,21,0.12454080336772,1.3911292422484678,0.08952496977665855,-0.999999999999913,1.0100549599336102,2.010054959933523,2.010054959933523,8.704148513061227e-14,8.704148513061227e-14,True
5.201148983914237,0.3543395823025501,0.025549446606477073,0.09592335437323098,-0.11309365982103417,21,0.09711632957789895,1.3710950681862961,0.07083121501295005,-0.9999999999999035,1.0178202070152724,2.017820207015176,2.017820207015176,9.64783808399261e-14,9.64783808399261e-14,True
5.2807623281448475,0.3413570762502166,0.005319664435978164,0.08237417241482291,-0.08334125500566972,21,0.11943610946453442,1.3873968339309852,0.0860864797608985,-0.9999999999999948,1.0095698664039525,2.009569866403947,2.009569866403947,5.218048215738236e-15,5.218048215738236e-15,True
5.539157185016636,0.3724906644373008,-0.009227207057761798,0.0865003383274562,-0.12647106456383728,21,0.0745349374884754,1.3978906308895085,0.05331957725551618,-0.9999999999999777,1.0097857335889453,2.009785733588923,2.009785733588923,2.2315482794965646e-14,2.2315482794965646e-14,True
5.498831987548463,0.3817152894138405,-0.007534765413546654,0.10149425622441766,-0.09893916099783266,21,0.15876943157494905,1.3680917260804129,0.11605174459305004,-0.9999999999985181,1.017256895307401,2.017256895305919,2.017256895305919,1.481925693269659e-12,1.481925693269659e-12,True
5.600454257648181,0.38026404194703334,-0.004959493371795658,0.06948330188701185,-0.11530383399320049,21,0.05897435560344566,1.3717343914351359,0.04299254722464566,-0.9999999999999883,1.0068934630096205,2.0068934630096087,2.0068934630096087,1.1657341758564144e-14,1.1657341758564144e-14,True
5.687773929738698,0.3936163499179417,-0.011017099080412054,0.08379931077317906,-0.08698945254521706,21,0.12157274081168734,1.3562353859545464,0.08963985313369621,-1.0000000000000204,1.011328244605333,2.0113282446053535,2.0113282446053535,2.042810365310288e-14,2.042810365310288e-14,True
5.688364286934016,0.367489874835743,0.004751811047458311,0.07726674530883182,-0.11504019848781664,21,0.07096958635195927,1.334902072217762,0.0531646386869808,-0.9999999999999796,1.0102957872547589,2.0102957872547385,2.0102957872547385,2.042810365310288e-14,2.042810365310288e-14,True
5.657077806699774,0.3605876893026839,-0.00731827591101668,0.057455306637085465,-0.11552128095410967,21,0.1266125481326703,1.367503341651053,0.09258664624526976,-1.000000000000001,1.0037760058389325,2.0037760058389336,2.0037760058389336,1.1102230246251565e-15,1.1102230246251565e-15,True
5.177528409984404,0.37172426865313335,-0.01930957928952606,0.09293248359590615,-0.09935170632631447,21,0.11637669329873024,1.4487494531427014,0.08032906797395503,-0.9999999999998415,1.0100061564646368,2.0100061564644784,2.0100061564644784,1.5853984791647235e-13,1.5853984791647235e-13,True
5.309823974311893,0.3817252019614096,-0.012567192960954859,0.07974191747210574,-0.06727841022653025,21,0.06632726303888181,1.4146978729435782,0.046884401473562626,-1.0000000000000047,1.0076816004157712,2.0076816004157756,2.0076816004157756,4.6629367034256575e-15,4.6629367034256575e-15,True
5.309490272193896,0.35546290647012113,-0.020612261134117685,0.07664870412631329,-0.09865915092792564,21,0.15401277353898846,1.4503476053282918,0.1061902491328119,-0.9999999999999972,1.0050953094140198,2.005095309414017,2.005095309414017,2.7755575615628914e-15,2.7755575615628914e-15,True
5.6236949568331704,0.37068389477105906,0.016070858037053964,0.08870546086700365,-0.10549246699722306,21,0.11932454794510061,1.3156088469889127,0.09069910727508677,-0.9999999999999547,1.0170680364811462,2.017068036481101,2.017068036481101,4.529709940470639e-14,4.529709940470639e-14,True
5.553125152085315,0.35493519384330985,-0.018730504373155703,0.06402268933216468,-0.13276119578159612,21,0.163630586692032,1.4205042362184546,0.11519190335372419,-1.000000000000001,1.0024581234662926,2.002458123466294,2.002458123466294,1.1102230246251565e-15,1.1102230246251565e-15,True
5.508626947514122,0.36144312459733613,0.0014622742796627803,0.07364371429473723,-0.11050001503409337,21,0.0877413528179467,1.3705221816264628,0.06402038142412254,-0.9999999999999957,1.0074586406195944,2.00745864061959,2.00745864061959,4.3298697960381105e-15,4.3298697960381105e-15,True
6.160461660222857,0.35491557699199183,-0.006048804615164641,0.05790283968492796,-0.10941413137642655,21,0.08056632118053142,1.2806633137966177,0.06290983766973601,-1.0000000000000082,1.005694874320786,2.0056948743207945,2.0056948743207945,8.215650382226158e-15,8.215650382226158e-15,True
6.130957653105617,0.3321257007888567,-0.012190040383439422,0.057454196584003976,-0.12365701561026891,21,0.13637387635185272,1.3051135684704347,0.10449196119513185,-0.9999999999999987,1.0028809621445236,2.0028809621445225,2.0028809621445225,1.3322676295501878e-15,1.3322676295501878e-15,True
6.298076565819737,0.3453739756447617,-0.012056613944073098,0.0668775759919833,-0.07676532853442214,21,0.0556035148686973,1.258290694061062,0.04418972112814416,-0.9999999999999996,1.0067813047348955,2.0067813047348952,2.0067813047348952,4.440892098500626e-16,4.440892098500626e-16,True
5.1914827002535135,0.487594436767045,-0.07,0.09215787467676152,-0.06618368114760566,21,0.2975269340557771,1.5700365547730513,0.18950318905077,-1.0000000000000229,1.007651591839018,2.007651591839041,2.007651591839041,2.2870594307278225e-14,2.2870594307278225e-14,True
5.138026984808677,0.4752180863322772,-0.020993631500627122,0.05600778585830023,-0.04404580620926206,21,0.16536490838664109,1.4526316031373838,0.1138381596748185,-0.9999999999995328,1.010428563672846,2.010428563672379,2.010428563672379,4.671818487622659e-13,4.671818487622659e-13,True
5.157565625853798,0.46566467851504706,-0.024927494997246166,0.06607802976879373,-0.07966595829020161,21,0.11985733628887951,1.478020343166766,0.08109315737297394,-1.0000000000000577,1.0077418177400552,2.007741817740113,2.007741817740113,5.773159728050814e-14,5.773159728050814e-14,True
5.236176633589803,0.3774111354202531,-0.005751241175836617,0.08278505379778858,-0.1309439963892951,21,0.06663001946581093,1.4472185871199352,0.04604005231746592,-1.0000000000000018,1.0075524751366216,2.0075524751366234,2.0075524751366234,1.7763568394002505e-15,1.7763568394002505e-15,True
5.412582976808837,0.4206341970673758,-0.010777601113101621,0.07790214301448728,-0.11744764661022472,21,0.09734239930496735,1.4191266866645478,0.06859317087028825,-0.9999999999999725,1.0093187899487233,2.0093187899486957,2.0093187899486957,2.7533531010703882e-14,2.7533531010703882e-14,True
5.509021413814256,0.36302426680236444,-0.016661790334515505,0.08277939101743638,-0.0878315204204915,21,0.08230260489386554,1.3998350813488374,0.05879450085974507,-0.9999999999999841,1.008004533503656,2.00800453350364,2.00800453350364,1.587618925213974e-14,1.587618925213974e-14,True
5.272194753492805,0.35301919091284995,-0.04954042906390675,0.06854275148456063,-0.10126002941759897,21,0.26173049263882,1.5264163198310512,0.17146730497993443,-1.000000000000001,1.0042447000525696,2.0042447000525705,2.0042447000525705,1.1102230246251565e-15,1.1102230246251565e-15,True
5.634424954579029,0.38837971250995446,-0.04350563707439721,0.06563024704507299,-0.10539493388039228,21,0.08628911471651235,1.448318993381593,0.05957880488402702,-1.0000000000000007,1.0021792916873236,2.002179291687324,2.002179291687324,6.661338147750939e-16,6.661338147750939e-16,True
5.578921635330518,0.3856254435788768,-0.02212401611875735,0.07417327473993264,-0.08086696436315606,21,0.05786685297417482,1.3965311676015282,0.041436134270857856,-1.0000000000000033,1.0058623594137472,2.005862359413751,2.005862359413751,3.3306690738754696e-15,3.3306690738754696e-15,True
6.347506504213022,0.35223940570825163,0.023956654373588078,0.08937765287012973,-0.13055027025316202,21,0.15695534697254976,1.1984341793893973,0.13096701485309653,-0.9999999999996628,1.0239632897893771,2.02396328978904,2.02396328978904,3.3717473257866004e-13,3.3717473257866004e-13,True
6.334362730217102,0.3153184294491276,0.0026720598135030614,0.07571950531693487,-0.13641687449645598,21,0.07487708445991403,1.247990888758101,0.059998101856677505,-0.9999999999999843,1.0095508962586488,2.009550896258633,2.009550896258633,1.5654144647214707e-14,1.5654144647214707e-14,True
6.137641736575287,0.3606187354164831,-0.004985888258044419,0.08481412041749001,-0.10936443404928511,21,0.11468229522354756,1.2818333561527973,0.08946739813960435,-0.9999999999999847,1.0134384511716088,2.0134384511715933,2.0134384511715933,1.532107773982716e-14,1.532107773982716e-14,True
5.4842602938262415,0.37504358753676703,0.002971583584877335,0.08532200253913164,-0.10453076954025833,21,0.08831568062360762,1.3682141380718393,0.06454814211177996,-1.000000000000013,1.0118470876548533,2.0118470876548664,2.0118470876548664,1.3100631690576847e-14,1.3100631690576847e-14,True
5.475567265808205,0.37127915882978446,-0.0016245065538346174,0.0809875127250497,-0.06999357319471942,21,0.08119496993865583,1.3623118929764528,0.05960086699475012,-1.0000000000000082,1.010284052456233,2.0102840524562415,2.0102840524562415,8.215650382226158e-15,8.215650382226158e-15,True
5.408707307070023,0.3960762686430102,0.017601583475897582,0.06821860765311069,-0.10126965178586608,21,0.13207650070515942,1.3463912459141665,0.09809667220131302,-1.000000000000659,1.0136854492042657,2.0136854492049245,2.0136854492049245,6.590283874174929e-13,6.590283874174929e-13,True
4.973271225228652,0.36149877684786563,-0.02223602350580065,0.0925079476147561,-0.10078454917637805,21,0.15726696248843464,1.467630610473737,0.10715704712486909,-0.9999999999998616,1.0093821347450038,2.0093821347448655,2.0093821347448655,1.3844481117075702e-13,1.3844481117075702e-13,True
5.123586298852328,0.3761371748151384,0.0008984026301220838,0.09055851074906779,-0.08766693810202009,21,0.08195765917489428,1.4284841144456943,0.05737386810681962,-0.9999999999999845,1.0115451119485919,2.0115451119485765,2.0115451119485765,1.554312234475219e-14,1.554312234475219e-14,True
5.274103403193816,0.37753642602937737,0.012977182523287584,0.07639504320977511,-0.09915095802245605,21,0.09111050828329392,1.37945045311233,0.06604840940660789,-0.9999999999999524,1.0109184424045219,2.010918442404474,2.010918442404474,4.7628567756419216e-14,4.7628567756419216e-14,True
5.517160830826118,0.4038557050846784,0.00012486984493592299,0.047833075923715995,-0.11466522743505367,21,0.11428756877302093,1.3742458613816686,0.08316384424699381,-0.9999999999994268,1.0084731913570806,2.0084731913565075,2.0084731913565075,5.732081476139683e-13,5.732081476139683e-13,True
5.368651974719732,0.3820984217493095,-0.008042871319674386,0.05611115701838765,-0.0811055290987622,21,0.12397099552876867,1.401246985258989,0.08847190883044463,-1.0000000000000158,1.0048584221173886,2.0048584221174046,2.0048584221174046,1.5765166949677223e-14,1.5765166949677223e-14,True
5.242870167470441,0.38994854829653275,-0.007819734102636611,0.07115064949028552,-0.12798866214749569,21,0.07556708615694863,1.449148560252109,0.052145851867528466,-0.9999999999999978,1.0052890422868275,2.005289042286825,2.005289042286825,2.220446049250313e-15,2.220446049250313e-15,True
5.30389156596441,0.3834090788098272,-0.009961397336498506,0.0692793163577759,-0.11355412378538862,21,0.08422473682849807,1.4348390570293408,0.05869977989230033,-0.999999999999998,1.0048506177084,2.004850617708398,2.004850617708398,1.9984014443252818e-15,1.9984014443252818e-15,True
5.465621664270695,0.40385232914124863,-0.002315245499461954,0.09151039501103593,-0.10382367447310781,21,0.14601592996562007,1.3831064770923227,0.10557099716038237,-1.0000000000000326,1.014553299655607,2.0145532996556397,2.0145532996556397,3.26405569239796e-14,3.26405569239796e-14,True
5.304461275815767,0.42020223021113107,-0.006265132699915407,0.07303204412488086,-0.09520204168202023,21,0.09256724674373995,1.4161745964723649,0.06536428980884229,-0.9999999999999936,1.009340482793622,2.0093404827936157,2.0093404827936157,6.439293542825908e-15,6.439293542825908e-15,True
5.67237256414875,0.36964346089654204,-0.011380272622379041,0.07476853493572384,-0.09333974533603104,21,0.05716871621488662,1.362810784361221,0.041949122263280916,-1.000000000000005,1.0070617175371828,2.007061717537188,2.007061717537188,5.10702591327572e-15,5.10702591327572e-15,True
5.626749258521267,0.366629115579587,-0.010512724428914043,0.06908970531844241,-0.07038686546651317,21,0.07354163366880218,1.3569779670414612,0.05419515677851472,-0.9999999999999967,1.0061571657278139,2.0061571657278106,2.0061571657278106,3.3306690738754696e-15,3.3306690738754696e-15,True
5.510246513699821,0.34494094595941005,0.008310863504535195,0.07818421976735591,-0.05818886456511765,21,0.10343657636309578,1.3282076051767402,0.07787681380527242,-1.0000000000000004,1.0108074822772108,2.0108074822772113,2.0108074822772113,4.440892098500626e-16,4.440892098500626e-16,True
5.680056824207849,0.3337017519718475,0.013350474106191067,0.091629194686588,-0.11567236844050835,21,0.08429674739345061,1.3114228535135777,0.06427884581056514,-0.9999999999995335,1.0157336109495883,2.0157336109491215,2.0157336109491215,4.665157149474908e-13,4.665157149474908e-13,True
5.769155107095013,0.3416549310728235,-0.003362828877546956,0.06893989566320204,-0.07387829918214438,21,0.10344439978787068,1.3194510815922111,0.07839957178483799,-1.0000000000000016,1.0066004736419514,2.006600473641953,2.006600473641953,1.5543122344752192e-15,1.5543122344752192e-15,True
5.667327728191346,0.3499457409937522,0.004639887389732577,0.07745091934747869,-0.09407695582003348,21,0.07835496737500902,1.328209313374243,0.058992936268420317,-1.0000000000000038,1.0096725512488962,2.0096725512489,2.0096725512489,3.774758283725532e-15,3.774758283725532e-15,True
5.173531116346924,0.4283048688391399,-0.024725785098478142,0.043477422957698436,-0.08718212924117678,21,0.11179116800308186,1.4787839832547816,0.07559668570187728,-0.9999999999999621,1.0042268743584428,2.004226874358405,2.004226874358405,3.785860513971784e-14,3.785860513971784e-14,True
5.240056768023796,0.40095679730680134,-0.02298225088396788,0.0820740013608119,-0.09983722337122201,21,0.07195801060823781,1.4693569560534478,0.048972450371426515,-1.0000000000000009,1.0064710897921143,2.0064710897921154,2.0064710897921154,8.881784197001252e-16,8.881784197001252e-16,True
5.425362453183447,0.43037136066785514,-0.0072713421263804435,0.0730707885259413,-0.08702765740859691,21,0.1320492958408872,1.3926314037987615,0.09481999004236777,-1.0000000000000702,1.0111632734794112,2.0111632734794815,2.0111632734794815,7.016609515630989e-14,7.016609515630989e-14,True
5.362732822941295,0.3791475605890225,0.0010613756557553838,0.06437114352669888,-0.06693649139242386,21,0.10828629563998726,1.374069114561324,0.07880702250887722,-1.000000000000022,1.0077129545312726,2.0077129545312946,2.0077129545312946,2.19824158875781e-14,2.19824158875781e-14,True
5.375292831466532,0.3523276397416115,-0.008372753609469598,0.06363856130309652,-0.09903539330669967,21,0.1624808724907898,1.4103794756249137,0.11520365639098473,-0.9999999999999986,1.0035664297852087,2.003566429785207,2.003566429785207,1.4432899320127035e-15,1.4432899320127035e-15,True
5.274455024442324,0.36753117405678326,-0.02242006910790267,0.08594565852638236,-0.043606279830796076,21,0.09490681954647973,1.4309726190428174,0.06632329527728018,-0.9999999999999625,1.0087013668109734,2.0087013668109357,2.0087013668109357,3.752553823233029e-14,3.752553823233029e-14,True
5.658233459695368,0.36832665547641885,-0.004804344778311875,0.0767347521615254,-0.1452205092267081,21,0.04917131882005665,1.3768840827536781,0.03571202502516932,-1.0000000000000038,1.0074557769738068,2.007455776973811,2.007455776973811,3.774758283725532e-15,3.774758283725532e-15,True
5.522151113978412,0.38786751957566656,0.012884367068914509,0.07513722691424314,-0.14629907836414466,21,0.08350454440665178,1.3608649509130657,0.06136137487457871,-0.9999999999999767,1.01170339394611,2.0117033939460867,2.0117033939460867,2.3314683517128287e-14,2.3314683517128287e-14,True
5.603724735559052,0.4007860390313364,0.02430021686090357,0.0733404839572991,-0.15805144211292835,21,0.1473944978019417,1.3270053533652262,0.11107302425582222,-1.0000000000011886,1.0169144508663908,2.0169144508675796,2.0169144508675796,1.1886047701636926e-12,1.1886047701636926e-12,True
4.593376824234929,0.4508049481266317,0.00021008515146295637,0.08558534546611428,-0.06538383185913366,21,0.1258476983017287,1.5202737969983937,0.08277962729489949,-0.9999999999999469,1.0120450687697702,2.012045068769717,2.012045068769717,5.306866057708248e-14,5.306866057708248e-14,True
4.6788262417275,0.41675588347778636,0.016913357425389408,0.09561307258491245,-0.09522879281711503,21,0.11808768915809242,1.4808005400242603,0.07974584420137891,-0.9999999999999263,1.0158644745354288,2.015864474535355,2.015864474535355,7.37188088351104e-14,7.37188088351104e-14,True
4.720082187067415,0.39110194093406764,0.00710919943665855,0.09215740732059527,-0.10405809790336704,21,0.07657955450727072,1.5014343292878778,0.05100426506405511,-1.0000000000000049,1.0108906876347952,2.0108906876348,2.0108906876348,4.884981308350689e-15,4.884981308350689e-15,True
5.477653213970386,0.3351433320157393,0.007680105789788628,0.08107238181328423,-0.09250779671217518,21,0.11194869112596972,1.3524819250212334,0.08277278169481797,-0.9999999999999972,1.0099359978346911,2.0099359978346882,2.0099359978346882,2.7755575615628914e-15,2.7755575615628914e-15,True
5.207479216768666,0.38187057734923624,-0.028302075472710433,0.10331280047797836,-0.0980648660295212,21,0.15401299246643751,1.4048460521292736,0.10962980052725754,-0.9999999999980249,1.0143739512658658,2.0143739512638907,2.0143739512638907,1.9750867608081535e-12,1.9750867608081535e-12,True
5.301917494312704,0.3725152182256481,0.004619536881874957,0.0785945205701066,-0.11458439048245879,21,0.07917502750994831,1.402011596820147,0.056472448365992405,-0.9999999999999968,1.0087436524884896,2.0087436524884863,2.0087436524884863,3.219646771412954e-15,3.219646771412954e-15,True
6.010355367935254,0.3789287804724219,-0.05912324917634978,0.07546177357393928,-0.09519650026361423,21,0.13476661163616854,1.4141711197420097,0.09529724497609193,-0.999999999999996,1.0053791597252804,2.005379159725276,2.005379159725276,3.9968028886505635e-15,3.9968028886505635e-15,True
5.996554791119047,0.35173742287652376,-0.02901768916040597,0.06258393008471326,-0.09364255056836804,21,0.10600202342895959,1.3489660823126703,0.07858019917537845,-0.9999999999999978,1.002812298443965,2.0028122984439625,2.0028122984439625,2.220446049250313e-15,2.220446049250313e-15,True
5.994105898054199,0.3824944160945477,-0.05325022266795998,0.057799743065455815,-0.12491075877901092,21,0.10075514688666876,1.4185946673620475,0.07102461979081616,-0.9999999999999989,1.0011675525817347,2.001167552581734,2.001167552581734,1.1102230246251565e-15,1.1102230246251565e-15,True
4.4920412541748895,0.3950857194654221,-0.00917756402331259,0.08554683683254348,-0.09213888201351056,21,0.13930438194854378,1.5812020508424396,0.0881003043692769,-0.9999999999999999,1.0061081182315617,2.0061081182315617,2.0061081182315617,1.1102230246251565e-16,1.1102230246251565e-16,True
4.47899857683353,0.42644148609819893,0.016413453162125998,0.09790946328180912,-0.08644706600122708,21,0.12103948246078122,1.5176166312980388,0.07975629679101134,-0.9999999999999344,1.0158299256473349,2.015829925647269,2.015829925647269,6.561418075534675e-14,6.561418075534675e-14,True
4.778176813238019,0.405581738227349,0.02129410208283029,0.0704770897304914,-0.1211913946977388,21,0.13302313572692248,1.4659759966135828,0.09074032319369968,-1.0000000000001947,1.0110745352878656,2.0110745352880603,2.0110745352880603,1.9473311851925246e-13,1.9473311851925246e-13,True
5.402432452557906,0.3627655675938554,0.0011893887061632698,0.061377993811292664,-0.08098551152755816,21,0.13932364963776167,1.3742033243574086,0.10138503318125128,-1.0000000000000056,1.0059404045267022,2.005940404526708,2.005940404526708,5.551115123125783e-15,5.551115123125783e-15,True
5.544331511095589,0.32925111896459336,-0.025631746133371994,0.07918849071158231,-0.05960689641828234,21,0.17413850596621838,1.3757644478872166,0.1265758148014696,-0.9999999999999636,1.0078192552181884,2.007819255218152,2.007819255218152,3.6415315207705135e-14,3.6415315207705135e-14,True
5.454474028874869,0.34641105234073505,0.021368159647745535,0.05701830320784519,-0.053745400542935216,21,0.1907227279426249,1.306111052426802,0.14602336270583968,-1.0000000000002143,1.01072610690994,2.0107261069101545,2.0107261069101545,2.142730437526552e-13,2.142730437526552e-13,True
5.480625953223871,0.3847943317075692,-0.012186942212695718,0.043160377725246224,-0.05915354288392579,21,0.15560734412771993,1.3797437036646116,0.11277989072494074,-0.999999999999928,1.0053271480115633,2.0053271480114914,2.0053271480114914,7.205347429817266e-14,7.205347429817266e-14,True
5.475360151398841,0.35586444815215995,-0.001983202592702405,0.07696189926075996,-0.10438113819404955,21,0.08705223222236325,1.3809433038908614,0.06303823768658004,-1.000000000000003,1.007437012750656,2.007437012750659,2.007437012750659,3.1086244689504383e-15,3.1086244689504383e-15,True
5.55287528151612,0.3739975080372656,-0.008700309592173482,0.06062571603542122,-0.07076212833059183,21,0.10014194610786564,1.3655151695917105,0.07333638493214845,-1.0000000000000018,1.0054390399298783,2.00543903992988,2.00543903992988,1.7763568394002505e-15,1.7763568394002505e-15,True
5.507432090259493,0.38546796354029156,-0.008384393496668339,0.08811423275441341,-0.11781695837783941,21,0.09367519377324851,1.396978737675681,0.06705556158220921,-0.9999999999999931,1.0109694890189485,2.0109694890189416,2.0109694890189416,6.8833827526759706e-15,6.8833827526759706e-15,True
5.300004973091649,0.3457071424925073,-0.03246570591767936,0.07514532134505028,-0.11102350302005737,21,0.2240482218436659,1.482703166413474,0.1511079404960188,-0.9999999999999978,1.0049596558101683,2.004959655810166,2.004959655810166,2.220446049250313e-15,2.220446049250313e-15,True
5.3835902504662245,0.36968919276103424,-0.015807532713496327,0.07488477638210687,-0.09722220522553422,21,0.09129928537482934,1.4250211928042522,0.06406872110804505,-1.0000000000000024,1.0052830811702909,2.005283081170293,2.005283081170293,2.4424906541753444e-15,2.4424906541753444e-15,True
5.40788545236862,0.36880463327854945,-0.00048794203258845266,0.06784438971584089,-0.04878898837862159,21,0.10615183489780078,1.3604409890512907,0.07802751883551098,-0.9999999999999856,1.0078824594326106,2.0078824594325964,2.0078824594325964,1.4432899320127035e-14,1.4432899320127035e-14,True
5.5557650657067255,0.39406877627838666,0.0009220208537399936,0.04915965790982108,-0.04749925490973831,21,0.12171967983821319,1.3318409369876654,0.09139205475506455,-0.9999999999993182,1.0101494572952714,2.0101494572945895,2.0101494572945895,6.817879594223086e-13,6.817879594223086e-13,True
5.473644506315219,0.40712558475539706,-0.017919491330691217,0.07183744575848985,-0.05643215594086833,21,0.0826479845489867,1.3925098801262394,0.05935181195374654,-0.9999999999999809,1.007433024861139,2.00743302486112,2.00743302486112,1.9095836023552692e-14,1.9095836023552692e-14,True
4.892612367217059,0.39942146815897567,-0.023609472283384024,0.06816170488190376,-0.09672967385083986,21,0.13342884932496002,1.5361783684475974,0.08685765407554727,-1.0000000000000022,1.0026143144711421,2.0026143144711446,2.0026143144711446,2.220446049250313e-15,2.220446049250313e-15,True
5.231421020827726,0.3421297183388077,0.009137925692442535,0.08277677787910606,-0.10208430427919155,21,0.12647334797847853,1.3975440624928344,0.09049685900628053,-0.9999999999999976,1.0095183506183072,2.009518350618305,2.009518350618305,2.4424906541753444e-15,2.4424906541753444e-15,True
5.102579718357816,0.41615505126692914,0.008840522051809543,0.06005184719420988,-0.06760292148925008,21,0.13411737606434748,1.4028424977094134,0.09560401562066786,-1.0000000000000573,1.0118638583622217,2.011863858362279,2.011863858362279,5.728750807065808e-14,5.728750807065808e-14,True
4.959047980115152,0.42291241058108436,-0.004957199564591806,0.07521367629378437,-0.12647140997631803,21,0.05216574691286113,1.4960399735042544,0.03486921996520622,-0.9999999999999892,1.0072350191588475,2.007235019158837,2.007235019158837,1.0769163338864018e-14,1.0769163338864018e-14,True
4.893420675334239,0.4475482216607269,-0.007938769508165792,0.07993299852262085,-0.12066954548173876,21,0.08731970472786754,1.5127710327877513,0.05772169273161836,-0.9999999999999797,1.0089951971609445,2.008995197160924,2.008995197160924,2.0317081350640365e-14,2.0317081350640365e-14,True
4.971228238880981,0.42642681697389206,-0.00715925577543401,0.07592102192406827,-0.1384944260425349,21,0.050385080574731234,1.5060449256067696,0.03345523079560964,-0.9999999999999922,1.0069337091929826,2.0069337091929746,2.0069337091929746,7.771561172376096e-15,7.771561172376096e-15,True
5.973488612994042,0.3550228530221101,-0.008381559791313293,0.06328536584557849,-0.05998286593516534,21,0.07846843211939425,1.291639810945716,0.060751017005229224,-0.9999999999999869,1.0064442983380846,2.0064442983380717,2.0064442983380717,1.3100631690576847e-14,1.3100631690576847e-14,True
5.977871449303795,0.37716878859287467,-0.008973696276663563,0.054759925632338384,-0.06557098496136618,21,0.07621267773845442,1.2948358651062517,0.05885894868397127,-1.0000000000000944,1.0071132758389896,2.007113275839084,2.007113275839084,9.43689570931383e-14,9.43689570931383e-14,True
5.85378772074384,0.3849611470600216,-0.005585186480589012,0.05918699241761221,-0.09778229855519278,21,0.07361793692097707,1.3222714701733826,0.055675357580939056,-1.000000000000088,1.007544661665311,2.007544661665399,2.007544661665399,8.79296635503124e-14,8.79296635503124e-14,True
5.561174911544855,0.35177021569755146,-0.002792761105262871,0.08542281819906287,-0.07044980036231085,21,0.07821707697947544,1.3506925587098815,0.05790886791749615,-0.9999999999999601,1.0112408417135594,2.0112408417135197,2.0112408417135197,3.985700658404312e-14,3.985700658404312e-14,True
5.627161004417611,0.3845158627806079,-0.006285456697362097,0.08160113090683677,-0.08080687506907235,21,0.10037861842467133,1.3526701094672722,0.07420775969109265,-1.0000000000000084,1.0108268914262968,2.010826891426305,2.010826891426305,8.43769498715119e-15,8.43769498715119e-15,True
5.572002403804078,0.34131787429977406,-0.005895897351274231,0.0520925329702515,-0.09090357759004561,21,0.1935158226522795,1.366205513879015,0.1416447384279964,-0.9999999999999998,1.0030725779564493,2.0030725779564493,2.0030725779564493,2.220446049250313e-16,2.220446049250313e-16,True
5.41204184628504,0.33883044765225895,0.0033253815793286307,0.10480186512702148,-0.11810492321569031,21,0.12092166501104518,1.2906827348220054,0.09368814019792492,-0.9999999999918988,1.0196824229305965,2.0196824229224952,2.0196824229224952,8.101186388387305e-12,8.101186388387305e-12,True
5.30236193846683,0.3303032973447702,0.01385587176354586,0.1069883832996194,-0.11720789695284922,21,0.11074705679646679,1.280653038683142,0.08647701871722004,-0.9999999999886101,1.0217494350253158,2.021749435013926,2.021749435013926,1.1389889031931943e-11,1.1389889031931943e-11,True
5.344116669821776,0.3118337494204061,0.01119954171417194,0.0780590476236896,-0.1516397790936849,21,0.2296271760411559,1.399305567173443,0.16410080930714527,-0.9999999999999947,1.0070893497759306,2.0070893497759252,2.0070893497759252,5.329070518200751e-15,5.329070518200751e-15,True
5.747744525927472,0.3524736007013661,-0.011787021621575616,0.059353691698654204,-0.09920819205871065,21,0.12225480410013612,1.3540782503829583,0.09028636569973722,-0.9999999999999983,1.003483314207818,2.0034833142078163,2.0034833142078163,1.6653345369377348e-15,1.6653345369377348e-15,True
5.785184360141597,0.3587194706528049,-0.040592942140755595,0.058488974811704446,-0.10557761836067257,21,0.16402764507548273,1.41565298146901,0.11586712790677893,-1.000000000000001,1.001336619724681,2.001336619724682,2.001336619724682,1.1102230246251565e-15,1.1102230246251565e-15,True
5.849413513648978,0.3347398247432009,-0.026659201130546095,0.05832567866776775,-0.07855789764898136,21,0.1810405772057948,1.3602370874387004,0.13309486917952712,-1.0000000000000009,1.0022153621700685,2.0022153621700696,2.0022153621700696,8.881784197001252e-16,8.881784197001252e-16,True
6.008188625289563,0.36322986479236974,0.009897920342107815,0.0763722952766486,-0.0583998063572028,21,0.12181129472834784,1.2462760995900952,0.09774021564596483,-0.9999999999997828,1.014951423663071,2.014951423662854,2.014951423662854,2.1715962361668062e-13,2.1715962361668062e-13,True
6.063559428005984,0.32681018431968695,0.0009126009699024573,0.05925088045921074,-0.08992036181713364,21,0.13477542746259186,1.2715064575757336,0.10599665197104542,-0.999999999999995,1.0053266166881347,2.0053266166881296,2.0053266166881296,4.9960036108132044e-15,4.9960036108132044e-15,True
5.965801721191335,0.3553395314777644,-0.0042597983315221695,0.07325362901871862,-0.08165943305379662,21,0.06900418890081772,1.2939588597713438,0.053327961997966064,-0.9999999999999989,1.0088532309517966,2.0088532309517957,2.0088532309517957,1.1102230246251565e-15,1.1102230246251565e-15,True
5.3858919309616695,0.37332716135436617,-0.009817407427097372,0.091160330432012,-0.06117162709388637,21,0.10018592393085046,1.3917756008245838,0.07198425081708101,-0.9999999999998919,1.0121699049665498,2.0121699049664414,2.0121699049664414,1.0813572259849025e-13,1.0813572259849025e-13,True
5.422069871369801,0.39320032406968586,-0.0026123684691962343,0.10079323982881126,-0.06404798735570977,21,0.1800121071096059,1.3706505874354464,0.13133333087203303,-0.9999999999994519,1.0186068092921714,2.018606809291623,2.018606809291623,5.481171072574398e-13,5.481171072574398e-13,True
5.5624788084619965,0.34919040709629035,-0.02231343961078619,0.07317071937665995,-0.06465587670606925,21,0.12436354598021904,1.3914469253990698,0.0893771395157967,-0.9999999999999973,1.0052461073489187,2.005246107348916,2.005246107348916,2.6645352591003757e-15,2.6645352591003757e-15,True
5.373791558381918,0.39303034437858336,-0.007014186345497028,0.06382332308500244,-0.04825415327354974,21,0.08340410963185141,1.3807807429236687,0.06040358692666247,-1.0000000000000262,1.0075077994810933,2.0075077994811195,2.0075077994811195,2.6201263381153694e-14,2.6201263381153694e-14,True
5.377360344621366,0.3878038050833129,-0.01565508977991532,0.07691536435505544,-0.07281200790326534,21,0.06374511214853862,1.4127330238739917,0.04512183906746725,-1.0000000000000062,1.006884810374076,2.006884810374082,2.006884810374082,6.217248937900877e-15,6.217248937900877e-15,True
5.275337027415759,0.3853083510691565,-0.003377801005260546,0.0832897056531334,-0.05607978030384195,21,0.09196282374765263,1.3937939083753117,0.0659802164402124,-1.0000000000000075,1.0106842535594809,2.0106842535594884,2.0106842535594884,7.549516567451064e-15,7.549516567451064e-15,True
5.317918673330752,0.3860735791605521,-0.013998868152890614,0.08951633370337478,-0.05919248578853055,21,0.1015264129460931,1.4122307147968844,0.07189081209064005,-0.9999999999999698,1.0108662059050644,2.0108662059050344,2.0108662059050344,3.019806626980426e-14,3.019806626980426e-14,True
5.142554054802672,0.4166394998031974,0.005501073357897162,0.09660555386672237,-0.0663011884908231,21,0.17267585757923531,1.402600270942902,0.12311123928641016,-0.999999999999968,1.0179427213295698,2.017942721329538,2.017942721329538,3.197442310920451e-14,3.197442310920451e-14,True
5.001449750135938,0.37010778391849153,-0.009353408788937975,0.09467599179896,-0.08694831776967774,21,0.09942585454110353,1.4618010994343529,0.06801599381720029,-0.9999999999998417,1.010960177635468,2.01096017763531,2.01096017763531,1.5831780331154732e-13,1.5831780331154732e-13,True
5.533006434549311,0.314902513356256,0.008862234575095008,0.08264542913108404,-0.1140391874744533,21,0.15874824830996181,1.3485380973805043,0.1177187716226376,-0.9999999999999459,1.010069533602882,2.010069533602828,2.010069533602828,5.4067861299245124e-14,5.4067861299245124e-14,True
5.531015065807233,0.36389535547284413,-0.0036206952785586975,0.08787697149671192,-0.1132476188032364,21,0.07612401780923883,1.3796144896585951,0.05517774594269214,-0.9999999999999531,1.0111025316597853,2.0111025316597386,2.0111025316597386,4.6851411639181606e-14,4.6851411639181606e-14,True
5.317961781217613,0.3278520120574965,0.008698400717043015,0.047883786463357385,-0.08809274263625193,21,0.2788064154691088,1.3755983716264706,0.20268009996221176,-1.0000000000000033,1.0044570048329955,2.004457004832999,2.004457004832999,3.3306690738754696e-15,3.3306690738754696e-15,True
5.675522816109371,0.37985437008374595,0.008157896185705888,0.07266148387991819,-0.10203053458170766,21,0.09313600601367944,1.3229588711384497,0.07039977435846727,-0.9999999999999675,1.0114659650339222,2.0114659650338895,2.0114659650338895,3.2529534621517087e-14,3.2529534621517087e-14,True
5.532325623794633,0.3406163304890152,0.009734704315405143,0.09580252542507403,-0.13855154883102458,21,0.08445042529204572,1.330972377647802,0.06345017125095645,-0.9999999999990968,1.015674586847948,2.015674586847045,2.015674586847045,9.031664305325648e-13,9.031664305325648e-13,True
5.4484332999616925,0.3296513910090155,0.006520072644027473,0.06712504248488502,-0.11006210396871177,21,0.1814816137199846,1.3692520420199146,0.1325406924004026,-0.9999999999999999,1.005368716557568,2.0053687165575678,2.0053687165575678,1.1102230246251565e-16,1.1102230246251565e-16,True
6.164228095850398,0.34707784893885163,-0.007308170646101348,0.07206513972547479,-0.12070195779332182,21,0.05361241679917028,1.2879940718549823,0.04162473878622526,-1.0000000000000053,1.0075796244765467,2.007579624476552,2.007579624476552,5.329070518200751e-15,5.329070518200751e-15,True
6.283175692127507,0.30979069164637807,-0.012816968547068923,0.06903292348042969,-0.12267871519018818,21,0.14617197858223152,1.2826428239626548,0.11396156112318252,-0.9999999999999969,1.0055617029861028,2.0055617029860997,2.0055617029860997,3.1086244689504383e-15,3.1086244689504383e-15,True
6.375925024601829,0.3408065117943979,0.008726443851427873,0.07457931691396104,-0.11706838134692758,21,0.08376913174380607,1.2205966833906663,0.06862965702242103,-0.9999999999999467,1.0125716731555632,2.01257167315551,2.01257167315551,5.3290705182007514e-14,5.3290705182007514e-14,True
5.556735431340497,0.37538316700039004,0.006875168283139884,0.08006243125656065,-0.12084361980917703,21,0.07703771449483043,1.3553162984136198,0.056841133383404366,-0.9999999999999725,1.011169787846374,2.011169787846346,2.011169787846346,2.7533531010703882e-14,2.7533531010703882e-14,True
5.47698101628124,0.3710318790560722,-0.0037069245605541676,0.07113590745715713,-0.1567266081031112,21,0.08642574182657325,1.4124470590793037,0.06118865926409265,-0.9999999999999982,1.005387073055802,2.0053870730558003,2.0053870730558003,1.7763568394002505e-15,1.7763568394002505e-15,True
5.533089961478464,0.3825490605818251,-0.00199029938917087,0.08917671854590187,-0.12271432033715099,21,0.10024504595975015,1.380483781902941,0.07261588094976851,-1.0,1.0124550805895094,2.0124550805895094,2.0124550805895094,0.0,0.0,True
5.808094302783703,0.3474336567035,-0.012167457751946754,0.08736730640199296,-0.09550685229441937,21,0.09288405711119219,1.3355968230974886,0.0695449820671012,-0.9999999999997747,1.0114138578476688,2.0114138578474434,2.0114138578474434,2.2526425169644426e-13,2.2526425169644426e-13,True
5.844754097473689,0.35690039249852706,0.0048856285842459515,0.09484718983586916,-0.062011588112511666,21,0.1480104947240446,1.2837352305362624,0.11529674593585415,-0.9999999999991626,1.0193398499231363,2.0193398499222988,2.0193398499222988,8.374412274747556e-13,8.374412274747556e-13,True
5.6720236465694915,0.34761476193910773,0.010114240159134763,0.0932867387119002,-0.06793534984917499,21,0.11867166018974662,1.3025005806483028,0.0911106389915614,-0.9999999999995112,1.0178294112326807,2.0178294112321917,2.0178294112321917,4.888311977424564e-13,4.888311977424564e-13,True
5.371763810947278,0.41238577759797584,-0.009432479916914743,0.07231983774867769,-0.12016614080614953,21,0.06336015672635131,1.4248609874717182,0.04446760581099069,-0.999999999999986,1.0075651378991082,2.0075651378990944,2.0075651378990944,1.3988810110276972e-14,1.3988810110276972e-14,True
5.280866344212296,0.38098842609932254,-0.008209077025898438,0.06232998230670833,-0.10675655483528881,21,0.11666432008570005,1.4312550269890854,0.08151190241135811,-0.9999999999999997,1.0041985022075484,2.004198502207548,2.004198502207548,3.3306690738754696e-16,3.3306690738754696e-16,True
5.231320901218724,0.38424969361640987,0.021289342352354444,0.07671967324539927,-0.15046413331565894,21,0.09081020122385985,1.3959042206472048,0.06505475080643865,-0.9999999999999907,1.0118591182831118,2.0118591182831027,2.0118591182831027,9.325873406851315e-15,9.325873406851315e-15,True
5.6213918503693545,0.34052534249934724,-0.008426777456167447,0.07100846435450328,-0.07601597254541978,21,0.12142457660223371,1.3560259971637842,0.08954443119542033,-1.0000000000000027,1.0058181672435067,2.0058181672435094,2.0058181672435094,2.6645352591003757e-15,2.6645352591003757e-15,True
5.515177750852017,0.37256696431707786,-0.015158415675434182,0.07803686931185633,-0.0944449751997719,21,0.06004736655868159,1.3987970478994876,0.04292786194312613,-1.0000000000000016,1.0067850836709815,2.006785083670983,2.006785083670983,1.5543122344752192e-15,1.5543122344752192e-15,True
5.40823292732704,0.32402445271745434,0.0015017823079229442,0.06505009269090273,-0.10786366304914004,21,0.21937180083097152,1.3865954370560423,0.15820894470612998,-1.0000000000000009,1.004219549435667,2.0042195494356676,2.0042195494356676,8.881784197001252e-16,8.881784197001252e-16,True
5.459340017706698,0.380936885440216,-0.005723943879250486,0.09608249859489089,-0.06892601834727298,21,0.13719977199460942,1.3738037245877706,0.09986853983510503,-0.9999999999996874,1.0154219335368542,2.0154219335365413,2.0154219335365413,3.126388037344441e-13,3.126388037344441e-13,True
5.271653025082345,0.37058900094092323,0.005734492503151193,0.06851352787887556,-0.04505384595509801,21,0.12177215906179018,1.3678641753527077,0.08902357504201093,-0.9999999999999925,1.0091807315480166,2.009180731548009,2.009180731548009,7.549516567451064e-15,7.549516567451064e-15,True
5.3965402674947125,0.3497448482627776,0.0062818904397352205,0.0965177848717508,-0.07076603577100381,21,0.10396174021454274,1.3438702241102902,0.077359955112757,-0.9999999999991337,1.0166566469964764,2.01665664699561,2.01665664699561,8.663070261150096e-13,8.663070261150096e-13,True
5.676973077465863,0.3603811573080345,-0.017849486170695136,0.08570168270597138,-0.10180443381188291,21,0.09416415814207513,1.3808614528641168,0.06819232874287594,-0.999999999999933,1.00942619608259,2.009426196082523,2.009426196082523,6.694644838489694e-14,6.694644838489694e-14,True
5.732435451428318,0.35828389017634504,-0.007712917987151166,0.08456300481204253,-0.08970637300545103,21,0.08040326795473396,1.342814101794309,0.05987669316794981,-0.9999999999999681,1.0106998142856787,2.0106998142856467,2.0106998142856467,3.186340080674199e-14,3.186340080674199e-14,True
6.075094710172362,0.32350075836020836,-0.016759447734060174,0.05537790041990251,-0.09163006403872348,21,0.17215604743651092,1.3087920237768436,0.13153812394096964,-1.0,1.00237872120354,2.0023787212035398,2.0023787212035398,0.0,0.0,True
4.800863066981969,0.36067639526391965,0.014479281775158623,0.09380993044965036,-0.11580722979932619,21,0.11583771820997968,1.474568924349344,0.07855700489625689,-0.9999999999999626,1.0119318230732781,2.011931823073241,2.011931823073241,3.7414515929867775e-14,3.7414515929867775e-14,True
4.947064605262551,0.3926408581175588,0.01529414600547827,0.0919873543114496,-0.11541486680218302,21,0.09244349898969562,1.443745008958482,0.06403035052317471,-0.9999999999999929,1.013925137131576,2.0139251371315687,2.0139251371315687,7.105427357601002e-15,7.105427357601002e-15,True
4.9710434297099715,0.38077762112991576,0.011284127069125701,0.08903013535054614,-0.10529318402533198,21,0.07648143350765269,1.4427853348549282,0.053009572290491073,-1.0000000000000073,1.0118632399269936,2.011863239927001,2.011863239927001,7.327471962526033e-15,7.327471962526033e-15,True
5.654926815139739,0.361669848259125,-0.006275782651288411,0.05897953217729731,-0.09542064127880073,21,0.11718859731571518,1.3553407138418607,0.08646430828712534,-1.0000000000000002,1.0046354306253142,2.0046354306253145,2.0046354306253145,2.220446049250313e-16,2.220446049250313e-16,True
5.685502427715201,0.30680598748524895,-0.0235285804862653,0.057206875280466224,-0.06983358617945194,21,0.283978730435704,1.3760173187328493,0.20637729378087707,-0.9999999999999983,1.003223643217063,2.003223643217061,2.003223643217061,1.6653345369377348e-15,1.6653345369377348e-15,True
5.552448580256372,0.3900089614451268,-0.0014427229155132993,0.05376695556865245,-0.11372957861364204,21,0.10586172793907433,1.3712149373547122,0.07720286955398702,-1.0000000000000302,1.0067756315142802,2.0067756315143104,2.0067756315143104,3.019806626980426e-14,3.019806626980426e-14,True
5.190804790034032,0.4068959200829294,0.021004668067284744,0.09380786304244716,-0.12846911841726347,21,0.1383318282234829,1.3918826647994578,0.09938469076587983,-0.9999999999997483,1.0189946560398342,2.0189946560395824,2.0189946560395824,2.51687559682523e-13,2.51687559682523e-13,True
5.207740210688786,0.3828916446114406,-0.007319004618174529,0.10122967972360503,-0.14026117669835333,21,0.10847720168136377,1.432238990698405,0.07573959540681605,-0.9999999999993586,1.014089823049833,2.0140898230491917,2.0140898230491917,6.413758413259529e-13,6.413758413259529e-13,True
5.13476519222841,0.3782346312338061,0.02856046385299735,0.07753072824654868,-0.12641107718298858,21,0.11538878327456503,1.3834870035429698,0.08340431314429848,-1.000000000000039,1.0138657174154666,2.0138657174155057,2.0138657174155057,3.907985046680551e-14,3.907985046680551e-14,True
5.934375045063063,0.3457325479975623,-0.02118375975177522,0.07259175382671078,-0.08189803559427995,21,0.08107167284563221,1.3360445783184507,0.06068036513247877,-0.9999999999999982,1.0057641537655724,2.0057641537655706,2.0057641537655706,1.7763568394002505e-15,1.7763568394002505e-15,True
5.919714899680911,0.39475662126046196,-0.0308329170315408,0.0940754118165773,-0.06415231498164227,21,0.2176443666583776,1.3510975197541462,0.16108708918212025,-0.9999999999995477,1.0141609578575908,2.0141609578571384,2.0141609578571384,4.5230486023228877e-13,4.5230486023228877e-13,True
5.998606861697931,0.2935609713147048,-0.0214959769494942,0.08903475158692545,-0.06056561672611406,21,0.16870715053854113,1.1892359348347619,0.1418618001666609,-0.9999999999964929,1.0167294323890144,2.016729432385507,2.016729432385507,3.507083512488407e-12,3.507083512488407e-12,True
5.362810499262694,0.37294463176065323,0.01318077980435032,0.10121587177376459,-0.11480967878349711,21,0.13125899683355025,1.3715756473604779,0.09569942211073154,-0.9999999999993168,1.0193934701091905,2.0193934701085072,2.0193934701085072,6.832312493543213e-13,6.832312493543213e-13,True
5.379901334926095,0.36196361071401195,-0.02582965539060377,0.10105812209781265,-0.08390611621450776,21,0.15229618752026441,1.3480854656799868,0.1129722049510005,-0.9999999999970143,1.0152642206223899,2.0152642206194042,2.0152642206194042,2.9857227801244335e-12,2.9857227801244335e-12,True
5.4616981532110005,0.3642278104654893,-0.002206276075676121,0.09027413999179543,-0.1159463629966138,21,0.07824795213465707,1.389923063367049,0.05629660676692683,-0.9999999999999117,1.011809963805313,2.011809963805225,2.011809963805225,8.826273045769994e-14,8.826273045769994e-14,True
5.664141747703655,0.3650935071688055,-0.014154513510913104,0.07619221429213076,-0.09257807337359483,21,0.05586528066773466,1.3700376650152957,0.04077645607437439,-1.000000000000004,1.0068270660783494,2.0068270660783534,2.0068270660783534,3.9968028886505635e-15,3.9968028886505635e-15,True
5.685939626837077,0.3786351518483071,0.010930622651676502,0.07673136932295994,-0.09090174370047195,21,0.10883068715727084,1.309612471195893,0.08310144378656567,-0.9999999999998828,1.0135115955341034,2.013511595533986,2.013511595533986,1.1723955140041653e-13,1.1723955140041653e-13,True
5.565149013782841,0.3619670482891609,0.019546635728518013,0.07014515807724768,-0.07800677612101364,21,0.11118311339619424,1.3039233396904204,0.08526813656283776,-1.000000000000095,1.0127328707571757,2.0127328707572705,2.0127328707572705,9.50350909079134e-14,9.50350909079134e-14,True
5.491863910725534,0.39142729748163085,-0.0023477695581653056,0.08327424921746175,-0.09346675025085371,21,0.10163818970723182,1.3732313301908954,0.07401388788085901,-0.999999999999995,1.0114504418070256,2.0114504418070207,2.0114504418070207,4.9960036108132044e-15,4.9960036108132044e-15,True
5.314628324247246,0.3728972101735813,0.012213468245799884,0.08997411989496296,-0.10129330250333726,21,0.09807373578673428,1.3751412232195104,0.07131902827923516,-1.0000000000000107,1.0144123043770028,2.0144123043770135,2.0144123043770135,1.0658141036401503e-14,1.0658141036401503e-14,True
5.284380310287057,0.4211220498510996,-0.0072218105575134525,0.08146625833115775,-0.1022786968851443,21,0.10759115413137588,1.4258732886285785,0.07545632209356996,-0.9999999999999654,1.0104653178616465,2.0104653178616116,2.0104653178616116,3.4638958368304884e-14,3.4638958368304884e-14,True
5.421738719940771,0.30592877676043917,-0.003148368524081127,0.07607364321376935,-0.07982838682646784,21,0.23409975251887127,1.3750373175463992,0.1702497448844488,-0.999999999999988,1.0076187621434312,2.0076187621434194,2.0076187621434194,1.199040866595169e-14,1.199040866595169e-14,True
5.586223142780392,0.34461478554602165,-0.018200230796500724,0.11275586787818936,-0.10506206740830262,21,0.17958950799685436,1.2256589880818967,0.14652485703050583,-0.9999999999437407,1.0255753348321752,2.025575334775916,2.025575334775916,5.625933052755272e-11,5.625933052755272e-11,True
5.666252252978824,0.33422126568975186,0.010363631469118896,0.07690316607165777,-0.0842434714602139,21,0.10845090443825067,1.310822427878136,0.08273500829078971,-1.0000000000000042,1.0101777054222278,2.0101777054222323,2.0101777054222323,4.218847493575595e-15,4.218847493575595e-15,True
5.049359955741905,0.39286727194296506,-0.008288168532463863,0.061521363215875376,-0.1256151714494086,21,0.13183363150202987,1.4857714393842265,0.08873076168207132,-0.9999999999999988,1.0035332811390394,2.0035332811390383,2.0035332811390383,1.2212453270876722e-15,1.2212453270876722e-15,True
5.300510393725929,0.38762999530017456,-0.011288747717674633,0.06959683878383827,-0.08674037318145805,21,0.07396424585378947,1.4238981331135276,0.05194489980266888,-0.9999999999999961,1.0055217623220083,2.0055217623220045,2.0055217623220045,3.885780586188048e-15,3.885780586188048e-15,True
5.138018043784783,0.4070854401210014,-0.0034125525950837367,0.04836181374062731,-0.08807500047148042,21,0.14682433835208064,1.436086232625233,0.10223922144541338,-0.9999999999998473,1.006793307834077,2.006793307833924,2.006793307833924,1.5265566588595902e-13,1.5265566588595902e-13,True
5.321796127441617,0.39113271894949964,-0.00979019013278224,0.06687269165627131,-0.07672602037880855,21,0.07687599858697958,1.4112390694204517,0.05447411445216717,-0.9999999999999925,1.0059825995307032,2.0059825995306957,2.0059825995306957,7.549516567451064e-15,7.549516567451064e-15,True
5.496651793660945,0.3843170060494797,-0.01347363507864816,0.10773863293179857,-0.1053164804111374,21,0.19659251761793417,1.3406755065799851,0.1466369129987573,-0.9999999999933293,1.0197854948184886,2.019785494811818,2.019785494811818,6.6706640211577906e-12,6.6706640211577906e-12,True
5.3488131246254165,0.38763458209104973,-0.011578310772088754,0.08124622660500683,-0.08923186690426994,21,0.07042984759268611,1.4172253317473382,0.04969558898996754,-1.0000000000000067,1.0081052347642687,2.008105234764275,2.008105234764275,6.661338147750939e-15,6.661338147750939e-15,True
5.949116378362171,0.3801303472640887,0.014416916657679241,0.05501979545901069,-0.09895169273260104,21,0.1373134381696648,1.2640258969058333,0.10863182352971545,-0.9999999999996031,1.0131987339703385,2.0131987339699418,2.0131987339699418,3.9690473130349346e-13,3.9690473130349346e-13,True
5.889355435684398,0.39602773243458067,0.014104345996304581,0.08298783274159854,-0.12116009099379338,21,0.165516555944498,1.2844981801763857,0.12885697971309656,-0.9999999999996447,1.0189035320020212,2.0189035320016657,2.0189035320016657,3.552713678800501e-13,3.552713678800501e-13,True
5.828986028676962,0.39258248756107883,-0.005829937021287312,0.03761842890919111,-0.11842070000559628,21,0.13644236544918886,1.3369149283913297,0.10205762726680442,-0.9999999999990393,1.007723938284479,2.0077239382835184,2.0077239382835184,9.60675983208148e-13,9.60675983208148e-13,True
5.623977899911408,0.34024908487528055,-0.0267253141027861,0.06421443688464307,-0.08572263914116754,21,0.18831719376948608,1.4017077590492557,0.1343483993391155,-0.9999999999999971,1.002887432336916,2.0028874323369132,2.0028874323369132,2.886579864025407e-15,2.886579864025407e-15,True
5.5935379494903765,0.4031015363721196,0.0018733484013217575,0.08947366091376324,-0.11268584577593152,21,0.1506967939091668,1.3561435653583893,0.1111215639395391,-0.9999999999999768,1.0156466863410825,2.0156466863410594,2.0156466863410594,2.3203661214665772e-14,2.3203661214665772e-14,True
5.326520271718234,0.38214577219638696,0.00617478170976524,0.0738385241226544,-0.08303818067429805,21,0.08221491911831413,1.3771890280130685,0.05969762860870975,-0.9999999999999648,1.0098793738664076,2.0098793738663723,2.0098793738663723,3.519406988061746e-14,3.519406988061746e-14,True
5.471369781440794,0.3487678016195053,-0.02817707598579277,0.061358184180035524,-0.07277324616154245,21,0.1943889860024861,1.4247669434011074,0.13643563735304937,-0.9999999999999997,1.002347465571532,2.002347465571532,2.002347465571532,3.3306690738754696e-16,3.3306690738754696e-16,True
5.666832422803798,0.36828689048178465,-0.03821509611115701,0.05500566161861386,-0.06932145363363508,21,0.14204381565383462,1.4119214719550288,0.10060319817727006,-0.9999999999999982,1.001273291789036,2.001273291789034,2.001273291789034,1.7763568394002505e-15,1.7763568394002505e-15,True
5.55387247903722,0.37884352673698013,-0.03228149834552145,0.07625530863377313,-0.1040985154761387,21,0.09052357386848131,1.43617813591855,0.06303088147946515,-0.9999999999999991,1.004817130000687,2.004817130000686,2.004817130000686,8.881784197001252e-16,8.881784197001252e-16,True
5.27828629472221,0.4150411608449721,-0.011504168354551264,0.10175914830510278,-0.12240190149976234,21,0.18953283511320884,1.448040661433922,0.13088916641713913,-0.9999999999997267,1.0153901284220461,2.015390128421773,2.015390128421773,2.7333690866271354e-13,2.7333690866271354e-13,True
5.513671439460174,0.42271577630231333,-0.026987112122836207,0.10717465066798915,-0.14619266808403453,21,0.2661385226302375,1.4247245825790158,0.18679997936757534,-0.9999999999981752,1.017633328681977,2.0176333286801524,2.0176333286801524,1.8247625632739073e-12,1.8247625632739073e-12,True
5.293687221826175,0.39183977661944236,-0.016377392779848444,0.09388043077408124,-0.11419206677261623,21,0.1011174666496093,1.4519859756990305,0.06964080117986557,-0.9999999999999011,1.010959080128285,2.010959080128186,2.010959080128186,9.892087149410145e-14,9.892087149410145e-14,True
5.389401359873011,0.3320724333908119,-0.012083942182936989,0.09162355019944338,-0.10332724747829614,21,0.14760483078883246,1.3498495116435858,0.10934910115210386,-0.9999999999994538,1.0118556972089994,2.0118556972084534,2.0118556972084534,5.46229728115577e-13,5.46229728115577e-13,True
5.225355902729429,0.367997096589128,0.004546104393040339,0.05945808305106215,-0.09109708755012101,21,0.16120026154632994,1.40328362151408,0.114873614339204,-1.0000000000000189,1.0058987110329847,2.0058987110330033,2.0058987110330033,1.887379141862766e-14,1.887379141862766e-14,True
5.487769286411428,0.35952941703296754,0.015567213145232548,0.08121065941921204,-0.05635211318614782,21,0.0956670557271162,1.314828733539482,0.07276008904185048,-0.9999999999999122,1.014376593091594,2.014376593091506,2.014376593091506,8.781864124784988e-14,8.781864124784988e-14,True
5.375925708007754,0.3457804203283358,0.007298489617235806,0.10742067390296453,-0.09428408002912572,21,0.11968036759474754,1.287155614931851,0.09298049606929933,-0.9999999999882654,1.0221217533718536,2.022121753360119,2.022121753360119,1.1734613281078055e-11,1.1734613281078055e-11,True
5.436646312495697,0.3035028229172913,-0.002362513558528722,0.10044237031418098,-0.09242015004331289,21,0.17046481275176628,1.2375523950788005,0.13774351165221738,-0.9999999999912762,1.019598194191313,2.0195981941825893,2.0195981941825893,8.723799460597093e-12,8.723799460597093e-12,True
5.217761515802088,0.36413549038627185,0.010962683975065921,0.08671566070211495,-0.10811910059131934,21,0.07971160217558326,1.3990883855732932,0.05697395746939925,-1.0000000000000062,1.0116560402916754,2.0116560402916814,2.0116560402916814,6.217248937900877e-15,6.217248937900877e-15,True
5.244282457048356,0.3765736786587286,-0.017765713388648907,0.08690312289793797,-0.09815715642081549,21,0.09185346145053952,1.4554609813669641,0.06310953204961293,-0.9999999999999784,1.0081168629362653,2.0081168629362436,2.0081168629362436,2.1649348980190553e-14,2.1649348980190553e-14,True
5.215034909057458,0.35868782240948105,0.01010573718911503,0.06894383750432799,-0.09161059480087852,21,0.14802901329132534,1.392594075711582,0.10629731654982524,-0.9999999999999901,1.0074853713248433,2.0074853713248335,2.0074853713248335,9.880984919163893e-15,9.880984919163893e-15,True
5.221820050089652,0.3548447981256823,-0.01745158485104801,0.09613029798337536,-0.11185424810738828,21,0.1360252501849244,1.3969991151289278,0.09736960368251253,-0.9999999999993678,1.0120174029421325,2.0120174029415003,2.0120174029415003,6.321609902215641e-13,6.321609902215641e-13,True
5.358672048808718,0.3718066197937976,0.016235580449356912,0.08522979318970204,-0.08476777093510005,21,0.09923990127733129,1.349581507449637,0.07353383306568068,-0.9999999999999298,1.0147347433834184,2.0147347433833485,2.0147347433833485,7.016609515630989e-14,7.016609515630989e-14,True
5.301063501181722,0.37906963304104513,0.020658528289815625,0.07095957041275244,-0.06751492345311899,21,0.12407901137103017,1.340562066999289,0.09255745364238772,-1.0000000000003226,1.0138642500191397,2.0138642500194623,2.0138642500194623,3.226308109560705e-13,3.226308109560705e-13,True
5.30123851016519,0.36572200267846705,0.0031858270127650763,0.06682231670759321,-0.055386921034316944,21,0.12847470395526872,1.373907856580487,0.0935104223619689,-0.9999999999999931,1.0077194129959353,2.0077194129959284,2.0077194129959284,6.8833827526759706e-15,6.8833827526759706e-15,True
5.455017602411785,0.3830551037718286,-0.01803868785347091,0.09733406330192572,-0.12005348858409737,21,0.1251700722070559,1.4070503428802583,0.08895919953427567,-0.9999999999994743,1.0130841960486536,2.013084196048128,2.013084196048128,5.256906021600116e-13,5.256906021600116e-13,True
5.336056871835991,0.3654298756502276,-0.026054785038269815,0.10224099808393264,-0.07195791377436696,21,0.15114375767528299,1.3511154761492628,0.1118659066107726,-0.999999999996527,1.0157086229687748,2.0157086229653016,2.0157086229653016,3.4729996656324147e-12,3.4729996656324147e-12,True
5.581061334061571,0.342215136813152,-0.04207057571047822,0.08212365850405623,-0.09244248552944795,21,0.1745798137749448,1.3878313248277625,0.12579325070113337,-0.9999999999999194,1.008549668725878,2.0085496687257973,2.0085496687257973,8.060219158778636e-14,8.060219158778636e-14,True
5.407736673695536,0.33247806328919166,0.008161153128232942,0.07289450201281744,-0.09422875754588579,21,0.15600782092569387,1.3643353886467358,0.11434711891511935,-1.0000000000000009,1.0072731971016817,2.0072731971016826,2.0072731971016826,8.881784197001252e-16,8.881784197001252e-16,True
5.580208877232934,0.33192780318098614,-0.01455158288120092,0.08012933708778591,-0.0647221777041633,21,0.13481986554268355,1.3709912863489992,0.098337507236617,-0.9999999999999659,1.0082357462886946,2.0082357462886606,2.0082357462886606,3.4083846855992306e-14,3.4083846855992306e-14,True
5.315942825601668,0.3579950622283388,-0.004244391877156178,0.07571228988541755,-0.08312564577553189,21,0.10496296318531728,1.4029695455547366,0.0748148550464898,-1.0000000000000033,1.0067804583609794,2.006780458360983,2.006780458360983,3.3306690738754696e-15,3.3306690738754696e-15,True
5.444439286703333,0.35972043940116866,0.0020697913106244347,0.08280749736284407,-0.10766125797749188,21,0.06670257210607877,1.3788291926960463,0.04837624011691701,-1.000000000000006,1.0097577813507392,2.0097577813507455,2.0097577813507455,5.995204332975845e-15,5.995204332975845e-15,True
5.234447057383343,0.33610600388626255,0.005963877100663647,0.05671117881710615,-0.11408420119799917,21,0.23883326730024468,1.4108914904962018,0.16927826761237924,-0.9999999999999994,1.0036229061408537,2.003622906140853,2.003622906140853,5.551115123125783e-16,5.551115123125783e-16,True
5.514799006069579,0.37420110719746835,0.0029803816310341623,0.06678041553205159,-0.12059382465444668,21,0.09209866815155254,1.3712539543065958,0.06716383049420209,-0.9999999999999967,1.0071259446635974,2.007125944663594,2.007125944663594,3.3306690738754696e-15,3.3306690738754696e-15,True
5.447387472766135,0.3428407441796897,0.00821018122829981,0.08937559388066749,-0.09690936593622997,21,0.07536927828880957,1.358751385969848,0.05546951345702774,-0.9999999999998804,1.0130653413708477,2.0130653413707282,2.0130653413707282,1.1957101975212936e-13,1.1957101975212936e-13,True
5.416324030279191,0.3440732523761731,0.007375243496292054,0.0876574390453049,-0.09997944484869564,21,0.08158611801730808,1.3676300992226298,0.05965510561933537,-0.9999999999999415,1.0119797681343694,2.011979768134311,2.011979768134311,5.850875339774575e-14,5.850875339774575e-14,True
5.509173474586104,0.32062912819895617,0.02488675807455089,0.06077825991546364,-0.10034111270553342,21,0.21479820943209615,1.312405427338673,0.163667571740898,-1.0000000000000218,1.0080600682979894,2.008060068298011,2.008060068298011,2.1760371282653068e-14,2.1760371282653068e-14,True
5.661664717692525,0.29874650557669524,0.01421848429713975,0.09164243093725859,-0.11980396732546056,21,0.14940138324036534,1.2508170000713412,0.11944303861543625,-0.9999999999983316,1.015685737784543,2.0156857377828743,2.0156857377828743,1.6684431614066852e-12,1.6684431614066852e-12,True
5.494137129571294,0.3483020457506074,-0.0018931192112847835,0.0945432020841852,-0.12213354384022305,21,0.09850498257016294,1.3529357134882756,0.07280832458490391,-0.9999999999993479,1.013640922388411,2.0136409223877587,2.0136409223877587,6.52145004664817e-13,6.52145004664817e-13,True
5.635181693437357,0.34818566155497294,0.0078264399610868,0.09010098787052413,-0.11144873082973802,21,0.08679892828412727,1.3351047511799656,0.06501282255749175,-0.9999999999998459,1.0142127046463858,2.0142127046462317,2.0142127046462317,1.5409895581797173e-13,1.5409895581797173e-13,True
5.217700031376717,0.40374116314843406,0.00662429284086116,0.06898925116254562,-0.0749323809816003,21,0.10884575408839092,1.3911477472508271,0.07824169237486878,-1.0000000000001759,1.0108922725376157,2.0108922725377916,2.0108922725377916,1.758593271006248e-13,1.758593271006248e-13,True
5.138457899989342,0.420806251923109,0.012349323426007239,0.06244323924173854,-0.10440303548213822,21,0.1337556243761635,1.4083494595026744,0.09497332034578702,-1.0000000000001485,1.0123701156882112,2.01237011568836,2.01237011568836,1.4854784069484595e-13,1.4854784069484595e-13,True
5.079406179242708,0.3662380694475592,0.014141478608755849,0.09194563215188263,-0.08265233593247114,21,0.09025060341070312,1.4030420334703129,0.06432494626513464,-0.9999999999999962,1.0143056570254854,2.0143056570254814,2.0143056570254814,3.774758283725532e-15,3.774758283725532e-15,True
5.658518378245637,0.3503296890283557,0.003207915217476357,0.0840310992098822,-0.0789851656785437,21,0.08244508804312978,1.325390775900921,0.06220436232256752,-0.9999999999999989,1.0120049235356325,2.012004923535631,2.012004923535631,1.1102230246251565e-15,1.1102230246251565e-15,True
5.704750808297043,0.3358863702462427,0.01641189078165324,0.051054663801109186,-0.08284539732710194,21,0.1993014968208071,1.290546645865278,0.15443184286235595,-1.0000000000000613,1.0078075514098048,2.007807551409866,2.007807551409866,6.128431095930864e-14,6.128431095930864e-14,True
5.595863131869836,0.36297184028597373,-0.0017232509557990727,0.06885158070199564,-0.09068988364884366,21,0.08992949299703512,1.3526691763504581,0.06648299123638463,-0.9999999999999899,1.0068685906146015,2.0068685906145913,2.0068685906145913,1.0103029524088925e-14,1.0103029524088925e-14,True
5.6034249586042515,0.34616308741228385,-0.006488197153825859,0.0610280647127759,-0.1369149248174622,21,0.16431551236526576,1.3858889687404445,0.11856325872526625,-1.0000000000000004,1.003009044793161,2.0030090447931617,2.0030090447931617,4.440892098500626e-16,4.440892098500626e-16,True
5.571133988158581,0.36542679102032066,-0.01474771062929834,0.07675216422973839,-0.12073970818626398,21,0.07532755174066175,1.4018644174908386,0.05373383531303877,-1.0000000000000007,1.0060293227754789,2.0060293227754795,2.0060293227754795,6.661338147750939e-16,6.661338147750939e-16,True
5.734659626796114,0.34889005421608793,0.006622974014212305,0.047761241924942494,-0.08719170095380836,21,0.18143283473635363,1.3094242224885837,0.1385592473549461,-0.9999999999999906,1.0064231521706621,2.006423152170653,2.006423152170653,9.43689570931383e-15,9.43689570931383e-15,True
5.324323782997315,0.3557165797144439,0.0031407332741714426,0.09172736238388893,-0.11466431737770025,21,0.07505083559850667,1.4014254385925764,0.053553213415248636,-0.9999999999998663,1.0122490130813442,2.0122490130812105,2.0122490130812105,1.3367085216486885e-13,1.3367085216486885e-13,True
5.2597360624256275,0.3624606778810304,-0.008641306888301718,0.06824263452967592,-0.08786692471720384,21,0.13366715668260842,1.4257770939147267,0.09375038864988444,-1.0000000000000002,1.0044954887528195,2.00449548875282,2.00449548875282,2.220446049250313e-16,2.220446049250313e-16,True
5.26259493519294,0.35991979894088655,-0.0027804688374039824,0.09180214243740946,-0.08109297779290107,21,0.07922950536899442,1.4080583364063661,0.056268624190105115,-0.9999999999998549,1.0120463652449405,2.0120463652447955,2.0120463652447955,1.4510614931850796e-13,1.4510614931850796e-13,True
5.367860144516748,0.3687937677823688,-0.015594065866865259,0.10732276205376845,-0.07388209202419445,21,0.15038713068644194,1.3247879404430332,0.11351788923754072,-0.9999999999910779,1.019277897515991,2.019277897507069,2.019277897507069,8.922085292795146e-12,8.922085292795146e-12,True
5.5327468883022615,0.3815429926239034,-0.007666453343175521,0.08450640370154873,-0.09238489758478292,21,0.09076770780888066,1.3776798367705212,0.06588447140349615,-1.0000000000000135,1.01041400946127,2.0104140094612832,2.0104140094612832,1.354472090042691e-14,1.354472090042691e-14,True
5.3781930285862805,0.40819794116943325,-0.018535038565192993,0.095854120433977,-0.08073301694057786,21,0.17151833437657316,1.4234101762630471,0.12049817911718826,-0.9999999999998922,1.013095549235829,2.013095549235721,2.013095549235721,1.078026556911027e-13,1.078026556911027e-13,True
5.309215133392519,0.35927393650431955,0.0030566347215083773,0.07770517093918224,-0.10588065797209183,21,0.10119015871369852,1.3995972670420826,0.07229948292736697,-1.0000000000000013,1.0078385157475027,2.007838515747504,2.007838515747504,1.3322676295501878e-15,1.3322676295501878e-15,True
5.0844479148019035,0.34985665502140234,0.01795451674166297,0.06821449219196456,-0.11419334157229431,21,0.18885512018285833,1.4107386680280278,0.13386967016849805,-0.999999999999996,1.007259836042129,2.0072598360421248,2.0072598360421248,3.9968028886505635e-15,3.9968028886505635e-15,True
5.36735106471971,0.3582950232432308,0.010314378634147345,0.08501827295186486,-0.08081757194880636,21,0.08105634066602674,1.3594692889962527,0.059623517296130815,-1.000000000000009,1.0124842639380143,2.012484263938023,2.012484263938023,9.103828801926284e-15,9.103828801926284e-15,True
4.481016320199349,0.38589261727888996,0.00520397267277131,0.0899748046405859,-0.05871129067578999,21,0.12215313074753498,1.5271749851156062,0.07998633551366614,-1.000000000000005,1.0103017843078934,2.0103017843078987,2.0103017843078987,5.10702591327572e-15,5.10702591327572e-15,True
4.487104988436447,0.41104478690354784,0.01118466767409245,0.09381350923661254,-0.0699230371334159,21,0.09616100495879065,1.5183393631194588,0.06333301190402252,-0.9999999999999921,1.0131380026800072,2.0131380026799994,2.0131380026799994,7.882583474838611e-15,7.882583474838611e-15,True
4.579552381570149,0.41367135168426933,0.018125484693137295,0.10070937248153017,-0.06714186921722237,21,0.13671409323118122,1.4809088999125875,0.09231769303246874,-0.9999999999999654,1.0180438861259231,2.0180438861258887,2.0180438861258887,3.4638958368304884e-14,3.4638958368304884e-14,True
5.795892335965927,0.32854932167877093,0.0005241517440506198,0.08178889426685654,-0.09077089016298824,21,0.08371987498050615,1.3147345228173875,0.0636781597558571,-0.9999999999999462,1.0104708000816016,2.010470800081548,2.010470800081548,5.384581669432009e-14,5.384581669432009e-14,True
5.6185083743937865,0.3416625184935578,0.0165519842881977,0.1144896919568023,-0.07238793068012142,21,0.18374145775015838,1.195585075152683,0.1536832983020414,-0.9999999999122412,1.0324193210382182,2.0324193209504595,2.0324193209504595,8.775880022682259e-11,8.775880022682259e-11,True
5.891523403754364,0.3595450940553972,0.021838531232066638,0.09497445786354045,-0.054847395136363344,21,0.17752812399940843,1.2366041701782062,0.1435609941165126,-0.9999999999996849,1.0251880958895738,2.0251880958892587,2.0251880958892587,3.1508129438861943e-13,3.1508129438861943e-13,True
4.6223402046330655,0.4325059852176849,-0.06071661332794695,0.09516787499006686,-0.08743707743124814,21,0.18368761454631,1.640571414638289,0.11196563155210722,-0.9999999999999515,1.0076325167682179,2.0076325167681692,2.0076325167681692,4.851674617611934e-14,4.851674617611934e-14,True
4.572883042839605,0.4162163067272289,-0.060956975977866236,0.09820051284128319,-0.04870315167175736,21,0.195738235915484,1.589311689839281,0.12315912427176448,-0.9999999999998755,1.0098052011865344,2.00980520118641,2.00980520118641,1.2445600106048005e-13,1.2445600106048005e-13,True
4.755661046970025,0.4268449236055889,-0.0627232424065907,0.11499022073565231,-0.08185505237976588,21,0.2361272318614298,1.4957813428370996,0.1578621320503699,-0.9999999999971151,1.0173263453648014,2.0173263453619166,2.0173263453619166,2.8849145294884693e-12,2.8849145294884693e-12,True
5.323598806647001,0.37949629596152223,0.010783827893519313,0.08530977282817667,-0.11924727801998619,21,0.08340621140080096,1.386421793076495,0.0601593337736859,-0.9999999999999873,1.0124249701970534,2.0124249701970407,2.0124249701970407,1.2656542480726785e-14,1.2656542480726785e-14,True
5.213820059786964,0.4012962072143381,0.039419195941545075,0.09234571429576324,-0.1205080825352753,21,0.19617442134483043,1.3408977522945191,0.14630080556786706,-0.9999999999997258,1.02541922055513,2.0254192205548556,2.0254192205548556,2.7422508708241367e-13,2.7422508708241367e-13,True
5.310603151619798,0.36071693016187795,0.006026668698562332,0.07528713841560071,-0.10575352876778342,21,0.10879389347148005,1.3924435708394922,0.07813163545714757,-0.9999999999999954,1.0078926336391807,2.0078926336391762,2.0078926336391762,4.551914400963142e-15,4.551914400963142e-15,True
6.074384942910226,0.329707437309124,0.014959413269001368,0.04048538315166114,-0.18,21,0.23140110649108525,1.2812762256751986,0.1806020449408893,-0.9999999999998245,1.0053577110080267,2.0053577110078513,2.0053577110078513,1.7552626019323725e-13,1.7552626019323725e-13,True
6.10790969894515,0.3041197617077083,0.010445314086303604,0.08097003006006782,-0.17559968507645335,21,0.12850534495284283,1.2708043223774237,0.1011212683888537,-0.9999999999998821,1.010775770396931,2.0107757703968128,2.0107757703968128,1.1790568521519162e-13,1.1790568521519162e-13,True
6.026606675594906,0.33305161576978437,0.0007608021383220462,0.08969680059776503,-0.15289644511325193,21,0.09004367282338532,1.2810145597039093,0.0702909050808898,-0.9999999999993171,1.0141658805229443,2.0141658805222615,2.0141658805222615,6.828981824469338e-13,6.828981824469338e-13,True
5.462643965542612,0.3439993623330882,0.004407611005049213,0.05422901620188275,-0.13800792864964545,21,0.20273182900649722,1.3863138085948468,0.14623805068491966,-1.0000000000000038,1.0034540081598486,2.0034540081598524,2.0034540081598524,3.774758283725532e-15,3.774758283725532e-15,True
5.448861160880808,0.37162371509782116,-0.01125877630365326,0.0647103453011187,-0.12535593977645032,21,0.10897934002966103,1.4179815212264804,0.07685526108647704,-0.9999999999999998,1.0036900337749584,2.003690033774958,2.003690033774958,2.220446049250313e-16,2.220446049250313e-16,True
5.403202527407977,0.3698500830190319,-0.01500090792929189,0.06755070623675373,-0.14296146863511155,21,0.13230511143012347,1.444507479197479,0.09159184935728255,-1.0000000000000002,1.0031824058315042,2.003182405831504,2.003182405831504,2.220446049250313e-16,2.220446049250313e-16,True
5.4380523804997924,0.33159178828038766,-0.0033118653382396834,0.06714526494025187,-0.07374274599301925,21,0.1782809639653189,1.3744921236272374,0.12970679198571292,-1.0000000000000007,1.0051090485091871,2.005109048509188,2.005109048509188,6.661338147750939e-16,6.661338147750939e-16,True
5.4447301709188825,0.3422830015084881,-0.03089532272826418,0.06165113346223981,-0.0742734784034535,21,0.2246853543474936,1.4364877592596759,0.1564129961422643,-0.9999999999999988,1.0024913232583081,2.002491323258307,2.002491323258307,1.2212453270876722e-15,1.2212453270876722e-15,True
5.617338564619491,0.365786244448552,-0.009870731231250453,0.06127043271290679,-0.0488489824885312,21,0.10284596555780823,1.3463856987747378,0.07638670378881918,-0.9999999999999964,1.0056167352788123,2.005616735278809,2.005616735278809,3.552713678800501e-15,3.552713678800501e-15,True
5.142591612290519,0.3370885214803742,0.0005196803743734765,0.12008262459838545,-0.08009094098646447,21,0.1630028669171255,1.2355107555613156,0.13193156448328147,-0.9999999998948889,1.0295047354780567,2.0295047353729454,2.0295047353729454,1.0511114201250393e-10,1.0511114201250393e-10,True
5.314534039854168,0.33377158316757183,0.015435471671735788,0.10800512920435304,-0.09869776055256602,21,0.1107953419262373,1.2732973235734353,0.08701450939620024,-0.9999999999856947,1.0233234831414928,2.0233234831271876,2.0233234831271876,1.4305334694597605e-11,1.4305334694597605e-11,True
5.290759081262316,0.3987326543296419,-0.015580024673314378,0.0792237432375833,-0.06569694723062092,21,0.07808798726147392,1.4241845294206967,0.05482996455047655,-1.0000000000000042,1.007728063057795,2.007728063057799,2.007728063057799,4.218847493575595e-15,4.218847493575595e-15,True
5.469769743786563,0.4082444137586739,-0.003752896010344062,0.0744917939735438,-0.10672252715905403,21,0.08731468893430527,1.387178158285833,0.06294410592666913,-0.9999999999999656,1.0098764050260103,2.0098764050259756,2.0098764050259756,3.441691376337985e-14,3.441691376337985e-14,True
5.661700567781439,0.35690796702791344,0.014865552005135856,0.0762748164703334,-0.07396564675996901,21,0.08859235464449444,1.296598503948713,0.06832674445843624,-0.9999999999999026,1.0129512728935612,2.012951272893464,2.012951272893464,9.736655925962623e-14,9.736655925962623e-14,True
5.564227369113363,0.35947892656568764,-0.00817998486116171,0.06595140929982161,-0.09983066336726784,21,0.10695315308191677,1.3772708964051588,0.07765585794419766,-0.9999999999999982,1.004692995926522,2.0046929959265203,2.0046929959265203,1.7763568394002505e-15,1.7763568394002505e-15,True
5.657667118608808,0.4021067793885454,-0.03337642733664344,0.07657125850461087,-0.18,21,0.08904595431585349,1.4609215015665757,0.06095190892896553,-0.9999999999999989,1.0051507885123656,2.0051507885123643,2.0051507885123643,1.1102230246251565e-15,1.1102230246251565e-15,True
5.422148105366277,0.4294712387847552,0.017130443838882327,0.08467812397338519,-0.17696105255995795,21,0.16312586544537844,1.3852174680067244,0.11776191768654953,-1.000000000000126,1.018252531920607,2.0182525319207327,2.0182525319207327,1.2589929099249275e-13,1.2589929099249275e-13,True
5.377586895911446,0.3785457987382306,0.011631081046571765,0.10363019905207521,-0.16777290648977455,21,0.12361198819517916,1.391925107373464,0.08880649363990036,-0.9999999999989987,1.01910435608951,2.019104356088509,2.019104356088509,1.0013101459094287e-12,1.0013101459094287e-12,True
5.2575212978915715,0.3640462144752432,0.030130365232914368,0.0601138407304455,-0.09707389132794238,21,0.18414563247631888,1.3420112257797954,0.1372161640222632,-1.0000000000003253,1.0126650549705287,2.012665054970854,2.012665054970854,3.2529534621517087e-13,3.2529534621517087e-13,True
5.31169857504718,0.3625152584095919,0.02447222025087377,0.09392056766271936,-0.07657705560459359,21,0.1232062680174264,1.3347727673539937,0.09230505074033399,-0.9999999999999596,1.0196077177260296,2.0196077177259895,2.0196077177259895,4.04121180963557e-14,4.04121180963557e-14,True
5.478689561110626,0.34567409396597976,0.04643869516237651,0.07420935771532147,-0.09064011945239842,21,0.15543915821401177,1.2645765982009225,0.12291794616091321,-1.0000000000010716,1.020237747775881,2.0202377477769526,2.0202377477769526,1.071587263368201e-12,1.071587263368201e-12,True
5.277684956108014,0.33643370113038434,0.004809800503288143,0.08836339244627531,-0.12112083970631526,21,0.13513510804896467,1.3997815237679272,0.09654014269684633,-0.9999999999999098,1.0105347475230935,2.0105347475230033,2.0105347475230033,9.015010959956271e-14,9.015010959956271e-14,True
5.258112328675196,0.3346973595669,0.02678186907969176,0.07774663808999083,-0.09642002837728098,21,0.16326562956117918,1.349208567098615,0.12100844416684314,-0.9999999999999718,1.0117849146310944,2.0117849146310665,2.0117849146310665,2.8199664825478976e-14,2.8199664825478976e-14,True
5.364683319526494,0.39232302875106645,0.012524820200182491,0.08257573420458486,-0.10397728949166107,21,0.10534377776062787,1.367021169604758,0.07706082400398052,-0.999999999999875,1.0139920103594484,2.013992010359323,2.013992010359323,1.2501111257279263e-13,1.2501111257279263e-13,True
5.518989629122246,0.3482876710011137,-0.011548785236294191,0.06822066654262483,-0.09025351250830622,21,0.13822480289757477,1.3877498155287893,0.09960354622342751,-1.0,1.004400067659905,2.0044000676599047,2.0044000676599047,0.0,0.0,True
5.300276420071755,0.33751366158870166,-0.0033843274372220254,0.07897534989658092,-0.11421547000147837,21,0.17114673997292074,1.4206137744287681,0.12047380016552298,-0.9999999999999949,1.0066980826822407,2.0066980826822354,2.0066980826822354,5.10702591327572e-15,5.10702591327572e-15,True
5.619356195278309,0.3049550207398856,0.005693381076196885,0.07558991886761209,-0.10816327359789778,21,0.19925411643648072,1.340888935258974,0.14859852385760614,-0.999999999999991,1.0076913871628195,2.0076913871628106,2.0076913871628106,8.992806499463768e-15,8.992806499463768e-15,True
5.131753481021306,0.4179831193708599,-0.05184672862345628,0.08957329423281492,-0.0666260777187607,21,0.13921620225527076,1.53884479584621,0.09046799432344042,-0.9999999999999816,1.0070555827488366,2.0070555827488183,2.0070555827488183,1.84297022087776e-14,1.84297022087776e-14,True
5.162999096432069,0.4609449870577256,-0.05493099260237379,0.07836797363141884,-0.06754038087152944,21,0.15886133148402082,1.5406631658039072,0.10311230579795688,-0.9999999999999967,1.0043603993082808,2.0043603993082773,2.0043603993082773,3.3306690738754696e-15,3.3306690738754696e-15,True
5.324339200056405,0.43757139310707915,-0.07,0.08572983055342075,-0.0740741090262414,21,0.17252667279201228,1.5491853546022303,0.11136606234978921,-0.9999999999999971,1.0060755430697323,2.0060755430697297,2.0060755430697297,2.886579864025407e-15,2.886579864025407e-15,True
5.682898624872355,0.35608170846598014,-0.04762967742245308,0.07072473937847673,-0.09463585144298262,21,0.16315495093450183,1.443574294467872,0.11302151303175133,-0.9999999999999978,1.0041199775060463,2.0041199775060443,2.0041199775060443,2.220446049250313e-15,2.220446049250313e-15,True
5.650960709841774,0.3261806826393887,-0.06250739277871009,0.07701231411272547,-0.11478853218456259,21,0.28698056822895057,1.382722282855087,0.20754751101311855,-1.0000000000000093,1.0119501449972181,2.0119501449972272,2.0119501449972272,9.325873406851315e-15,9.325873406851315e-15,True
5.830967817330367,0.35132405104118086,-0.05070746332796349,0.06879279752841982,-0.09580401263779155,21,0.16532653531373365,1.425677081022534,0.11596352183424102,-0.9999999999999976,1.0040530567635533,2.004053056763551,2.004053056763551,2.4424906541753444e-15,2.4424906541753444e-15,True
5.138808737049476,0.4248419000022936,0.025626697452686323,0.10351922043681698,-0.10978733241559271,21,0.21454852366320964,1.38042186908253,0.1554224316989451,-0.9999999999991231,1.0262698570915534,2.0262698570906768,2.0262698570906768,8.768541448489486e-13,8.768541448489486e-13,True
4.9726393427513464,0.4014998242611447,0.020345205711095965,0.11340513185093004,-0.13140952194500746,21,0.17453897333610047,1.4361097598621777,0.12153595652246722,-0.999999999998252,1.0243330120214456,2.0243330120196976,2.0243330120196976,1.748046152272309e-12,1.748046152272309e-12,True
5.118042250843159,0.4212249606808076,0.004908766361701242,0.1088085272511903,-0.09481475102774897,21,0.2242936315921189,1.4241353236985068,0.1574946059266503,-0.9999999999995186,1.02184482525756,2.0218448252570784,2.0218448252570784,4.813927034774679e-13,4.813927034774679e-13,True
5.629514977732771,0.4090933476569629,0.02433635648166654,0.05147187200794195,-0.06816582591458416,21,0.21858906036809844,1.2781026851552482,0.17102621167058024,-0.9999999999703245,1.0205081888504302,2.0205081888207546,2.0205081888207546,2.9675484292113197e-11,2.9675484292113197e-11,True
5.487968318641802,0.36879309463816456,0.00261396646322087,0.04409055182689742,-0.07161008860350343,21,0.18954620521112675,1.35147640087106,0.1402512134795395,-0.9999999999997927,1.007009318318593,2.007009318318386,2.007009318318386,2.0727863869751673e-13,2.0727863869751673e-13,True
5.459138870659459,0.38895023360629916,0.013202646087865625,0.05561383381327739,-0.08254574645883084,21,0.12672691744733555,1.3380872226669063,0.09470751629685208,-0.9999999999998491,1.011497962467411,2.01149796246726,2.01149796246726,1.5087930904655877e-13,1.5087930904655877e-13,True
5.789880199678871,0.34445456791208834,0.007850470111758446,0.07456755678443361,-0.06983319767625935,21,0.08767324591702508,1.2895655883535526,0.06798665124816297,-0.999999999999979,1.010596187847825,2.010596187847804,2.010596187847804,2.098321516541546e-14,2.098321516541546e-14,True
5.578224271739903,0.32783999192570107,0.005733963421100463,0.060199784601912,-0.09411491431196904,21,0.18929326366753862,1.3406275923503141,0.14119749940076956,-0.9999999999999976,1.0048948335220933,2.0048948335220906,2.0048948335220906,2.4424906541753444e-15,2.4424906541753444e-15,True
5.634159768854115,0.33904774778757074,-0.010434851120987614,0.06941971506116398,-0.08241636910386811,21,0.13620194905970617,1.3616043376059095,0.1000304899874131,-1.0000000000000007,1.0050803573134863,2.0050803573134868,2.0050803573134868,6.661338147750939e-16,6.661338147750939e-16,True
5.488293776301698,0.3660747259849762,-0.04865344296935104,0.09263443231552101,-0.029489492483057014,21,0.1652976102421735,1.3686329732631901,0.1207757035460423,-0.9999999999991634,1.0120850505690255,2.012085050568189,2.012085050568189,8.365530490550555e-13,8.365530490550555e-13,True
5.6593849981683,0.3858528703679337,-0.0021290138714780416,0.08022037740565738,-0.028653731255977775,21,0.12811606726096136,1.3125717266612495,0.0976069076139911,-0.9999999999998986,1.0134224731868815,2.0134224731867802,2.0134224731867802,1.0136336214827679e-13,1.0136336214827679e-13,True
5.48201034392195,0.38481549763409806,-0.033720864568773226,0.08510380841703279,-0.03676791831125749,21,0.0979999682677355,1.4167089965806068,0.06917438126267984,-0.9999999999999766,1.0082186947636569,2.0082186947636336,2.0082186947636336,2.3425705819590803e-14,2.3425705819590803e-14,True
4.592347692583115,0.3890115759579651,-0.012408804328644194,0.07986556058512503,-0.022073886329601618,21,0.12280728949102104,1.5245745716918004,0.08055184165556652,-1.0000000000000033,1.0070790236615472,2.0070790236615506,2.0070790236615506,3.3306690738754696e-15,3.3306690738754696e-15,True
4.697905421029717,0.34835272532190564,-0.009165543911304338,0.10240737858838299,-0.040021360304279795,21,0.15417695577909507,1.4169908670650868,0.10880589237560219,-0.9999999999986278,1.0153228918330053,2.015322891831633,2.015322891831633,1.3722356584366935e-12,1.3722356584366935e-12,True
4.597715404332485,0.3966620738882115,0.0047297346399602196,0.10240146897435061,-0.03383755173083462,21,0.12381907200089537,1.489414632129121,0.08313270819952653,-0.9999999999998721,1.0160733807111857,2.016073380711058,2.016073380711058,1.2789769243681803e-13,1.2789769243681803e-13,True
5.290035434508024,0.3138913700821163,-0.005679056048052202,0.10672881123236955,-0.07362359986273566,21,0.1598858154855849,1.239620134784798,0.12897968579168131,-0.999999999979858,1.0226299918855162,2.022629991865374,2.022629991865374,2.0141999179656978e-11,2.0141999179656978e-11,True
5.4960311141630855,0.3672860108763965,0.013635327592053261,0.10056887142885214,-0.03713475756427532,21,0.17195167389638133,1.308285154258419,0.13143287098893164,-0.9999999999989432,1.0231425564988021,2.023142556497745,2.023142556497745,1.0568212971406865e-12,1.0568212971406865e-12,True
5.355378403740625,0.3629550258698369,-0.0057549976521162225,0.10845131004713773,-0.07333322758696122,21,0.14401685718004575,1.3096291278601553,0.10996766497959577,-0.9999999999885373,1.0211039662184411,2.0211039662069785,2.0211039662069785,1.1462719662347354e-11,1.1462719662347354e-11,True
5.525069941077393,0.3150655319731668,0.0026983883589204887,0.09020483986241264,-0.08814761084022099,21,0.13759770194934506,1.300194089721397,0.10582858592968164,-0.9999999999992636,1.0135266147339277,2.013526614733191,2.013526614733191,7.364109322338663e-13,7.364109322338663e-13,True
5.2876988932332285,0.34855920320632167,0.018314122704602327,0.08436947993460993,-0.07760952323340542,21,0.11027050069282396,1.3534530035978087,0.0814734611395431,-0.9999999999999994,1.013313231589114,2.0133132315891134,2.0133132315891134,5.551115123125783e-16,5.551115123125783e-16,True
5.440786267792686,0.3377594925300538,0.012527195486377386,0.09408424908175017,-0.05084605932471535,21,0.10414524987758811,1.3220924648730177,0.07877304549012076,-0.9999999999993293,1.0175276286682664,2.0175276286675956,2.0175276286675956,6.706857291760571e-13,6.706857291760571e-13,True
5.483473816707758,0.37399857320233293,-0.01944546187590126,0.07647916417859539,-0.11440288765654966,21,0.07330628783090898,1.4247394999736929,0.0514524148676039,-0.9999999999999987,1.0054368206782442,2.005436820678243,2.005436820678243,1.3322676295501878e-15,1.3322676295501878e-15,True
5.473583368514192,0.34373195124825334,-0.013923521096356025,0.07898369674415846,-0.08230991292444549,21,0.12874384135967598,1.3968907853369106,0.09216457199882291,-0.9999999999999897,1.0070060999345596,2.007006099934549,2.007006099934549,1.0325074129013956e-14,1.0325074129013956e-14,True
5.431217764279006,0.3697541585029386,-0.013823597260488199,0.08816798030477453,-0.06771075505863988,21,0.08312588712587021,1.3964140914757683,0.059528106765250784,-0.9999999999999386,1.0104417831194121,2.010441783119351,2.010441783119351,6.139533326177116e-14,6.139533326177116e-14,True
5.358056782597764,0.39225771684780375,-0.004148191640826464,0.06425815247150912,-0.10219667132173028,21,0.08435422767791256,1.4054434681834422,0.06001965186614139,-1.000000000000011,1.0063972486587842,2.0063972486587955,2.0063972486587955,1.1102230246251565e-14,1.1102230246251565e-14,True
5.359224651085247,0.3776181360095896,0.0023693304597985007,0.08026959962829239,-0.08963909757404499,21,0.07426431812635959,1.3836132808093882,0.05367418711311902,-0.999999999999993,1.010055512907383,2.010055512907376,2.010055512907376,6.994405055138486e-15,6.994405055138486e-15,True
5.272502447677106,0.3577967332329328,0.002987060275214509,0.08422901227740145,-0.11792724042536609,21,0.08687006029366762,1.4129472968246701,0.0614814582885657,-0.9999999999999962,1.0091507417017485,2.0091507417017445,2.0091507417017445,3.774758283725532e-15,3.774758283725532e-15,True
5.316987134531818,0.33104106422532076,0.031002219053216394,0.09614403689056228,-0.084827892829987,21,0.10646387207997421,1.3233358771486636,0.08045113407592898,-0.999999999999505,1.0204312969252445,2.0204312969247495,2.0204312969247495,4.950484466803573e-13,4.950484466803573e-13,True
5.266089385449659,0.3232427274277319,0.02540795823567054,0.09653729972474755,-0.1306672059051183,21,0.11584034808376553,1.3357240820361278,0.08672475823538559,-0.9999999999991991,1.016885097357965,2.0168850973571644,2.0168850973571644,8.009148899645879e-13,8.009148899645879e-13,True
5.408920436638934,0.37141412622703923,0.02933213370636607,0.09663761310566019,-0.13358521307541188,21,0.12897401854928137,1.33651568224488,0.09650019095372679,-0.9999999999998953,1.0214879919460378,2.021487991945933,2.021487991945933,1.0469403122215226e-13,1.0469403122215226e-13,True
5.472056091969857,0.3971611452548052,-0.009767823567799355,0.05366476607554803,-0.05863046978996769,21,0.09725192868988541,1.375475736312475,0.07070421245714517,-1.000000000000041,1.0067030809963022,2.0067030809963433,2.0067030809963433,4.107825191113079e-14,4.107825191113079e-14,True
5.611516029334934,0.3842481264968469,0.01886198294303208,0.06656085437401385,-0.05350396905369195,21,0.16014437857861008,1.2859874081276428,0.12453028510735985,-1.0000000000013245,1.015906496906914,2.0159064969082383,2.0159064969082383,1.3244960683778118e-12,1.3244960683778118e-12,True
5.473283104055663,0.3891281481876779,0.002406467647290394,0.04531642968449075,-0.07646201082518873,21,0.15281930900144114,1.3569143452928352,0.11262266445304715,-0.9999999999993209,1.0086616238373733,2.0086616238366943,2.0086616238366943,6.791234241632083e-13,6.791234241632083e-13,True
5.544940688940079,0.4111256364815856,0.0029997056329086422,0.05975267826214691,-0.12973783991952997,21,0.10421080080706391,1.3707395789940235,0.07602523659785436,-1.0000000000001619,1.0100605700557428,2.010060570055905,2.010060570055905,1.6187051699034782e-13,1.6187051699034782e-13,True
5.590464039234003,0.3838739083561966,0.026730103373607463,0.04922808526024268,-0.11196689824275721,21,0.1570536135664713,1.3005545782122874,0.12075895636948478,-0.9999999999928005,1.0152280559848637,2.0152280559776643,2.0152280559776643,7.199463247786753e-12,7.199463247786753e-12,True
5.510474154667577,0.38397575831524866,0.00892396060905756,0.048280614526563084,-0.12984489121256593,21,0.15246319737843428,1.3633155154319467,0.11183265770295919,-0.9999999999996059,1.0081726567091571,2.008172656708763,2.008172656708763,3.9412917374193057e-13,3.9412917374193057e-13,True
5.042280858680854,0.39318225295438314,-0.004864482061955097,0.0940560058741388,-0.10643539803617336,21,0.08674184316668776,1.4679246416773029,0.05909148242621873,-0.9999999999999647,1.0113075579407145,2.011307557940679,2.011307557940679,3.530509218307998e-14,3.530509218307998e-14,True
5.096030311094651,0.3758877532315717,-0.0031992250834361677,0.06051694858962803,-0.1359179096013254,21,0.16676539309615857,1.470656918939451,0.11339517119765752,-1.0000000000000007,1.0032933749193933,2.003293374919394,2.003293374919394,6.661338147750939e-16,6.661338147750939e-16,True
5.092258407914184,0.364494726374912,0.004872654423170969,0.08836833458780577,-0.06781474902238163,21,0.08346804950173259,1.4140423335325198,0.05902797074909003,-0.999999999999994,1.0116699383519345,2.0116699383519285,2.0116699383519285,5.995204332975845e-15,5.995204332975845e-15,True
5.2388778829883575,0.4843800946297573,-0.033346579188539775,0.061623086828022616,-0.04342312352477911,21,0.17551908808367256,1.462500021793495,0.12001304989276497,-1.000000000000121,1.008812515632023,2.008812515632144,2.008812515632144,1.2101430968414206e-13,1.2101430968414206e-13,True
5.099009044246202,0.5009384396041722,-0.04477873908478134,0.06952206846505302,-0.048355710595218024,21,0.19342461615797135,1.517956908049704,0.12742431299086512,-1.0000000000000018,1.0071818004262179,2.0071818004262196,2.0071818004262196,1.7763568394002505e-15,1.7763568394002505e-15,True
5.077418094193883,0.46358499904598954,-0.04842373869993693,0.07991022488163584,-0.024669444957266664,21,0.17310313861744286,1.5171579355823261,0.1140969799897604,-1.000000000000003,1.0056940756953923,2.0056940756953954,2.0056940756953954,3.1086244689504383e-15,3.1086244689504383e-15,True
5.131540420171421,0.373000773338116,-0.0303744141070559,0.10019038921833373,-0.08705854737381144,21,0.1576137526961725,1.4147517807391725,0.11140735416768534,-0.9999999999988659,1.012995632446488,2.012995632445354,2.012995632445354,1.1340928196545974e-12,1.1340928196545974e-12,True
5.108232412616804,0.35663054863432936,-0.001512827211001641,0.09677417766052364,-0.06880064749662776,21,0.09147284674028833,1.4013207355562232,0.06527616727513863,-0.9999999999994882,1.0138994481214925,2.0138994481209807,2.0138994481209807,5.118128143521972e-13,5.118128143521972e-13,True
5.081723646019382,0.37657406180611125,-0.017951653740048173,0.09276420172201588,-0.09991489004061496,21,0.11096949865683836,1.4748351818417034,0.0752419660332926,-0.9999999999999011,1.0095259407256225,2.0095259407255237,2.0095259407255237,9.892087149410145e-14,9.892087149410145e-14,True
5.613425226280205,0.3815229379422584,0.011816201402399393,0.08492295201033132,-0.06977296112267384,21,0.131484356004818,1.309138212618342,0.10043580940307495,-0.9999999999997964,1.0166386162665237,2.01663861626632,2.01663861626632,2.036149027162537e-13,2.036149027162537e-13,True
5.622117235603126,0.281356830785413,0.006226128390076481,0.06705873427363093,-0.04005190533027441,21,0.26039351718984194,1.3056402123669728,0.1994374213687697,-1.000000000000001,1.0077936379415706,2.007793637941572,2.007793637941572,1.1102230246251565e-15,1.1102230246251565e-15,True
5.554948012138076,0.31676510089918175,-0.0011737097128863908,0.0825428791900382,-0.05856726405787328,21,0.14422819732193637,1.3321545913745627,0.10826686201120005,-0.9999999999999025,1.010614227570661,2.0106142275705636,2.0106142275705636,9.747758156208874e-14,9.747758156208874e-14,True
5.481887568930138,0.3831441585848714,-0.00048448512431609886,0.10244172348217785,-0.11405726065898557,21,0.1597164288265278,1.3728602055129577,0.11633845032812434,-0.9999999999986698,1.0185303343629686,2.0185303343616385,2.0185303343616385,1.3301582058034e-12,1.3301582058034e-12,True
5.699987895367353,0.293979441658777,-0.004956933163956274,0.09969749628224366,-0.1079525382869689,21,0.17010447866697365,1.1878996455107023,0.14319768450965592,-0.9999999999858394,1.0212080831864028,2.021208083172242,2.021208083172242,1.4160561612186484e-11,1.4160561612186484e-11,True
5.269838444158338,0.33901151893169035,-0.0001502724565696379,0.09895938081782371,-0.1544799705773405,21,0.12711381102204045,1.3586755324006665,0.0935571503208282,-0.9999999999986855,1.014233375259565,2.01423337525825,2.01423337525825,1.3145040611561853e-12,1.3145040611561853e-12,True
4.758045423295643,0.3987985239397564,-0.04731120708166671,0.10187851812268638,-0.09861052208934112,21,0.19360410117358406,1.5219678678093516,0.127206431402687,-0.9999999999996316,1.0116034078143692,2.011603407814001,2.011603407814001,3.6837199957062694e-13,3.6837199957062694e-13,True
4.9221747069276764,0.3928189841533675,-0.02493727182395619,0.08399080914629849,-0.10965191849060982,21,0.11078380632199925,1.541213186220997,0.07188090999509121,-0.9999999999999978,1.0054093279657954,2.0054093279657934,2.0054093279657934,2.220446049250313e-15,2.220446049250313e-15,True
4.758350185206627,0.39888516541284436,-0.059118401378213725,0.08319579963164224,-0.08413735687334789,21,0.20240442135998626,1.6188160500349107,0.12503237866687897,-0.9999999999999928,1.0060160779494554,2.006016077949448,2.006016077949448,7.216449660063518e-15,7.216449660063518e-15,True
5.515138611111183,0.38663836495532633,0.012386326670294389,0.09782748272765074,-0.12859727736426296,21,0.14914973797970044,1.353996857473412,0.11015515815746953,-0.9999999999999345,1.0193570239651353,2.0193570239650698,2.0193570239650698,6.550315845288424e-14,6.550315845288424e-14,True
5.551840243191696,0.39721290644691276,0.021431268177923547,0.07891086541354261,-0.1457630470434013,21,0.13572516176552574,1.3360558129811082,0.10158644605024812,-1.0000000000001865,1.0165425654018208,2.0165425654020073,2.0165425654020073,1.865174681370263e-13,1.865174681370263e-13,True
5.396814567682591,0.41690513205335883,-0.005187565086045452,0.08530071236889991,-0.1536787096908332,21,0.11185083838144916,1.428788284388913,0.0782837034734557,-0.999999999999998,1.0111678206813521,2.01116782068135,2.01116782068135,1.9984014443252818e-15,1.9984014443252818e-15,True
5.300231483769752,0.38657984072645746,0.017620926380052224,0.07263115388091716,-0.05082739983929445,21,0.13782163475940146,1.338982175080183,0.10293014897763536,-1.0000000000003448,1.0146705601798591,2.014670560180204,2.014670560180204,3.448352714485736e-13,3.448352714485736e-13,True
5.110443086735491,0.3644202682257237,0.006788013552755161,0.057824976794955116,-0.08420194229140938,21,0.1885503602359866,1.4152816979693634,0.13322461564119523,-1.0000000000000204,1.0059290037594606,2.005929003759481,2.005929003759481,2.042810365310288e-14,2.042810365310288e-14,True
5.147258146165311,0.360180705689088,0.019275979101911696,0.08042789998885393,-0.08482278375423091,21,0.12254068788490247,1.3799903995064382,0.08879821767508664,-0.9999999999999595,1.012044490856793,2.0120444908567525,2.0120444908567525,4.0523140398818214e-14,4.0523140398818214e-14,True
5.588988883845255,0.3621243168177044,0.019554845253653256,0.09932262769663039,-0.078124991979066,21,0.15617826732315776,1.3000573540872757,0.12013182867059354,-0.9999999999992799,1.0230303196422983,2.0230303196415784,2.0230303196415784,7.200906537718765e-13,7.200906537718765e-13,True
5.483953692738677,0.3651677347977773,0.008095904881701336,0.07918930955493371,-0.09878681011053589,21,0.07315011754218403,1.3536892230149276,0.0540376005795958,-0.9999999999999845,1.010692012064223,2.0106920120642076,2.0106920120642076,1.554312234475219e-14,1.554312234475219e-14,True
5.418827650214753,0.34618544410904967,0.009090518616333584,0.07467504380719629,-0.10751256652852957,21,0.12443393673926484,1.367229491819483,0.09101174125030798,-0.9999999999999976,1.0080418254446282,2.008041825444626,2.008041825444626,2.4424906541753444e-15,2.4424906541753444e-15,True
5.57335331304055,0.3453794831903099,-0.01319623241183995,0.06128425258213747,-0.044287457987378445,21,0.1424523496133625,1.3588273249706555,0.10483476965437005,-1.0000000000000007,1.004251934815485,2.0042519348154855,2.0042519348154855,6.661338147750939e-16,6.661338147750939e-16,True
5.737421908239724,0.3206952372156005,0.0032361287863707337,0.05045907996956317,-0.06578943673662514,21,0.21440216779941257,1.306110146902361,0.16415320584400936,-1.000000000000006,1.0045628782492475,2.0045628782492537,2.0045628782492537,5.995204332975845e-15,5.995204332975845e-15,True
5.670222897966084,0.3272793850442725,0.0002972561852997058,0.07937716775552581,-0.05929870713737735,21,0.10312456442320239,1.3202925058682735,0.07810736178903313,-0.9999999999999836,1.009869359880568,2.0098693598805513,2.0098693598805513,1.6431300764452317e-14,1.6431300764452317e-14,True
5.050683012247296,0.33253170976501717,-0.010867916457667983,0.08074688858060301,-0.09073267360049916,21,0.23164252329548507,1.4623675324283347,0.1584023975907281,-0.9999999999999908,1.0069828707997655,2.006982870799756,2.006982870799756,9.2148511043888e-15,9.2148511043888e-15,True
4.9335221653461065,0.3670732367253021,-0.017468595384811533,0.08831366929142889,-0.06304213496011048,21,0.12745358886860214,1.493614306918794,0.08533232995841385,-0.9999999999999667,1.0083949382554824,2.0083949382554493,2.0083949382554493,3.3306690738754696e-14,3.3306690738754696e-14,True
4.909153456868479,0.35204752242739723,-0.015022410707206875,0.09734874306670144,-0.06742460556487706,21,0.1468923246381424,1.423417987428796,0.10319690065423627,-0.9999999999994261,1.0124650592008566,2.0124650592002826,2.0124650592002826,5.738742814287434e-13,5.738742814287434e-13,True
5.402232218096799,0.34139091289424045,-0.00248474543614956,0.07918872914782021,-0.07010618039121996,21,0.11518390772111697,1.376922833847298,0.08365313210710468,-0.9999999999999953,1.0083118865332341,2.0083118865332295,2.0083118865332295,4.6629367034256575e-15,4.6629367034256575e-15,True
5.630630073034821,0.3576098117983369,0.004040805050781186,0.04675179799855349,-0.05886640738689366,21,0.17965381022276716,1.3182318590446573,0.13628392379544294,-0.9999999999999295,1.0072193708029695,2.007219370802899,2.007219370802899,7.049916206369744e-14,7.049916206369744e-14,True
5.4839294229326,0.3396010901606529,0.00623725652886036,0.061626406139738646,-0.050759754811403136,21,0.1692928703028569,1.3335127241822116,0.12695257212988142,-0.9999999999999977,1.0069359146489016,2.006935914648899,2.006935914648899,2.3314683517128287e-15,2.3314683517128287e-15,True
5.416573733614676,0.3652324280316069,-0.0017792354270226782,0.08310213069646784,-0.0693424535054579,21,0.07726031373657172,1.3724457573760567,0.05629389236065963,-1.0000000000000089,1.0103291201046518,2.010329120104661,2.010329120104661,8.881784197001252e-15,8.881784197001252e-15,True
5.352500334022862,0.3391828181352103,-0.00830105514995447,0.07272947087722136,-0.0657470984494358,21,0.16082700339743616,1.39656387043473,0.11515907492821868,-1.0000000000000002,1.0058734121725788,2.005873412172579,2.005873412172579,2.220446049250313e-16,2.220446049250313e-16,True
5.4984053030504265,0.315151129460063,0.017814564584364537,0.08220839053298797,-0.05059797954387393,21,0.14372124491994942,1.3052314027524163,0.11011169714188318,-0.9999999999999825,1.0133163504797191,2.013316350479702,2.013316350479702,1.7541523789077473e-14,1.7541523789077473e-14,True
5.229173529179503,0.3445494143048706,0.025452762386096277,0.08640892754136748,-0.11022685594407398,21,0.12097583458866379,1.3647395166997407,0.08864390098501115,-0.999999999999998,1.0139018449275476,2.0139018449275454,2.0139018449275454,1.9984014443252818e-15,1.9984014443252818e-15,True
5.150648797462779,0.3219023913010394,0.029731745883770075,0.08416194010413712,-0.13699468861908115,21,0.1809362359423239,1.3836846258356277,0.13076407193080852,-1.0000000000000009,1.0116072813212782,2.011607281321279,2.011607281321279,8.881784197001252e-16,8.881784197001252e-16,True
5.2771271493426735,0.3766904274547902,0.008479681099809394,0.07616223572064136,-0.11469632317397069,21,0.08733857698212733,1.3976404960823812,0.062490016014089024,-0.9999999999999774,1.009170690009371,2.0091706900093484,2.0091706900093484,2.2648549702353193e-14,2.2648549702353193e-14,True
5.359523729267612,0.3778290870215892,0.02543602246180613,0.08967823802870721,-0.09422765252214671,21,0.1298366394972672,1.3334722485257116,0.09736733527136747,-0.9999999999997157,1.019197890035679,2.019197890035395,2.019197890035395,2.843281166065026e-13,2.843281166065026e-13,True
5.330778340620102,0.3318200568203689,0.020762355798872957,0.10073922466338678,-0.110794734789495,21,0.09317374007146251,1.3110385073594226,0.07106865248307984,-0.9999999999974685,1.0195249930029031,2.0195249930003714,2.0195249930003714,2.531530540750282e-12,2.531530540750282e-12,True
5.385152223208293,0.38129855335980156,0.0302434758349141,0.10048195878777878,-0.11578492857780531,21,0.16172597350538487,1.3293086822096372,0.12166171459630928,-0.9999999999997297,1.0248957820442095,2.0248957820439393,2.0248957820439393,2.703393064962256e-13,2.703393064962256e-13,True
5.5819847343043,0.4096738415865287,-0.011234621531791075,0.08972738782116134,-0.09986606315662841,21,0.16621480135052935,1.3811519440358526,0.1203450511497196,-1.000000000000033,1.0132969059994306,2.0132969059994634,2.0132969059994634,3.3084646133829665e-14,3.3084646133829665e-14,True
5.6330544569389485,0.37909739979490115,-0.023478855317059195,0.08936897708800136,-0.10884161581596168,21,0.1034564317643607,1.4047389938765693,0.07364815258588255,-0.9999999999999017,1.0101947097774302,2.010194709777332,2.010194709777332,9.825473767932635e-14,9.825473767932635e-14,True
5.535836230334352,0.39385567948408934,-0.00496619662615177,0.08371865711374596,-0.12168349891761919,21,0.09500773942036522,1.3862402712147734,0.06853627137603582,-1.0000000000000122,1.0107400501300265,2.010740050130039,2.010740050130039,1.2212453270876722e-14,1.2212453270876722e-14,True
5.8553948652323164,0.3974701603158475,-0.04857064278937564,0.05659122227873833,-0.07995963154958349,21,0.04740756472903196,1.4087581643567963,0.03365202483186819,-0.9999999999999991,1.0014941435269626,2.001494143526962,2.001494143526962,8.881784197001252e-16,8.881784197001252e-16,True
5.877278192917491,0.38930765090497516,-0.054951253107342,0.0698846232409561,-0.06618542601643809,21,0.09937826911248093,1.4124939277302415,0.07035659917644632,-1.000000000000003,1.003389836765938,2.0033898367659413,2.0033898367659413,3.1086244689504383e-15,3.1086244689504383e-15,True
5.731438494801193,0.3838302661847774,-0.05649255780875197,0.0702235740975047,-0.09572008986733277,21,0.11931819981937775,1.455854433433239,0.0819575069315124,-1.0000000000000007,1.0032830094563079,2.0032830094563083,2.0032830094563083,6.661338147750939e-16,6.661338147750939e-16,True
5.269862453114433,0.3332238677083058,0.0023924229235678107,0.0898076620416774,-0.0795012180827214,21,0.12491023658307476,1.3735830483801044,0.0909375204727403,-0.9999999999997882,1.0120158275912852,2.0120158275910733,2.0120158275910733,2.1183055309847987e-13,2.1183055309847987e-13,True
5.314130495462316,0.36251667614730615,0.006451443687176607,0.08799660188900896,-0.10035071918365102,21,0.07675022974542745,1.3879424665473925,0.055297846701347214,-0.9999999999999932,1.0119264179159515,2.011926417915945,2.011926417915945,6.772360450213455e-15,6.772360450213455e-15,True
5.348803854864358,0.3541756870670568,-0.0006662703509349999,0.09452721597546304,-0.08592828975724555,21,0.0858577048467255,1.3754185176949667,0.06242296707667752,-0.999999999999556,1.0138357627528907,2.013835762752447,2.013835762752447,4.439781875476001e-13,4.439781875476001e-13,True
5.405627051908028,0.4009327075194735,-0.01070992321673677,0.07080694078418202,-0.10777082467819445,21,0.05386063325692536,1.4150140050184912,0.038063675034948875,-0.999999999999988,1.0066409302294044,2.006640930229392,2.006640930229392,1.199040866595169e-14,1.199040866595169e-14,True
5.242784244907306,0.43284614852344133,0.02255113012018329,0.04796035787540539,-0.0937939453307831,21,0.21077417159413314,1.3602016978378608,0.15495802712875154,-0.9999999999700757,1.019250277674126,2.0192502776442014,2.0192502776442014,2.9924285271931694e-11,2.9924285271931694e-11,True
5.413154016737043,0.3988119594958927,0.004748812389275395,0.04101578245804906,-0.06577468613721299,21,0.16444233529636443,1.356419123370309,0.12123268720052606,-0.999999999997226,1.0108922580910753,2.010892258088301,2.010892258088301,2.774003249328416e-12,2.774003249328416e-12,True
5.125460027091216,0.3762694414348009,0.015673341812356165,0.07655827862570568,-0.14864892489598255,21,0.10961617711400584,1.42780913965092,0.07677228984597025,-0.9999999999999797,1.0090117201954,2.00901172019538,2.00901172019538,2.0317081350640365e-14,2.0317081350640365e-14,True
5.2510960420102695,0.34722050839068636,0.025670064683270724,0.06368755980215977,-0.1433251037107161,21,0.19383890334935994,1.3781954568744352,0.14064688893182167,-1.0000000000000446,1.0080256942102388,2.0080256942102834,2.0080256942102834,4.463096558993129e-14,4.463096558993129e-14,True
5.1773534723408146,0.369594471273971,0.02596555559344505,0.05441626180844637,-0.14962731546360608,21,0.20680349689946542,1.394527149599223,0.14829650104617845,-0.9999999999999055,1.0090840459910424,2.009084045990948,2.009084045990948,9.447997939560082e-14,9.447997939560082e-14,True
5.879116534856913,0.37212172100651675,-0.015056253365191292,0.06562849874769683,-0.0394481420137556,21,0.06394627858558866,1.3112337518113768,0.04876802362450737,-0.9999999999999816,1.0068415311789507,2.0068415311789325,2.0068415311789325,1.84297022087776e-14,1.84297022087776e-14,True
5.969745711100242,0.37629523991281244,0.0158402806513007,0.0738042411753267,-0.051944042747320306,21,0.16763849179717694,1.2364151404558783,0.13558430846727337,-1.000000000000499,1.0177508385163352,2.017750838516834,2.017750838516834,4.989342272665453e-13,4.989342272665453e-13,True
5.807910140986196,0.3735557589841676,0.008571612722509704,0.08796343296910289,-0.0484358353635786,21,0.15382523894406774,1.2751131007616714,0.12063654498740727,-0.9999999999999205,1.0184039597076577,2.0184039597075785,2.0184039597075785,7.949196856316121e-14,7.949196856316121e-14,True
5.549530242985281,0.369550050506054,0.0018699485709113197,0.07037708264777137,-0.07992060645570442,21,0.08372681319152275,1.3469631833580102,0.06215968945995234,-0.999999999999974,1.0084801621794732,2.0084801621794472,2.0084801621794472,2.5979218776228663e-14,2.5979218776228663e-14,True
5.443314811973267,0.4227036291077192,-0.03707815069073612,0.08877866284854949,-0.06639934988747892,21,0.17811234936017462,1.4467215305562522,0.12311446646659908,-0.9999999999999852,1.0090078006827539,2.009007800682739,2.009007800682739,1.4765966227514582e-14,1.4765966227514582e-14,True
5.453994314706129,0.42301492677058855,-0.0093402567439437,0.09322425477440373,-0.09740506490818421,21,0.19552327586019436,1.3977912145656242,0.1398801722480098,-1.0000000000000417,1.0149628918414795,2.014962891841521,2.014962891841521,4.1744385725905886e-14,4.1744385725905886e-14,True
5.675832355361668,0.30845663283112756,0.010440852919784617,0.10222159491917615,-0.09507910768310815,21,0.11577386856095284,1.2004180143855718,0.0964446277659463,-0.9999999999811017,1.0225915847977214,2.022591584778823,2.022591584778823,1.8898327347471877e-11,1.8898327347471877e-11,True
5.499208401173081,0.3244160784052779,-0.0005531434190618641,0.07178109557838529,-0.09443087646452185,21,0.17980616854153553,1.3683976904925241,0.13139905876106697,-1.000000000000001,1.0059547874318067,2.0059547874318078,2.0059547874318078,1.1102230246251565e-15,1.1102230246251565e-15,True
5.685948501767638,0.31209269348245056,0.03674091284393263,0.09094869224972836,-0.09779599808874972,21,0.11550551031369505,1.2560279108114478,0.09196094236399058,-0.9999999999996589,1.0208523081664211,2.02085230816608,2.02085230816608,3.410605131648481e-13,3.410605131648481e-13,True
5.069340226619757,0.4091046770294965,-0.04764321516980367,0.032570140764651936,-0.11823656399039692,21,0.246393157230135,1.5714176106125797,0.15679673917748987,-0.9999999999999994,1.0008400889017808,2.0008400889017803,2.0008400889017803,5.551115123125783e-16,5.551115123125783e-16,True
5.039377531647271,0.4126211569058982,-0.05467437364498804,0.05492542164028744,-0.12204510446998595,21,0.19403809091878488,1.5966778265573407,0.12152613864323397,-0.9999999999999994,1.0003084784838507,2.0003084784838503,2.0003084784838503,5.551115123125783e-16,5.551115123125783e-16,True
5.296764135006315,0.4084287420776238,-0.03297627374653923,0.021537595276776178,-0.1260434328039804,21,0.26594282706702543,1.4968933318958357,0.1776631783977588,-1.0000000000000586,1.0037519592113355,2.003751959211394,2.003751959211394,5.861977570020827e-14,5.861977570020827e-14,True
