delta,t_hh1,t_th2,t_hh3,t_tt1,nk,bandwidth_low,gap_low_mid,flatness_ratio,chern_low,quantum_weight_low,trace_violation,trace_violation_abs,chern_error,is_gapped
5.417475728155339,0.35145631067961164,0.013592233009708738,0.08349514563106795,-0.08932038834951456,9,0.0899152536626211,1.3477900545435415,0.06671310072329689,-1.000000583989302,1.0123646159516317,2.012365199940934,2.012365199940934,2.0000005839893022,True
6.805417859337949,0.4989494011782202,-0.2500525132711772,0.32980231224094203,-0.24504017166789316,9,1.8293119429625628,0.16648566175031831,10.987804737839925,-0.5278038363794395,2.3010964761103243,2.828900312489764,2.828900312489764,1.5278038363794395,True
3.0820339911627244,0.5610637981238459,0.1877160984744255,0.14368751895115917,0.38726515403668027,9,1.458026966179594,1.1093030526559442,1.3143630702978044,-1.0028332067350578,1.3086856831678848,2.311518889902943,2.311518889902943,2.002833206735058,True
6.847018982439781,0.17697585778275415,-0.0690001367307479,-0.34697914075676783,-0.3323511143036486,9,1.9527134921978846,0.22988310786912988,8.494375729901584,2.474848976565271,4.904928807833704,2.430079831268433,2.430079831268433,1.474848976565271,True
2.045556199793536,0.9996396974604937,0.017156375601173224,-0.2619720343190122,-0.2646922258672112,9,1.19664723512805,2.388457405449266,0.5010125918083776,-1.005328401807026,1.1143688046191051,2.1196972064261312,2.1196972064261312,2.0053284018070263,True
4.907874918569884,0.22576409537459652,-0.2018780189402948,0.16658199730181278,0.08627610023211008,9,0.9079979456799462,0.7603468259341404,1.1941891709278931,-1.012679480095415,1.4718258718415844,2.4845053519369995,2.4845053519369995,2.0126794800954153,True
6.760839740967432,1.1085697539359587,0.04462073532973321,0.29086876761841673,-0.43651601519219574,9,2.9687254976100492,1.2295900670530764,2.414402634794464,-0.9978813648975606,1.337128359973106,2.335009724870667,2.335009724870667,1.9978813648975606,True
7.207385815368745,0.90725502584473,0.34655574847568804,-0.27177943838469193,0.17927653278516587,9,2.285425042041333,0.46789859539103884,4.884445186528772,-4.263004447857317,4.889632381574091,9.152636829431408,9.152636829431408,5.263004447857317,True
3.5623813779830344,0.2145624953581653,-0.12628357898631593,0.017446340187451725,0.46746653393550597,9,1.014302269883435,1.3920530132737021,0.7286376741486966,-1.0074850341640318,1.2292989829567647,2.2367840171207964,2.2367840171207964,2.0074850341640316,True
3.0015176081143915,0.4364038778500189,0.3264600264136167,-0.09379784993124052,-0.09435337737588445,9,1.401355118857233,1.0760140889862648,1.3023575928986941,-1.0897528586982559,1.439553730093557,2.5293065887918127,2.5293065887918127,2.089752858698256,True
3.369003219046091,0.3624234456526418,-0.2861455248980359,0.0598294620994112,-0.31560548273566236,9,1.6945818817687777,1.6834804925341622,1.0065943082107855,-1.0012835884131654,1.2777891168582076,2.279072705271373,2.279072705271373,2.0012835884131652,True
6.8063151098781285,0.15725820842180174,0.004969531193612153,0.09427821397867281,0.2328106224632479,9,0.2879184426128787,0.7328170525866624,0.39289266208612095,-0.9995491149166945,1.0794387040977445,2.078987819014439,2.078987819014439,1.9995491149166944,True
6.552443185850098,0.71971473983703,0.28351282422705426,-0.332916640044773,-0.22526408143579246,9,1.9319323541601725,0.7022708306066934,2.7509790667101632,-2.1644050203449567,2.6653808632137626,4.829785883558719,4.829785883558719,3.1644050203449567,True
3.1862293166310853,0.8945752353245636,0.07232409055544786,0.21460757111237527,0.2502986057071793,9,1.8872281902581396,1.4403202290526773,1.310283749537699,-0.9991617268793396,1.1699354820698769,2.1690972089492164,2.1690972089492164,1.9991617268793396,True
6.948268292913432,0.8205397791775478,-0.25762875927723766,-0.022594255849643807,0.12867108760357449,9,0.7995524125160343,1.5942841574676774,0.5015118595834409,-1.0001208787116447,1.037259083451658,2.0373799621633024,2.0373799621633024,2.0001208787116447,True
7.218194344693395,0.9910748358483198,-0.24832180683393384,-0.34239423128223945,-0.43185262828236604,9,1.071176874425595,1.813005979808466,0.5908292009818737,-1.0158271713836649,1.2000334786034144,2.2158606499870794,2.2158606499870794,2.015827171383665,True
7.086991978367302,1.0065207764823065,0.07409014085251514,0.22476039345873888,-0.49263357423819887,9,2.5510789415845094,1.1427645682386265,2.232374902484556,-1.0011990346070383,1.2833379314740214,2.2845369660810597,2.2845369660810597,2.0011990346070383,True
6.570412197003345,0.09845577933655596,-0.010457222794674592,0.11136763338334466,0.1638077391779058,9,0.49327663717586756,0.56750731900987,0.8691987233512465,-1.0033110754704317,1.212585351862242,2.215896427332674,2.215896427332674,2.0033110754704317,True
6.120090440247029,0.9192904429007185,0.06383270634627286,-0.040687060402577135,-0.49050966807071705,9,1.3145506213902658,1.3212595261041578,0.9949223414618067,-1.0372250487824837,1.2027832192308687,2.2400082680133524,2.2400082680133524,2.0372250487824837,True
4.82240378114099,0.6073216175196999,-0.1227893425285039,0.32942311608511465,-0.19972599761516296,9,1.7359145225845523,0.6933719474942472,2.5035834357849542,-0.9472684530350962,1.359512201598135,2.306780654633231,2.306780654633231,1.9472684530350963,True
3.621110011231435,0.5183481760152515,-0.23067498173264306,-0.32910807508039597,-0.108811174196484,9,2.2283638065456546,1.1354406056091333,1.962554267953274,-0.9996887753690283,1.2107081566125069,2.2103969319815353,2.2103969319815353,1.9996887753690284,True
4.052519254720652,0.2977675017533691,0.11942300185663424,0.15684910416310016,-0.10112420878533535,9,0.23106681026533105,1.1892664241203275,0.1942935624675066,-0.9996372753915167,1.0864551731646825,2.086092448556199,2.086092448556199,1.9996372753915166,True
4.169330380369959,0.05125672562319303,-0.11255057405123964,0.1942578869314594,0.3057907028462442,9,0.9163597446365206,0.3498298909189218,2.619443816620291,-1.1673092843597912,2.806049728954711,3.9733590133145023,3.9733590133145023,2.167309284359791,True
2.321939028911886,0.3102815599405165,-0.2539104091191253,0.14423425289490727,-0.03973854591676884,9,1.581035486473472,1.5864161806007684,0.9966082707721382,-1.0018778788271676,1.3360419306853037,2.3379198095124716,2.3379198095124716,2.001877878827168,True
4.599708426358843,0.7416306417884853,0.2056194665813379,0.24089779492567265,-0.20148488466740577,9,1.8355696021866756,1.112015707955798,1.650668771182177,-0.9979182389870569,1.3281283475802066,2.3260465865672635,2.3260465865672635,1.997918238987057,True
7.433121189952388,0.8499237628537526,-0.2607263532347072,-0.26307097992624356,-0.28793812651404693,9,0.769863863451353,1.7247204510757157,0.4463702294312018,-1.0053186059202857,1.148066985730585,2.1533855916508706,2.1533855916508706,2.0053186059202854,True
7.924656517147255,0.8415173444421716,-0.10115734101503879,-0.030363292251330498,0.35170504134441094,9,1.3491213860580333,1.08434077051449,1.2441857972544113,-1.030952085196884,1.1684378661593735,2.199389951356258,2.199389951356258,2.0309520851968843,True
4.827707567729778,0.5953885941259598,-0.3007037518336977,0.3414411008385485,0.05685535973267053,9,1.877568429174544,0.5039859473292951,3.725438058588914,-1.0422847264081183,1.9046219110849503,2.9469066374930684,2.9469066374930684,2.042284726408118,True
2.7741287115890882,0.8576172602341515,-0.06077774101680261,-0.100133990257747,0.04275901855538744,9,0.571993849627181,2.0464012323322596,0.2795120725055889,-1.0015268887537907,1.0577550111297107,2.0592818998835014,2.0592818998835014,2.0015268887537907,True
4.611447119521716,0.42569738563342535,0.08823133287980844,-0.25338143991977996,-0.13648901713196038,9,1.8601550242052722,1.0338956742818723,1.7991709129620903,-1.0321872346026781,1.2488065709503582,2.2809938055530363,2.2809938055530363,2.032187234602678,True
2.8036038103536134,0.2083998254468188,0.03522719502087651,0.05195169044683268,0.37648017646425647,9,0.8823327837492764,1.325777299249029,0.6655211129720379,-1.0447847812515372,1.2638847375478288,2.308669518799366,2.308669518799366,2.044784781251537,True
4.066422582652579,0.45639393202271805,0.12980603206228025,0.20278238331953358,-0.16967638523212913,9,0.6044001290673175,1.2544827659363305,0.4817922935881871,-0.999411551596293,1.142641833599998,2.142053385196291,2.142053385196291,1.999411551596293,True
5.137822597552382,1.1615768538978164,0.015428161698279874,0.05096413608778122,-0.27744500162819496,9,2.135405590621989,1.5022173793348037,1.4215023870696843,-1.0180815641222472,1.1734104696891758,2.191492033811423,2.191492033811423,2.018081564122247,True
4.466212074373407,1.0081244388226283,-0.30414173995372684,0.023310748437367357,0.41698662175270984,9,1.1074209819139835,1.986884579866003,0.5573655325206001,-0.9999958185780403,1.0194183564751038,2.0194141750531442,2.0194141750531442,1.9999958185780402,True
5.539392295389162,0.8953237819807105,0.2996842103941685,-0.10490687102314414,0.01631812210454231,9,2.1054866919989697,0.7017363432366432,3.0003956789351385,-1.7607959426355166,2.237914441320021,3.9987103839555376,3.9987103839555376,2.7607959426355166,True
4.871289283615191,0.9380695297170024,0.2236761465741478,-0.13889587863139585,-0.22375126098191733,9,1.7705319523928578,1.0359323577350137,1.7091192674625875,-1.2875982141486744,1.624350730193234,2.9119489443419084,2.9119489443419084,2.2875982141486744,True
7.767035318422214,1.0651372624541755,-0.22578426045522787,-0.1816469628145758,0.2615731734717134,9,1.2866629384148998,1.3638079605038984,0.9434341019240751,-1.0518709310177812,1.2236168292658014,2.275487760283583,2.275487760283583,2.051870931017781,True
5.021275867807654,0.7789024864596454,-0.02606069072347894,0.062309452041985125,0.35657545912765476,9,1.238977361691871,1.2846584538130208,0.9644410605904138,-1.0029621742604988,1.095614222733995,2.0985763969944937,2.0985763969944937,2.0029621742604986,True
3.221013171006727,1.0594017903953652,0.2630411939649685,-0.19925849985125976,0.16121854275404102,9,2.318741161731374,1.0319535998902827,2.2469432365737205,-1.4863720198123858,1.942281961240652,3.4286539810530376,3.4286539810530376,2.4863720198123858,True
7.567328956800322,0.3025723980840993,0.13664350870323416,-0.07184152021619711,0.29075070022158045,9,0.6840923687884279,0.7314812256714963,0.9352152109720032,-1.040662486021206,1.227086406065696,2.2677488920869022,2.2677488920869022,2.0406624860212057,True
6.388152215310613,0.31572567055944106,0.21080088836027677,-0.10741283508071581,0.27763659444508226,9,0.9792531759678023,0.7070436945750445,1.3849966890042973,-1.108890358979195,1.4059509104114778,2.514841269390673,2.514841269390673,2.108890358979195,True
7.529878499900377,0.22692809006210363,0.06766006818437165,0.02485894929507909,0.2902662263185606,9,0.3398711641296901,0.8460625046151287,0.401709285396469,-1.0001046928901387,1.0398521168696178,2.0399568097597562,2.0399568097597562,2.0001046928901385,True
6.3052434419569865,0.19900530076787393,0.004612173323348678,0.3120333851192447,-0.31451615693460167,9,0.7960212030714952,0.18892196570693642,4.213492063206225,1.8986309046968441,2.609766594835882,0.7111356901390378,0.7111356901390378,0.8986309046968441,True
7.198640181495604,0.7238249863897898,0.28904001017988723,0.29103354613718835,-0.3670068034333992,9,2.3725766083983952,0.671998989182539,3.5306252637143754,-1.0114617219198951,1.976390378096289,2.987852100016184,2.987852100016184,2.011461721919895,True
6.440765553934109,0.7577421626360942,0.296643469236776,-0.17773474239626202,0.32675396360179076,9,1.927111978401221,0.5580112884741273,3.4535358301995593,-2.276543223924477,2.8238499353512823,5.100393159275759,5.100393159275759,3.276543223924477,True
3.195121364556785,0.9732845852452664,0.25631618282655155,0.07258509511328914,-0.08676627100565837,9,2.0723547896879113,1.2029606892543867,1.7227119790359802,-1.077278834179988,1.3818696338521796,2.4591484680321676,2.4591484680321676,2.077278834179988,True
4.348416380223526,0.22007550369909312,0.10243019391482922,-0.05299822751220401,0.4831902853249308,9,1.0617199045734598,1.0024636571213348,1.059110619154299,-1.0183582428962972,1.2646477921676056,2.2830060350639028,2.2830060350639028,2.018358242896297,True
4.420184422135793,1.1011531974098416,-0.2749027833357753,-0.3374774537259192,-0.3119789748747178,9,0.9580642180017427,2.4606597477610763,0.38935257866248,-0.9996831174917477,1.1366785338439822,2.1363616513357297,2.1363616513357297,1.9996831174917475,True
7.759630225273991,0.2205109966238707,0.15804772565081937,-0.34208127060732896,0.47228445339574254,9,1.7873772844258018,0.13222929716910084,13.517256180678496,-0.14150923844109775,12.094984686844125,12.236493925285222,12.236493925285222,1.1415092384410976,True
3.472794324629871,0.24750213542319444,-0.12825916571911763,0.345143523132898,0.2604011026951616,9,1.010356595703606,0.07232077048668628,13.970489928472281,-0.25548622058101855,4.970385980457677,5.225872201038696,5.225872201038696,1.2554862205810187,True
5.383225129478376,0.09237102757041482,-0.13858733366726178,-0.184115738003014,0.49045135522972994,9,1.441879649863231,0.18681633489624067,7.718166886552307,1.114533159932645,3.6990567689263156,2.5845236089936705,2.5845236089936705,0.1145331599326449,True
7.3744805942057265,0.12345844673450448,0.12265381926024821,0.21366431075607073,0.057966494120250456,9,0.5179329065074124,0.03204744662863479,16.16144064484167,0.7190012504659915,1.7262073343868813,1.0072060839208898,1.0072060839208898,0.2809987495340085,True
7.839230384024877,1.004601138637173,-0.152675248537104,-0.23316339014654197,-0.05633951309013108,9,1.158533114087695,1.3288053368490105,0.8718606721093692,-1.0805772504146385,1.2851022351136754,2.3656794855283136,2.3656794855283136,2.0805772504146383,True
2.4578982247691554,0.5583964290528947,-0.2056201213807402,-0.05193430850901759,0.28188913630606516,9,0.8050181118472985,2.2859497685643957,0.3521591431787496,-1.0000451682575846,1.057591617962282,2.0576367862198666,2.0576367862198666,2.000045168257585,True
7.31748377578927,0.32477020141696933,0.043675872723228926,0.11668021657235761,-0.07312864189441437,9,0.36560817874269214,0.9334726269251854,0.3916645954011401,-0.9995544527132312,1.071469953312467,2.071024406025698,2.071024406025698,1.9995544527132312,True
3.4822861244305496,0.7645783437420187,0.15613897426505563,-0.06435313631840928,0.3372215302347761,9,1.525423055410034,1.13796350957702,1.3404850353918927,-1.078041318128168,1.377616405123008,2.455657723251176,2.455657723251176,2.078041318128168,True
3.2551466717399538,0.46015415084312594,0.25143307512112145,0.06592390230160694,-0.0707004388150928,9,1.0407838362757222,1.1910781458795427,0.8738165836357976,-1.0068196382681125,1.219558195115827,2.2263778333839395,2.2263778333839395,2.0068196382681123,True
2.23801807392972,0.11202324865714464,-0.27750871529269444,-0.1082548608236461,-0.3254931463915177,9,3.2420118454777223,0.022610327000991193,143.38633162340372,-0.9900746821537897,2.068103387928545,3.058178070082335,3.058178070082335,1.9900746821537898,True
4.465920298610017,0.9254970652537271,-0.046959754713747415,0.10938329148721171,-0.04003442961614967,9,1.4583017535429645,1.6463393166798523,0.8857844423492841,-1.0000981769144601,1.0657051982211052,2.065803375135565,2.065803375135565,2.0000981769144603,True
6.847196587898254,0.9045535774178592,-0.07472698111917891,-0.010229651416702124,-0.40305569224547144,9,1.2192085860726547,1.4637631919308165,0.8329274795224387,-1.0060305270082233,1.1014973896205627,2.107527916628786,2.107527916628786,2.0060305270082233,True
3.050591829214913,0.6074779891298642,-0.2951063026590286,0.24729524513570555,-0.14193313660418594,9,1.204622955086232,1.5346849209767717,0.7849317723924288,-0.9996550334476818,1.2922884117445963,2.291943445192278,2.291943445192278,1.9996550334476817,True
2.005222877579461,0.5596290387591285,-0.22046367205918202,0.009329155595537486,0.46851822322468406,9,0.6268126567754226,0.9009881212953545,0.6956946955907158,-1.0185839333438698,1.1652756520431078,2.1838595853869776,2.1838595853869776,2.0185839333438698,True
4.150247681410185,0.6129205835875479,-0.2216481484642782,-0.28574412660739623,0.47042836878744143,9,1.5395678960980748,1.8197204852584907,0.8460463618286848,-1.0018228255287684,1.1877489113053825,2.189571736834151,2.189571736834151,2.0018228255287687,True
5.195255025475064,0.4006969640402441,0.25152438144608946,0.3382663743854536,-0.11994477548589977,9,1.436284886995931,0.16650296916504503,8.626181828458702,-0.46485905619740997,2.626633470286408,3.091492526483818,3.091492526483818,1.46485905619741,True
7.967283520315023,0.16579187847058502,0.1241715995937232,0.10960176960892254,-0.14238108984709763,9,0.18654238910845244,0.6190836671274993,0.30132015915392313,-0.9969582494697313,1.1228255816770387,2.11978383114677,2.11978383114677,1.9969582494697313,True
6.782745949186145,0.6771259597926427,-0.0069905534072680076,0.10711192332176711,-0.054784452669143335,9,1.181167830661157,1.171545818682072,1.0082130906240692,-0.9998749915319811,1.0899468401836503,2.089821831715631,2.089821831715631,1.9998749915319811,True
6.478390811009251,1.1738286316988047,0.02921318673036455,0.23888283224303541,0.24703078427296132,9,3.2097645456297155,1.0283698461958046,3.1212161242411294,-1.0151290847901866,1.340799795093125,2.3559288798833116,2.3559288798833116,2.0151290847901864,True
3.3389763285600695,0.8854565693044013,-0.07835277517359324,-0.11214896343632855,0.1107570034597597,9,0.6519626903943596,1.8839349905649563,0.34606432475615756,-1.0035055252512308,1.0752796975244645,2.0787852227756956,2.0787852227756956,2.0035055252512306,True
3.8717986350960647,1.184784891028788,-0.1007670469029969,0.015152107711501495,0.4107139697909574,9,1.978324057185959,1.6214869390349094,1.2200678337646278,-1.0102730488982739,1.1206034544241936,2.1308765033224675,2.1308765033224675,2.0102730488982736,True
7.14862026064675,0.29737869422880414,0.2549189060739665,0.05045937207757639,-0.42090490666017233,9,0.6520789314954238,0.7526234414565277,0.8664079479553236,-1.0073339942863169,1.2028784430188326,2.2102124373051497,2.2102124373051497,2.007333994286317,True
5.908924045628203,0.8074679121660858,0.2682722140236061,-0.12574993539986015,-0.3412442144950074,9,1.6662940550146952,0.8414724671951168,1.9802122113025982,-1.4150639611517883,1.792906346460225,3.2079703076120136,3.2079703076120136,2.4150639611517883,True
6.84024894162544,0.9833174932300498,0.009755929308775335,0.032432396062821056,0.10547811172223154,9,1.9748087100946379,1.0724409577839749,1.8414148543666773,-1.0534360263321825,1.2510471379804304,2.3044831643126127,2.3044831643126127,2.0534360263321823,True
4.480080896183929,0.9782220578760696,-0.23395916941094694,-0.2504552402336463,0.42893366695845414,9,0.9132265914564435,1.8089069488046634,0.5048499548635761,-1.010234106839484,1.1349456723929974,2.1451797792324814,2.1451797792324814,2.010234106839484,True
5.762627584335936,0.8423887219898887,-0.20142065485234123,0.10740309898604966,-0.48944461060020117,9,1.1039283489813299,2.048201025565796,0.5389746100124035,-0.9998779292460878,1.0548036529331404,2.054681582179228,2.054681582179228,1.9998779292460878,True
6.04117135697993,0.2513328011843876,0.25213458316777115,0.08616480077748573,-0.40592386089386256,9,0.53684953111087,0.8822370401337593,0.6085093990493486,-0.9991249122880295,1.1751814815609167,2.174306393848946,2.174306393848946,1.9991249122880295,True
5.713059749063229,1.134277024133833,0.30152393903186525,-0.12663382813896448,0.12357394503661945,9,2.6739383645997283,0.6518767778467556,4.101907684811443,-2.4176308183198483,2.957196392841455,5.374827211161303,5.374827211161303,3.4176308183198483,True
5.589618277284622,0.10351142168123903,0.333163538017234,0.34966910906221094,-0.4054073806185673,9,0.6436883146154972,0.39098616452782897,1.646319928974576,2.1299958451820595,3.1470097243225688,1.0170138791405092,1.0170138791405092,1.1299958451820595,True
6.5288756590625825,0.295314165568602,0.18451877595466304,0.03738875797796887,0.365276732222229,9,0.7436944516166262,0.7174507640774752,1.0365790781098352,-1.0056594454987635,1.1889256383960523,2.1945850838948155,2.1945850838948155,2.0056594454987637,True
2.9182632231098093,0.34521101563944256,-0.3361199531496393,0.12157795566307328,-0.3111187305504176,9,2.0182299120314697,1.4768480619821585,1.366579246698332,-1.0115792044120464,1.5188417458451642,2.5304209502572106,2.5304209502572106,2.0115792044120466,True
6.132725674991109,0.3858358548073531,0.22542759888707453,-0.12084714091078314,0.2928065336127609,9,1.063045428575335,0.7002211231711685,1.5181567556274282,-1.1797367264041247,1.5265380577138374,2.706274784117962,2.706274784117962,2.1797367264041245,True
7.476908186343655,0.4758476848430268,0.08205825061287597,-0.03331435097638419,-0.0798983913336837,9,0.637064726873152,0.928685714911077,0.6859852764443047,-1.021291296686101,1.1464670447022096,2.1677583413883106,2.1677583413883106,2.021291296686101,True
5.853360430401907,0.9477936980516682,0.28738879147590723,0.24848664649474927,-0.42765329539075203,9,2.744748591049814,0.8440924425894388,3.251715632744792,-1.0485143205458598,1.5678360598578231,2.616350380403683,2.616350380403683,2.04851432054586,True
2.022406638676421,0.18044815355268795,-0.11086333501529436,0.2317403535247362,-0.08387347906750264,9,1.3384628275593011,1.207196909093191,1.1087361286939617,-1.0064718735881693,1.3517898178543428,2.358261691442512,2.358261691442512,2.0064718735881693,True
4.258929306313786,0.7700317505699246,0.31064053609763853,0.23531166989851082,-0.4208961640464869,9,1.960464511507479,1.055565749897827,1.8572642317138854,-1.0070754468720422,1.4291058524868445,2.4361812993588865,2.4361812993588865,2.007075446872042,True
3.2026015731057185,0.8650209449918088,0.015329944339432078,0.15965088256169258,-0.3696700777539642,9,0.9868109545609585,2.0872045280995457,0.4727907309876697,-0.9999682086514984,1.0550559102214592,2.0550241188729577,2.0550241188729577,1.9999682086514983,True
6.356877618585751,0.45547963444493,-0.10199200637621644,0.19826916375067427,0.42667819835339926,9,1.1083978763275817,0.7135206614521387,1.553420855496741,-0.9791995324137588,1.1751182771803932,2.154317809594152,2.154317809594152,1.9791995324137588,True
2.465031854519224,0.19811745377089235,0.10129763970626404,0.2706512599575607,0.0461840475112818,9,0.3388848854221218,0.7912578073572629,0.4282863085471092,-0.9838777762801544,1.258389416633848,2.2422671929140026,2.2422671929140026,1.9838777762801545,True
4.770871067940017,0.9246137361895147,-0.1184277819533274,-0.2531004179881192,-0.4498303029003753,9,0.8560089111975793,2.0555264409106395,0.4164426660541278,-1.004019669637524,1.1237364175466418,2.127756087184166,2.127756087184166,2.004019669637524,True
2.553859991082832,0.7577036301315324,-0.18047079727494902,0.08816381598216527,-0.06176425205205838,9,0.39400937730602914,2.5497539769793653,0.15452839013621344,-1.00000541215911,1.016475872507505,2.016481284666615,2.016481284666615,2.00000541215911,True
3.5293402932413342,0.9273571646717144,-0.01222380509411325,-0.1688723120024651,0.055876351225709,9,0.9963419358586589,1.7065496262918314,0.5838341414211401,-1.0199408753562076,1.154150389072304,2.1740912644285117,2.1740912644285117,2.0199408753562076,True
4.685324373165166,0.21817511278916157,0.3058745925267846,0.00470679949137337,0.146108204843182,9,1.0403060385125344,0.7395745230809181,1.406627738038933,-1.0219915348760094,1.3462870226442643,2.3682785575202736,2.3682785575202736,2.021991534876009,True
3.7343957995846027,0.6898705282827363,0.009963753805946274,0.20539106040377764,0.3112078191504486,9,1.242341964034316,1.443442802025226,0.8606797320207251,-0.999668811605319,1.118181348554761,2.1178501601600797,2.1178501601600797,1.999668811605319,True
3.2583610461669545,0.5203785080132031,0.003061784860649175,-0.1909028646176809,-0.10442435355760293,9,1.5391103755554911,1.86112636495517,0.8269779014132469,-1.0022689679248695,1.1037907422712765,2.106059710196146,2.106059710196146,2.0022689679248695,True
4.76680490865132,0.34991775042335044,-0.3132388835694916,-0.2032876821495116,0.3330547864165737,9,1.5916383396319465,0.8797804096430331,1.8091313720860716,-0.9996885316067334,1.2768139337228819,2.2765024653296155,2.2765024653296155,1.9996885316067334,True
4.696289083950337,0.1017468363010922,-0.16340540412424118,0.2983645842838275,0.06357836007855788,9,1.085237757276167,0.12893112231751203,8.417190029600517,7.657489254451092,18.715309308865407,11.057820054414314,11.057820054414314,6.657489254451092,True
4.650897438079907,0.604523006943359,0.32455167759339454,-0.3158750902040606,0.3476497887718245,9,1.9381081375969198,0.6475074218647849,2.993182892043581,-2.201798741060694,2.8628161299598016,5.0646148710204955,5.0646148710204955,3.201798741060694,True
5.402842117273741,0.11802099661210937,0.18902002677063057,-0.16273640145555412,-0.20480851077554052,9,1.6733574056438227,0.05108439182680745,32.75672560254889,-0.9357904712129602,1.320183623942233,2.255974095155193,2.255974095155193,1.93579047121296,True
6.444906281608343,0.16144836424385572,-0.2060466147981265,-0.09566778347124183,0.26830152981583455,9,1.2993614903476638,0.39468348463568337,3.292160784348635,-1.0001868317568656,1.3324148950208745,2.33260172677774,2.33260172677774,2.0001868317568654,True
2.981098301586885,0.12103516141816817,0.3468201831123109,0.1617391381563873,-0.319512477823086,9,1.0501329290471684,1.1938234127055736,0.8796384103970971,-0.9988841442158027,1.3292631487703526,2.3281472929861553,2.3281472929861553,1.9988841442158027,True
6.668139936742985,0.7945082672350836,-0.16308913881662984,-0.323951117677269,-0.4347957735084753,9,1.2952602422050725,1.718969932728778,0.7535095393721706,-1.014179162436428,1.1936731857101137,2.2078523481465417,2.2078523481465417,2.0141791624364282,True
5.058538057058996,0.9625559796220611,-0.07241139912966593,-0.30232479716146327,0.4659052409994008,9,1.4520970155404636,1.3294381505358186,1.092263686697428,-1.1279017703018908,1.3933636436549244,2.521265413956815,2.521265413956815,2.1279017703018908,True
7.411315722270515,0.5764809058869967,-0.33814195775425276,0.21670650474150055,-0.4985944177214523,9,1.374863109900558,0.9310605136474291,1.4766635355574604,-1.0109929644353888,1.3732313201140862,2.384224284549475,2.384224284549475,2.0109929644353888,True
7.35840471667402,1.184207956102615,0.061897686875528046,0.11291390309499372,-0.09957735391722222,9,2.906773032242962,0.9845925453498646,2.9522598418720207,-1.1013823640776121,1.3945918078177983,2.4959741718954103,2.4959741718954103,2.101382364077612,True
6.114189961195679,0.11107362772943592,0.2847520485092848,-0.20033901115413447,-0.3803662717921613,9,1.6586522024081733,0.07187982318897528,23.075351730450176,-1.6042858325798566,13.631267963068849,15.235553795648705,15.235553795648705,2.6042858325798566,True
6.465469841889108,0.6619874688518039,0.05329978233285426,0.024730764105741765,0.33047792951010746,9,1.1524632041233205,0.9585007829631961,1.202360211496637,-1.0233303225518178,1.1824367068781758,2.2057670294299934,2.2057670294299934,2.0233303225518178,True
2.7895219819236656,0.49950051267586176,-0.19176055607901077,-0.1491383453814913,-0.25289736161554577,9,1.6501780521649585,2.1021730037662225,0.7849867966187957,-1.000096186890368,1.0981296058573904,2.0982257927477583,2.0982257927477583,2.000096186890368,True
3.547475813462503,0.3897529560833224,-0.26170976960174946,-0.295659656939618,-0.44757646590497513,9,2.557735837178379,0.5645597948622263,4.530495902214508,-0.9993451244019158,1.31988397418386,2.319229098585776,2.319229098585776,1.9993451244019158,True
6.140752624878243,0.1823733652508121,0.23353405943773975,0.16930867044426923,0.3431498697773052,9,0.7478025160123494,0.40713250783634897,1.836754623172798,-0.9731356237179245,1.576779562180132,2.5499151858980564,2.5499151858980564,1.9731356237179245,True
5.364655695856051,0.7807583632428314,0.10586689201160765,0.0009623527316081626,-0.042534223869333476,9,1.2751969540207293,1.1300661875307736,1.1284267842816096,-1.0382765146657362,1.217474354579739,2.2557508692454755,2.2557508692454755,2.0382765146657364,True
7.042489356774961,0.311016331401771,0.19107722399791782,0.05947026777255354,0.21343913382644297,9,0.7350446773559043,0.7023378589919093,1.0465684968356117,-1.0028971988875486,1.182705402566524,2.1856026014540726,2.1856026014540726,2.0028971988875486,True
2.951477620476955,0.5415328625169592,0.253160533913096,0.20379223005805402,0.35146124563867376,9,1.7137900419120886,1.002340356769085,1.7097885267597825,-0.9997733005473913,1.4460802212626327,2.445853521810024,2.445853521810024,1.9997733005473912,True
3.349660171238127,0.8130375684903748,0.2790645782395249,-0.05799300927159451,-0.26626319533797516,9,1.5955788768570787,1.2354343031218356,1.2915125254537525,-1.1070078666607526,1.394957041825506,2.5019649084862587,2.5019649084862587,2.1070078666607523,True
2.5603394247623323,0.701428288134722,-0.25378320293596573,-0.2892771440785459,0.3163901494785264,9,1.6489215971724058,1.898451960059702,0.8685611392139472,-0.9999434876595775,1.1467500794483982,2.1466935671079757,2.1466935671079757,1.9999434876595776,True
2.206528512875498,0.08965266060424237,0.24864491372375008,-0.2215644465047053,0.08444379022709181,9,2.0580601806465153,0.09474218585806654,21.722743274360372,-0.8158371130744815,1.3213077075629907,2.137144820637472,2.137144820637472,1.8158371130744815,True
3.1532227395498187,0.6570636729288817,0.34963566569027105,-0.24409650368269264,-0.3505478355395629,9,1.7376710754318865,1.1652705641592933,1.4912168288448635,-1.2623351578715192,1.6460624158705637,2.908397573742083,2.908397573742083,2.262335157871519,True
6.014986584266879,0.1865998225436481,-0.10525929056517583,0.2876210881064347,-0.47305165336311095,9,1.0278311124522914,0.032193393271202075,31.926771551966727,-0.01601543296956037,5.331445169301603,5.3474606022711635,5.3474606022711635,1.0160154329695603,True
7.3176544565192305,0.2617576912434579,-0.2933260937289227,0.11155859549940844,0.12640861154920824,9,0.8249473300466572,0.8014840603436096,1.02927478020335,-0.9991287901262684,1.3365319061870724,2.335660696313341,2.335660696313341,1.9991287901262684,True
7.595390403493777,1.0749846243903203,0.19771571421961154,0.12221074138647531,0.44747658816454394,9,2.9846614700956065,0.6069246272347806,4.9176806083715405,-1.4492378286994225,1.936526737530992,3.3857645662304146,3.3857645662304146,2.4492378286994225,True
2.61791494195613,0.7616330130043403,-0.19234444268739775,0.10371301700056057,0.11820170876445824,9,0.5222143225852043,2.387257271774913,0.21875075165105295,-1.00000046895677,1.0086984093876394,2.0086988783444095,2.0086988783444095,2.0000004689567703,True
6.072210029906627,0.48026558064931707,0.34970536406979547,0.18263962015575352,0.039986536567862774,9,1.619519176189876,0.5633808834231658,2.8746434673989905,-1.0020767592231754,1.677090970500234,2.6791677297234093,2.6791677297234093,2.0020767592231756,True
4.093586092137842,0.2987498932066608,0.023383174741135104,-0.04551179019310708,0.32086985142722513,9,0.922210712059798,1.3416957648419667,0.6873471141711636,-1.0010294858001367,1.1114958244637387,2.1125253102638757,2.1125253102638757,2.001029485800137,True
4.712598766218429,0.16638689415798014,0.2590422106361391,0.018634977113643425,0.1669753209509296,9,0.9866359081720655,0.8190770998482797,1.2045702515121266,-1.0035068986207638,1.2317337493631964,2.23524064798396,2.23524064798396,2.003506898620764,True
5.060257429050156,0.31561922616820726,-0.21644489674202927,0.3449458093346539,0.1974181973539687,9,1.262476904672829,0.11758993297841291,10.73626689543733,3.2327564647675304,6.336034107343421,3.1032776425758906,3.1032776425758906,2.2327564647675304,True
2.673641926142107,0.7221222274867616,0.12727069465923518,-0.10095392463072844,-0.18844027495687798,9,0.8862111325081314,1.7682785417313251,0.5011716828506216,-1.0105936169466503,1.1300117680980535,2.1406053850447035,2.1406053850447035,2.0105936169466503,True
5.2219607939158275,1.0567026302386493,0.21042678276219617,0.20104610703886439,0.12077663290301477,9,2.9038470174698965,0.8693991943626447,3.3400617763382017,-1.086337574743803,1.5056807761588766,2.5920183509026797,2.5920183509026797,2.086337574743803,True
6.940681795148562,0.22324711622743731,-0.22658808906913747,0.11019823904560466,0.25275930534880375,9,0.6720165098932778,0.7488785169228809,0.8973638510216226,-1.0017510358583335,1.292515968802451,2.2942670046607843,2.2942670046607843,2.0017510358583337,True
4.445347660161477,0.1901285194242457,0.23046837346927374,-0.34452825226389294,0.19651339047677507,9,2.036778966708768,0.0940250520814136,21.662088152263713,0.006929884943281706,39.57913472126721,39.57220483632393,39.57220483632393,0.9930701150567183,True
2.2902002404000106,0.7195718225828862,-0.29715835590290834,0.23402960876916146,-0.16430812153878982,9,1.2191706153559536,2.0419599094905108,0.5970590361199348,-0.9986384629716712,1.2201945934961316,2.218833056467803,2.218833056467803,1.9986384629716714,True
7.531390939550146,1.0833523468736772,0.04491712325984759,-0.09022391268136037,0.43648746599049904,9,2.1442900583553977,0.8473832791086067,2.5304842698938486,-1.3900237566055913,1.729714524529154,3.1197382811347456,3.1197382811347456,2.3900237566055913,True
4.556366208465711,0.643647408031291,0.15404737180110784,0.17658738876389957,-0.08284318951924463,9,1.2859613069951363,1.1747581094159383,1.094660506437777,-0.9989624379000341,1.1949092798622363,2.1938717177622706,2.1938717177622706,1.9989624379000341,True
4.027264278577049,0.18717533931805702,-0.3202887773759964,0.14291063019407002,0.29455092092648005,9,1.3837604349248376,0.8727346215796781,1.5855454805037827,-1.015699642932528,1.8708128318439956,2.8865124747765236,2.8865124747765236,2.0156996429325282,True
7.375895444096402,0.28332287842484144,0.18551768634766275,0.1283931703707164,0.12777471664773155,9,0.678966277261209,0.7053444154455976,0.9626024710669547,-0.9997233012499827,1.2571532989079754,2.256876600157958,2.256876600157958,1.9997233012499827,True
4.749612261112711,0.41033966665349514,-0.030634668702962886,0.05540880097333328,0.12453457846326443,9,0.139098877421447,1.4535764208877966,0.09569423074191723,-0.9999963813192315,1.0096588547230332,2.009655236042265,2.009655236042265,1.9999963813192316,True
6.053319789913533,0.8206196579484876,0.0892412652047277,0.2333090606559488,-0.16492080930616515,9,2.043665287919251,1.1181208678940582,1.8277677723414854,-0.9980627470817292,1.2710689542312397,2.269131701312969,2.269131701312969,1.9980627470817292,True
5.793234829416424,0.29107952567263085,-0.1144393974544893,0.309220513550439,0.21605134754182986,9,1.1643181026905232,0.09154542703595636,12.718473662624493,1.6801951211979187,3.2152943913328365,1.5350992701349178,1.5350992701349178,0.6801951211979187,True
7.427118726468263,0.6209063567247279,-0.3348688811265725,0.11154303818564265,-0.48312223000538845,9,0.9051187196424202,1.6013659653858479,0.5652166582823137,-1.0016133136158076,1.1212751754674457,2.1228884890832536,2.1228884890832536,2.001613313615808,True
3.5405119745950744,0.7331321931639012,0.07342637715164901,-0.12779238950611782,-0.0656457410262331,9,0.9086715614127376,1.5719328860352533,0.5780600237358728,-1.0179728679491074,1.1520762606896608,2.170049128638768,2.170049128638768,2.0179728679491076,True
7.521643927776601,1.1877635142732188,-0.21853139441726355,0.2676982357368587,-0.2589685945895154,9,3.0232680489641597,1.6011851893299758,1.8881439005998186,-1.0010708443510632,1.2084635568239206,2.2095344011749836,2.2095344011749836,2.001070844351063,True
5.55615810478065,0.14192671446454685,-0.3276210088659568,-0.1919465075808085,0.498350403057208,9,1.7005508828143976,0.12981178915965924,13.100126682044582,2.055609160327616,5.508230738144125,3.4526215778165086,3.4526215778165086,1.055609160327616,True
4.302932974545287,0.3399444888180702,-0.11937926767179574,-0.3135359922211773,-0.38552895415334265,9,2.508583916193624,0.15845097958135756,15.831924313888997,-0.9997099484645035,1.302153220272897,2.3018631687374005,2.3018631687374005,1.9997099484645036,True
2.7934543098755014,0.2242649634089503,-0.057076377729691596,0.2807552999237013,-0.022390590470906635,9,0.7495784220730481,0.7210685221901743,1.0395384058595123,-1.0319040558338812,1.4793625547047247,2.511266610538606,2.511266610538606,2.0319040558338815,True
2.897452800567052,0.11579566057326827,0.15750014409628965,-0.04610258531933198,-0.1959979621347152,9,1.8122733185181024,0.41815845152361775,4.33393923263977,-1.000275260362,1.0697643011308355,2.0700395614928357,2.0700395614928357,2.0002752603619998,True
6.392328733485864,0.4576209177685794,0.3348830207956016,0.22440902721077938,-0.3328248492678739,9,1.4174676173683816,0.6578964656093554,2.154545116845244,-0.9986339531573399,1.785380456783812,2.784014409941152,2.784014409941152,1.99863395315734,True
2.2613587724043165,0.7177367005674974,-0.1104564842371917,0.16838722893919755,0.1832795962478584,9,0.7010629971045477,2.1698838051654414,0.32308780563994094,-0.9999662833500771,1.0174271213989075,2.0173934047489848,2.0173934047489848,1.999966283350077,True
6.440478157236623,0.9645535227597396,0.24060934960219216,-0.11753245777631238,0.42289127232061463,9,2.263298638246912,0.6229036029744582,3.633465318613219,-2.060805405844671,2.5677775162500027,4.628582922094674,4.628582922094674,3.060805405844671,True
2.7223132406595036,0.05424140944582064,0.18267730585955788,0.335261021438109,-0.25603827809168367,9,0.4938764705893359,0.36516788721857296,1.352464134650821,-0.8019428246941842,1.5378515542974216,2.3397943789916056,2.3397943789916056,1.8019428246941842,True
3.281087112134899,1.1612828162289583,0.31849297723441283,-0.19331071852010095,-0.397023575082594,9,2.2537174927716284,1.2510990608182064,1.8013901243740997,-1.358635530002764,1.7382815982004332,3.096917128203197,3.096917128203197,2.358635530002764,True
7.668590313448769,0.6888560553614089,-0.2114967122567501,-0.09904521601314048,0.2937886802083446,9,0.44671243356566914,1.3361676033204377,0.3343236525534434,-1.0037402369881172,1.0752271408851153,2.0789673778732327,2.0789673778732327,2.003740236988117,True
6.345530192045671,0.5621329235612315,0.01853133973960569,-0.2637859132982721,0.2840925708641312,9,1.3335065097233991,1.0510031690843133,1.2687939950601832,-1.1169574507730233,1.3988329532889856,2.5157904040620087,2.5157904040620087,2.1169574507730236,True
7.0208056333445406,0.46831010568465087,-0.09864040167407839,-0.24820676068978043,-0.32990441438739326,9,1.4922933280666755,1.3206200699692228,1.1299944336764878,-1.0064698479362386,1.182067757830268,2.1885376057665065,2.1885376057665065,2.0064698479362386,True
2.048297839126992,0.9149060635084608,-0.24320089541011983,0.3129227435484291,0.06478767295518939,9,1.7578146763499165,1.9018095776839268,0.9242853211890062,-1.0002699330456921,1.1374909059342138,2.137760838979906,2.137760838979906,2.000269933045692,True
5.9942794785895375,0.9348260608295912,0.31021502246136856,0.29057715002549556,0.2623146328258539,9,3.0946081521510433,0.5816014804142168,5.320839537662563,-1.0942188551029066,1.959616295681513,3.05383515078442,3.05383515078442,2.0942188551029064,True
3.029940939978636,0.19983739131857886,0.250053647655492,0.19193623978715724,-0.180390500438237,9,0.6473952238521128,1.153458861034569,0.5612642511337129,-1.000461386879968,1.2215840728352803,2.2220454597152486,2.2220454597152486,2.000461386879968,True
4.01027569369019,0.15412237763240982,0.174490038099418,-0.22080198414308183,-0.03291648024929583,9,1.9630507898414669,0.05523150309073448,35.542230067803175,-0.8729687246443341,1.4373314347360888,2.310300159380423,2.310300159380423,1.872968724644334,True
2.6622985315564964,0.8862019739266955,0.08758379446917353,-0.317161302207941,0.2668004329736674,9,1.599459704002843,1.5074928592772756,1.0610064877983292,-1.1060539264327385,1.4416078032849846,2.5476617297177233,2.5476617297177233,2.1060539264327387,True
7.803138820394107,0.1009649693932512,0.10521815131225387,-0.22660437188999794,0.04932979655437486,9,1.426008255793531,0.10694843843802208,13.333605208456785,-0.5514210400264747,2.069353233153755,2.6207742731802295,2.6207742731802295,1.5514210400264747,True
4.146792100609742,0.3296125281678272,-0.0720368439661217,0.07001739205329482,-0.007886750353761629,9,0.5596779530072447,1.651748038361101,0.33883978670413245,-1.0000006454942407,1.0199270320145855,2.019927677508826,2.019927677508826,2.0000006454942407,True
6.291721457715724,0.27783695999242175,-0.02884088215973274,0.027163186051036847,-0.19649763136877163,9,0.4357271018306694,1.3507275399610448,0.3225869680892387,-0.9999999844172432,1.0025566659203233,2.0025566503375667,2.0025566503375667,1.9999999844172431,True
6.789538711674829,0.17765078576614546,0.24439059972397958,-0.23838481378272575,0.15787078416893274,9,1.640721882641452,0.06059927374418263,27.074943002909453,-1.2264437679818492,1.7622622232394942,2.9887059912213436,2.9887059912213436,2.2264437679818494,True
4.599644544077281,0.8884387336709777,0.341618725783816,-0.10309218392679839,-0.26710076143949035,9,2.0556017468125005,0.8409099091984816,2.444496995845619,-1.540520465355196,1.9876367098555825,3.5281571752107785,3.5281571752107785,2.540520465355196,True
4.30536267493383,0.9232034713179059,0.3458400284885348,0.24865782685381288,-0.2738741935647919,9,2.6334419988259707,0.8821418956891858,2.9852816329152545,-1.06069798378777,1.604480351622307,2.6651783354100766,2.6651783354100766,2.0606979837877697,True
3.5716324417026755,1.0527385783552905,-0.28114189882466545,0.009410645279983143,-0.13852005807604484,9,0.7919090271973155,2.576734512603764,0.30733046936880565,-1.0000085696562295,1.0467026832376558,2.0467112528938856,2.0467112528938856,2.0000085696562295,True
6.697858521703147,1.1540631556480958,0.3111123999599058,0.08861276096307924,0.463615874544153,9,3.272330680278905,0.4974402852249252,6.578338702100234,-2.2820264378189328,2.9035591066713624,5.185585544490295,5.185585544490295,3.2820264378189328,True
7.017467618792106,0.5647475345948921,-0.29886101375014384,-0.005843670203650342,0.32973497501814,9,0.2627381068187824,1.5832602504199165,0.1659475166821742,-1.000012623372121,1.0145542846047602,2.014566907976881,2.014566907976881,2.000012623372121,True
3.58774782853149,0.5837077321581081,-0.11557069880190904,-0.27681727412445206,0.0685618265621386,9,1.7452826468479394,1.8413427482019364,0.9478314933774283,-1.0016056310626837,1.1488568092429896,2.1504624403056734,2.1504624403056734,2.0016056310626835,True
6.706939280462315,0.4368157549730035,0.003990389335408573,0.29654229327951664,-0.12686695193734576,9,1.5298333375172566,0.21742968237475718,7.035991226259846,-0.45496473273474913,1.4346566456507797,1.8896213783855287,1.8896213783855287,1.4549647327347492,True
2.817310807713911,0.894167308003134,0.3064615451846189,-0.20418034848315306,0.49886909583013195,9,2.4622167111634523,0.8399447926640212,2.931403031089856,-1.7692848882090741,2.4899957127404035,4.259280600949477,4.259280600949477,2.769284888209074,True
4.915317340296141,0.6975486071363537,-0.031066134988507854,0.0421969447309839,-0.2760749274094454,9,0.5554985151403515,1.6637381404616611,0.33388578504680394,-1.0001679470076754,1.0326453140250345,2.03281326103271,2.03281326103271,2.000167947007675,True
2.7491771507140266,0.2831226722390642,-0.31876796404692154,-0.25615834071370147,-0.11165783764684267,9,2.8483605010777144,0.16178598915217623,17.605730360238677,-1.0038698177417669,1.6025926877892154,2.606462505530982,2.606462505530982,2.0038698177417666,True
3.8857530007931897,1.1363960981721712,-0.19979357651577145,-0.25627456862854175,-0.09550033737244445,9,0.8605984710142827,2.2245752128252194,0.38685968721251696,-1.003404191236953,1.111821439717785,2.115225630954738,2.115225630954738,2.003404191236953,True
7.636719210967306,0.5760181309806085,-0.11419101252383834,-0.09558102728674012,-0.4271859743901125,9,0.3610661957619783,1.434340133822916,0.2517298284052307,-1.0012379062436694,1.0645314101978143,2.0657693164414836,2.0657693164414836,2.001237906243669,True
5.086051871523189,0.061820263613304255,-0.28376349037564275,0.33132179018608987,0.35076440606189097,9,1.3071591688763922,0.2179823850257812,5.996627519796115,6.312622601057122,9.189055987272823,2.8764333862157017,2.8764333862157017,5.312622601057122,True
4.964202736785159,0.7894544027011274,0.21372866382336142,-0.1419830572587232,0.04015376161856277,9,1.6180066295596196,0.9257302118161873,1.747816598083428,-1.2891176036282908,1.6423723172863132,2.931489920914604,2.931489920914604,2.2891176036282905,True
7.5391727783404745,0.4858387032471709,-0.09733802682091158,0.03440974288172327,-0.0018851563350167355,9,0.32492191292027517,1.2358234254664064,0.26291936713988723,-1.0000059886954837,1.0111186291801328,2.0111246178756166,2.0111246178756166,2.0000059886954835,True
4.159760123376755,0.7885064209866892,-0.2722788304890925,-0.07954521512158175,0.38364580233133916,9,0.16222884538741522,1.9942875504169197,0.08134676734731666,-0.9999331889875912,1.0267179965115798,2.026651185499171,2.026651185499171,1.9999331889875913,True
2.66029230314162,0.8393733325922845,0.23672455399165238,-0.16039238083691942,-0.352358254642676,9,1.3679234934393074,1.6244747569486475,0.8420712526236872,-1.0570888303506678,1.2763065346845992,2.3333953650352672,2.3333953650352672,2.0570888303506676,True
3.4547284216955614,0.9156602299841533,0.0894940014909556,-0.05110139782907219,0.39862425334525375,9,1.6375488987197773,1.2619286181156608,1.2976557272827371,-1.0592278074080685,1.3101021228183842,2.3693299302264528,2.3693299302264528,2.0592278074080683,True
6.175371867943535,0.7081338036997419,-0.10890892487762668,-0.19361519754464193,0.4105315170913133,9,0.887688989523707,1.2747593434327587,0.6963580962138922,-1.0333546750786768,1.1973161084193746,2.2306707834980513,2.2306707834980513,2.0333546750786766,True
2.8069993583869297,0.270285018061154,0.19238143116666828,0.11886071790255398,-0.0721884356189354,9,0.7437496244736228,1.452112025941574,0.5121847427655335,-0.9999024394421805,1.1085707616287275,2.108473201070908,2.108473201070908,1.9999024394421805,True
3.4825636457874296,0.3813217918315612,-0.2801862910361188,0.060006522652930105,0.3135555790294229,9,0.9451543516101244,1.7628813035884203,0.536141797911307,-1.0000054124519717,1.1580491155478092,2.1580545279997807,2.1580545279997807,2.000005412451972,True
6.923951706033531,0.924655400875269,-0.14159322424954413,0.30015253170025535,0.14703753940475417,9,2.6765092093476754,1.0221123941534007,2.6186055708331226,-0.9867440258175658,1.2980941939274258,2.2848382197449917,2.2848382197449917,1.9867440258175657,True
6.466844470997673,0.7015967536037722,-0.22152788761374334,0.22006958168295265,0.03819288576030144,9,1.6754939481337152,1.1308930662813734,1.481567088958384,-0.9939265319544894,1.137869281364183,2.1317958133186723,2.1317958133186723,1.9939265319544894,True
2.4361482035700774,1.0314209881881804,0.003797821852328298,-0.2430051211873073,0.13325407547194656,9,1.2416693142907296,1.8899695135099763,0.6569784884967539,-1.0264166486388255,1.1986756842864783,2.225092332925304,2.225092332925304,2.0264166486388255,True
4.75330889783701,0.2965685432395429,0.32662454135425,-0.3180370198768687,-0.08161657824879565,9,2.3314353025041803,0.07096121690651883,32.8550637114286,-1.4380700296475302,1.9553675374957848,3.393437567143315,3.393437567143315,2.4380700296475304,True
7.068209471765373,0.5967066309649826,0.015697024536058646,-0.12032608716452095,0.4611177417272473,9,0.8929487536623606,0.9294974153443125,0.9606791142410942,-1.076171691337205,1.2835036983087518,2.3596753896459566,2.3596753896459566,2.076171691337205,True
2.422291314068171,0.8798030486666314,-0.32473813989338424,-0.17452266608527453,0.10692609874650338,9,0.7433185435362413,2.832687831118177,0.26240750405695895,-1.0001705880415712,1.0675046838816118,2.067675271923183,2.067675271923183,2.000170588041571,True
3.0134165714860055,0.6358864054784064,0.3265224073039765,-0.055479661486682985,0.12852851481664718,9,1.8168156057522946,0.940660387248386,1.931425656252872,-1.1846569074480218,1.6360501945135109,2.8207071019615326,2.8207071019615326,2.184656907448022,True
5.536571000554867,0.8069385770269379,-0.003830294517182531,-0.26416624604105554,-0.37950065790002663,9,1.1432743712349085,1.5298835780515452,0.7472950148866746,-1.0430173026179002,1.2265570964652315,2.2695743990831314,2.2695743990831314,2.0430173026179004,True
2.1097844663721173,0.8393442970040074,-0.01859977610960384,-0.12414259323275506,-0.3263314265707902,9,0.8591389254497961,2.5422698092257905,0.3379416780752448,-1.0001923929934498,1.0444729688884964,2.044665361881946,2.044665361881946,2.0001923929934495,True
6.936879880778966,0.08700498894161353,0.12416191004251365,-0.2965141498267428,0.24133385768513171,9,1.4838126229724387,0.2068196855559309,7.174426452607514,2.0482628069100812,4.564357465627055,2.516094658716974,2.516094658716974,1.0482628069100812,True
5.08436135948059,0.23191712603633685,0.12396998756045857,0.21607832944157668,0.30395795855344687,9,0.6980813312506918,0.39706306258169455,1.758111990351819,-0.8756323575938523,1.386665545355724,2.2622979029495762,2.2622979029495762,1.8756323575938523,True
6.372276537520587,1.0925720703121748,-0.2208405577428614,-0.13465639826856446,-0.37590071404987946,9,0.9915414394837452,1.8822055766470855,0.5267976313459088,-1.0031601189632735,1.1065231210852862,2.1096832400485597,2.1096832400485597,2.0031601189632733,True
5.14449182140736,1.1032221287100161,-0.02162794861285544,-0.15233351725650993,0.2934590023552116,9,1.638854908099868,1.2850385744579738,1.2753351850088495,-1.1129523088481101,1.3403406118771133,2.4532929207252234,2.4532929207252234,2.11295230884811,True
4.11969879035054,0.9096146082741595,-0.3256753718346789,0.08249006590372626,-0.05380729921300642,9,0.9894589670613219,2.4204937982905363,0.4087839298576692,-1.0001175048093565,1.0572091334907132,2.0573266383000695,2.0573266383000695,2.0001175048093565,True
5.738284899035046,1.0420542520482872,-0.0914934715687084,0.09196288386834628,0.43803025502116255,9,2.1161479466931947,1.2859034610567046,1.6456507123436996,-1.00755510870738,1.1367623214903195,2.1443174301976997,2.1443174301976997,2.00755510870738,True
4.041806724898556,0.09156669402035633,0.07536066378912659,0.19449402574063768,-0.08502728267622506,9,0.6069435207503667,0.6210686186379921,0.9772567837695586,-0.9997896834288313,1.2680783883045477,2.2678680717333792,2.2678680717333792,1.9997896834288313,True
3.6324627941486938,1.0576063702547183,-0.21216029054038626,0.13725412735026676,0.19756716619819825,9,1.606634958692523,2.093008948211233,0.7676197276010769,-1.0000319607745312,1.028807251233445,2.028839212007976,2.028839212007976,2.000031960774531,True
5.66712977719681,1.0323704775677254,0.3219263865205455,0.08215292393728674,-0.41215306586735034,9,2.5524933636169593,0.792282517354221,3.22169593258331,-1.3627673655826804,1.8165837987555333,3.1793511643382137,3.1793511643382137,2.3627673655826804,True
3.0753348694409484,0.9164800614272325,-0.014162812959428728,-0.2801344577455137,0.2741492289782135,9,1.3058807902352818,1.6642670514324953,0.7846582008045299,-1.0440463948896486,1.265299877232668,2.3093462721223164,2.3093462721223164,2.044046394889649,True
5.764881781497688,0.5810495522621785,0.19046544412250765,0.26253847355096116,-0.41375276112470494,9,1.4738549640857093,0.9086221013224631,1.6220769469954257,-0.9972160555403887,1.4334421431485929,2.4306581986889815,2.4306581986889815,1.9972160555403886,True
3.176523592752873,0.6975789326442277,-0.08601340258557122,-0.2418816423121016,-0.27732706476060986,9,1.510752996066769,2.2902489465421887,0.6596457552563006,-1.0002442488866607,1.089047081883466,2.089291330770127,2.089291330770127,2.000244248886661,True
3.196333013729177,0.5900726475983732,-0.06256064797348859,-0.1187392889344519,0.025992800431584917,9,0.9561627277872269,1.9463614176369513,0.49125651542563453,-1.000374351520123,1.0549724009724806,2.0553467524926035,2.0553467524926035,2.000374351520123,True
7.095414586792584,1.0579241850010297,-0.28741863360450975,0.1587058867437311,0.31123046128875775,9,2.1958553664205036,1.5562329839379552,1.4110068280804728,-1.0001826895624266,1.0888196702121609,2.0890023597745877,2.0890023597745877,2.0001826895624264,True
2.4730046836146267,0.9056341681929784,-0.31605395619401333,0.23745590845352071,0.3771181841803607,9,1.6409636170946893,1.9815730556772242,0.8281115916434745,-0.9999922717497937,1.0864799218945742,2.0864721936443678,2.0864721936443678,1.9999922717497935,True
5.69280208782068,0.7677932583632296,-0.2870989951201879,0.27559095490591623,0.26987172257469094,9,2.089242418031746,0.9819306154211723,2.1276884386944412,-0.9809595342548206,1.224122351994624,2.205081886249445,2.205081886249445,1.9809595342548207,True
5.9705417995477585,1.0780637043230954,-0.031213918221292714,0.17679245665964205,-0.0603003326862831,9,2.4225735161357944,1.3419949668124187,1.805203131193574,-1.0009923328667514,1.1667809759661814,2.167773308832933,2.167773308832933,2.000992332866751,True
3.670244113613988,0.12058304902642838,0.32848262699967323,0.1903282691883631,-0.001574838431426584,9,0.8710532449944072,0.7445830687069335,1.1698536826886299,-1.0101421006315592,1.5708853112107655,2.5810274118423244,2.5810274118423244,2.010142100631559,True
7.553323990780827,0.6616886161481159,-0.06477385758938148,-0.1633301174303494,-0.2794654628707014,9,0.7606512979634441,1.2767840867442344,0.5957556221608971,-1.0233126093258313,1.160647465320323,2.183960074646154,2.183960074646154,2.0233126093258313,True
3.7609367408588144,1.0297847259066533,-0.22296269913589634,0.269782289495641,-0.4620061390069319,9,1.991844647612618,2.127294256013995,0.9363277515470874,-1.0000724708484408,1.155106079117212,2.155178549965653,2.155178549965653,2.0000724708484405,True
5.618207627354164,0.3071624422730509,0.18876775510906874,0.2452566401558417,-0.20937840877321878,9,0.7730810435227329,0.45739534032848705,1.6901812838047938,-0.9118649895724105,1.502109948051672,2.4139749376240824,2.4139749376240824,1.9118649895724105,True
3.8129806626530547,0.16603579831111476,-0.18480538930051182,0.030182871214141538,0.46097378157244584,9,1.2160312549816166,1.1773120171515377,1.0328878302998712,-1.0019021760341855,1.331554220172651,2.333456396206836,2.333456396206836,2.0019021760341857,True
4.649595876010762,0.563760295564235,-0.06068447156853796,0.1740894284343837,0.21618959097321655,9,0.9177091060742042,1.337332076182736,0.6862238051551874,-0.9993134989795269,1.0609296719247905,2.060243170904317,2.060243170904317,1.999313498979527,True
3.878079897809011,0.3598985021311123,-0.06058312579885977,-0.2471179911692905,-0.16352117897210527,9,2.098862410668133,0.6766830657709306,3.101691939456093,-1.0003247363200827,1.1796478554433516,2.179972591763434,2.179972591763434,2.0003247363200827,True
6.686505629718974,0.6327539768036369,0.20472537837816673,-0.16091225130893988,-0.3752993996096422,9,1.2430644888555502,0.883334403185029,1.4072411131882179,-1.2400909329720686,1.544827191536499,2.7849181245085677,2.7849181245085677,2.240090932972069,True
5.3122175951442525,0.7430777473398859,0.31021795493170146,-0.23166653634384504,-0.47481251287175075,9,1.7194299884319775,0.8952827155595856,1.9205441572244233,-1.5199827469296683,1.9285659980073424,3.4485487449370105,3.4485487449370105,2.519982746929668,True
2.5704936220372394,0.47690921802991026,0.16385806979746753,0.3106269154889154,0.09980133014888293,9,1.023474966715666,0.9886278513151842,1.0352479604475275,-0.9883791415376559,1.3186638536943083,2.3070429952319644,2.3070429952319644,1.988379141537656,True
4.638088540907918,0.165901878909252,0.12644202011670747,-0.33073524775072266,-0.01629774150270724,9,2.0134123015452046,0.1375895985471418,14.633463014686802,-0.6593470044646507,2.1012945294666263,2.760641533931277,2.760641533931277,1.6593470044646508,True
2.7259867663081314,0.8700587776466973,0.12506823986063886,0.2986816843768556,0.0725852579281665,9,1.9687812232983635,1.5374401627722947,1.280557950137246,-0.9989627273437939,1.2258038866594576,2.2247666140032516,2.2247666140032516,1.9989627273437938,True
3.2740159627895524,0.9969636820414137,0.12079183136959964,-0.2978465688080032,-0.0800515853115803,9,1.6388864017343712,1.5257888199983618,1.0741240073682876,-1.1221799206126983,1.3891389844431208,2.511318905055819,2.511318905055819,2.122179920612698,True
7.1900171947932945,0.6589856266321078,-0.3141711542122621,0.1832172832432134,0.28668832777749365,9,1.506478765562915,1.1294637409655164,1.333800024669326,-0.9966708457238389,1.1241560483007875,2.1208268940246264,2.1208268940246264,1.996670845723839,True
6.371384208038373,1.058701857875464,-0.03190508955181093,-0.14591321574446672,0.07309055633993045,9,1.5270827897120702,1.226025757769926,1.2455552259275127,-1.1138038223186204,1.3338371127579,2.4476409350765205,2.4476409350765205,2.11380382231862,True
3.654992497334959,0.6657945942438007,-0.00911789085559589,0.25826837975494066,-0.21138003280336914,9,1.211923730463653,1.45125464651155,0.8350868907650438,-0.9978934678192182,1.104637184599669,2.102530652418887,2.102530652418887,1.9978934678192182,True
7.913721672440067,0.5808810092744778,0.21699938363143234,-0.07658116977963092,0.11081127312487637,9,1.2820045091023764,0.6221914546647793,2.0604662752770966,-1.3402666727524657,1.6945960188514049,3.0348626916038706,3.0348626916038706,2.340266672752466,True
5.128416153345839,0.4726251543592509,0.09975950109246173,0.15601704212635292,-0.17465360879717995,9,0.6393306707677389,1.2465959186890725,0.5128611935775168,-0.999791172775978,1.1065402878929655,2.1063314606689434,2.1063314606689434,1.999791172775978,True
5.965864740213925,0.5649481273068585,-0.09131510530723608,-0.11371492407212383,0.05890236822353723,9,0.5535319547613871,1.4177579789957369,0.39042767733423667,-1.0031825030033727,1.0765901330414296,2.0797726360448023,2.0797726360448023,2.003182503003373,True
2.549324300480622,0.7811068103843862,0.13830125501745955,-0.31090672690834575,0.4972567208130051,9,1.7006292509166347,0.9763842260307128,1.741762316081436,-1.4406044028927767,2.0715830927949925,3.512187495687769,3.512187495687769,2.4406044028927765,True
5.188925822443226,0.16824602456836957,0.07552313315655695,0.2997664952716985,-0.39920397135612995,9,0.6132674375770676,0.07682825427006423,7.982316445995628,-0.06737369498067146,1.8819439979097508,1.9493176928904221,1.9493176928904221,1.0673736949806714,True
4.5637820188759255,0.9784354351878863,0.0679894871018929,0.06702035881530177,-0.34020626929878106,9,1.5979197202143787,1.5384476617951857,1.0386571866538483,-1.0079048504474681,1.1370967996238297,2.145001650071298,2.145001650071298,2.007904850447468,True
7.159063259754056,0.8931155483525502,-0.10776979405692225,0.17936725388499064,-0.2741897852548001,9,1.8586102774523008,1.4232859073505955,1.3058586949069486,-0.9999087081206465,1.1203096314667431,2.1202183395873897,2.1202183395873897,1.9999087081206466,True
5.4993862227725,0.7806402075233619,0.2477142652681129,0.15635887210581667,0.2899770293814331,9,2.158810847447159,0.7186034663976191,3.0041753879498287,-1.0770444802724408,1.5218102595182292,2.59885473979067,2.59885473979067,2.077044480272441,True
3.9644701360593295,0.4113329884787569,-0.3085137885005487,0.19563784783494398,-0.46826126543395374,9,1.6517373506803428,1.3136907515886205,1.257325857461453,-0.991574909869902,1.4728143253659247,2.464389235235827,2.464389235235827,1.991574909869902,True
5.901921704570353,0.3682224609439962,-0.24112315763593592,-0.11365011047746584,-0.24450580055380877,9,1.1843628924444767,1.5274341027991822,0.7753937733051843,-1.0003229535751208,1.121060263799483,2.121383217374604,2.121383217374604,2.000322953575121,True
6.761243195583242,0.693068775255799,0.13674323396129268,0.25467370810294665,-0.24601979473769287,9,1.8828430210644003,0.9547508475217357,1.9720778734595843,-0.9973482306481367,1.4291011575643713,2.426449388212508,2.426449388212508,1.9973482306481367,True
7.878742125906727,0.9995564846324855,0.31163772167641224,0.09778200191329278,0.25894199303412824,9,2.8380668351963667,0.46745300535632905,6.0713415095769285,-1.9932021114082283,2.5863171525257687,4.579519263933997,4.579519263933997,2.9932021114082286,True
5.514829072498913,0.5226216493475708,0.1403887345492119,-0.11922636920066185,0.05270944835366875,9,0.9641713700129168,0.9970568935812824,0.9670174051450107,-1.0715259643881203,1.2922392959978344,2.3637652603859545,2.3637652603859545,2.0715259643881203,True
4.464848757643293,0.6344431819841023,-0.09678154317491644,0.3473224805731582,0.27190685286980976,9,2.0074860454585073,0.5302866824779022,3.7856618161293576,-0.8310012327917401,1.3553256221150571,2.186326854906797,2.186326854906797,1.8310012327917402,True
4.5544817965606805,0.5117797658280887,-0.00020082705137697276,-0.16830767119660686,-0.47732596799533156,9,1.3287863148512828,1.821220949346019,0.7296129090368941,-1.001283192357104,1.0840918137122726,2.0853750060693765,2.0853750060693765,2.001283192357104,True
3.0076597380906125,0.684166269738161,0.23231009189519536,0.23493889099150622,0.49009582322283884,9,2.132299210662754,0.9730558097346872,2.19134317819257,-1.0023067026077703,1.512385199635714,2.5146919022434844,2.5146919022434844,2.00230670260777,True
5.729458818366608,0.9563440070757339,-0.29275861577897067,-0.24097065534580525,0.4278263715406039,9,0.8326124662219885,1.7219484002644718,0.483529277703158,-1.00878981261621,1.1315942967060626,2.1403841093222726,2.1403841093222726,2.00878981261621,True
2.953356964581384,0.7873361080893047,-0.07383386836810302,0.0009266517341010583,-0.4282046232725334,9,0.24318389144459562,2.49342779614381,0.0975299512665615,-0.999988826922571,1.0264705217344265,2.0264593486569975,2.0264593486569975,1.999988826922571,True
3.182338667080597,0.8966727103523994,0.24747023003402013,-0.18824492433084625,0.012319028130734822,9,1.8541690165541183,1.1630179490661772,1.594273775433034,-1.245455822777401,1.6135639278970162,2.8590197506744173,2.8590197506744173,2.245455822777401,True
4.56002932779045,0.4543155102838047,-0.3211041071971002,0.0036502958194893353,0.027934708086540416,9,1.0068741653256612,1.8057076520709874,0.5576064121846442,-0.9996838670866701,1.1242216332615935,2.123905500348264,2.123905500348264,1.9996838670866701,True
2.986939443751618,0.5048143936498403,0.12317132378492113,-0.013874608057503346,0.4172917964405636,9,1.003248973025901,1.2586607509472942,0.7970765532100966,-1.0239252424868932,1.2993113094620217,2.3232365519489147,2.3232365519489147,2.023925242486893,True
5.75339723371715,0.15583298178871158,0.27468596318963534,-0.035579778745899904,0.12386044744680758,9,1.0715979088457628,0.6943131698119741,1.5433927447119584,-1.0234470970424492,1.2703694382523463,2.2938165352947957,2.2938165352947957,2.023447097042449,True
4.367711675487012,0.4801262749142156,0.33473075463786595,0.3229328454241457,-0.025145759756057484,9,1.7106053424035417,0.5236625643742964,3.266617586933059,-1.0592225292271968,2.4670886596538755,3.5263111888810723,3.5263111888810723,2.059222529227197,True
3.953075386272423,1.0250495325526838,-0.2773984995687019,-0.13182101777182972,-0.1695089640331381,9,0.28030011013199907,2.4791482408907184,0.1130630696094606,-0.9997881208683674,1.0634969746629848,2.063285095531352,2.063285095531352,1.9997881208683674,True
5.883481489962297,0.84802410430669,0.19739872155810656,0.1925028041252954,0.023520911911145248,9,2.2697413925187355,0.8518393327772207,2.664518184572178,-1.0266105673339128,1.4034844848321502,2.430095052166063,2.430095052166063,2.026610567333913,True
7.353464127256499,0.7199276504045542,0.09421993861970818,-0.21523062875693677,0.39290115203971776,9,1.3720538127482291,0.7919206165791677,1.732564835444041,-1.407493523851167,1.7694055064451863,3.1768990302963536,3.1768990302963536,2.407493523851167,True
4.352383705422525,0.17043324370510024,0.06797291581587406,0.18648986363472764,0.32861244593365924,9,0.40678238711325176,0.5636847152883715,0.7216487800368133,-0.9771481832292835,1.2829067529514846,2.2600549361807682,2.2600549361807682,1.9771481832292834,True
3.0672366467863466,0.3128100562286769,-0.02438569829735987,0.03387283256939155,0.10385014836911721,9,0.7774574273652766,1.8175060937594818,0.4277605615930115,-1.0000193364603585,1.0363158096429863,2.0363351461033448,2.0363351461033448,2.0000193364603582,True
5.368318946317821,1.1068899148190476,-0.13244061278158864,0.14050541089464663,0.3669248566945408,9,2.2858811704038287,1.4563048067372542,1.5696447335947346,-1.0003823124134972,1.1077966516221578,2.108178964035655,2.108178964035655,2.000382312413497,True
2.427710629924551,0.4644250181941388,-0.03014358534230166,0.30573062946205964,-0.13546526424671723,9,0.6612744044225041,1.1964256683540506,0.5527083060097113,-0.9991542190671757,1.1670019142296424,2.166156133296818,2.166156133296818,1.9991542190671758,True
2.359448846317842,0.7924069281723322,-0.13066147553584032,0.09050827596398503,-0.48830803499690256,9,0.7037948429345229,2.9192572284062113,0.24108695735550667,-1.0000063537222046,1.056089016654886,2.056095370377091,2.056095370377091,2.0000063537222044,True
6.769174394119204,0.544933729012843,-0.07871274524520161,-0.1480387510372242,-0.050799000869337085,9,0.7298818851888134,1.319572674328791,0.5531198844808395,-1.0079961500764603,1.1133858982915477,2.121382048368008,2.121382048368008,2.00799615007646,True
6.270386748151084,0.9791278405318781,-0.18348740562293744,-0.22591956350863646,-0.20427139307181807,9,0.891278434637216,1.7107967136286213,0.5209727301537792,-1.0141495839971808,1.1498838745228785,2.164033458520059,2.164033458520059,2.014149583997181,True
4.784950253378657,0.759466063892086,0.25808679549699487,0.2632125009168256,0.16082408898575618,9,2.259610517495579,0.8145276858853389,2.774135927668964,-1.0016561817652754,1.5805963031527523,2.582252484918028,2.582252484918028,2.0016561817652754,True
4.316085998142365,0.23154388399382286,0.18306868378737384,0.04278998311983617,0.431501181522718,9,0.8290756801174624,0.9197649238540936,0.9013995409211564,-1.0069928920110256,1.2477235825574609,2.2547164745684865,2.2547164745684865,2.0069928920110254,True
3.5364801903158276,0.9217179136010873,0.1579885639918318,0.308225701123941,0.34945062889743317,9,2.571085699312478,1.1187451448626067,2.2981871350406924,-0.9979161536380703,1.4255565591564032,2.4234727127944735,2.4234727127944735,1.9979161536380703,True
3.2350307671821366,0.5355817440005453,0.2678855990842024,0.17275054232381526,-0.21109426112395924,9,1.1399187096396004,1.2518102045966353,0.9106162463397643,-0.9991620996315246,1.2497881943958318,2.2489502940273565,2.2489502940273565,1.9991620996315245,True
7.7094918356968885,0.061727497425969564,-0.012492454459850477,-0.3187341991391437,-0.14052632695241596,9,1.5769148334462206,0.2975614905521487,5.299458711945996,2.0367545535737808,4.441901012778246,2.405146459204465,2.405146459204465,1.0367545535737808,True
2.2188192274713816,0.8931328976866569,-0.12929447372196629,-0.16229446304643524,-0.35016168147183957,9,0.9163486142975437,2.8537109264120533,0.32110772181457814,-0.999922767945247,1.053419049292036,2.053341817237283,2.053341817237283,1.9999227679452471,True
2.3407788342676277,0.7525843509586,-0.20804785692169386,-0.008565248491985755,-0.29255901483423297,9,0.8647575735685078,2.85380515900191,0.3030191359913822,-0.999979348280049,1.0530884203626463,2.0530677686426952,2.0530677686426952,1.999979348280049,True
7.1808614733784015,0.3977909801963095,-0.09105096213204217,0.34821119985155125,-0.01024274642253975,9,1.5911639207852377,0.2369232927868044,6.715945494717768,1.7718923423612845,2.2975621473704178,0.5256698050091333,0.5256698050091333,0.7718923423612845,True
7.329544846006742,0.39168420969585105,-0.020943209295421927,-0.15481692792796312,0.41185224309349067,9,0.959887091731229,0.982538630230013,0.9769459054312386,-1.0260367211645072,1.2071854015372814,2.2332221227017888,2.2332221227017888,2.026036721164507,True
6.492475472959337,1.0790755953403846,-0.02476599598992718,-0.16799216338870032,0.48351918560905494,9,1.763039719647816,1.0508585753309827,1.6777135963252923,-1.2413290538004873,1.5295162392702109,2.770845293070698,2.770845293070698,2.241329053800487,True
5.811147352924168,0.4972845150315912,-0.18548827776886828,0.28269787471027974,-0.4881394445703794,9,1.3235343609339505,0.6656036991924137,1.988472063090715,-1.0170372406327641,1.5092965207849631,2.5263337614177273,2.5263337614177273,2.017037240632764,True
5.150318859062266,0.4573394982842442,-0.17999363469085486,0.03350874425026873,-0.11500608543423108,9,0.4910710448240949,1.8446511019295655,0.2662135101377266,-1.0000108928859563,1.0236868905075491,2.0236977833935055,2.0236977833935055,2.0000108928859563,True
7.177333790590393,1.1090459346816175,-0.17414866659061803,-0.24000725190743577,0.33199990962152137,9,1.3429364382955986,1.308559929334829,1.026270488794689,-1.114093137923936,1.3371042900205048,2.451197427944441,2.451197427944441,2.114093137923936,True
5.629025877133676,0.5552388759682333,-0.28133397320746645,0.3245522868150995,-0.04427062806733628,9,1.8032132205474998,0.417742283325433,4.316568593902058,-0.9975005309343169,1.9308070962366235,2.9283076271709403,2.9283076271709403,1.997500530934317,True
6.04446078744363,0.42780835422841396,-0.2001550992946281,-0.1480532535908552,0.053492206241933515,9,1.0301073372294427,1.6502844374524874,0.6241998735803385,-0.9998096743739582,1.0970580407608788,2.096867715134837,2.096867715134837,1.9998096743739582,True
2.7995407304072524,0.8565420264874486,-0.2521193479667034,0.32526751137718535,0.024678374494475852,9,1.8890093187227088,1.5371587872270853,1.2288966724968826,-1.0006244231156238,1.2011224879572666,2.2017469110728904,2.2017469110728904,2.0006244231156236,True
6.799066315709856,0.7083580917828162,0.3091881697847343,0.17944065391898167,-0.012036295131909402,9,2.093348188634408,0.5845504279467224,3.5811250639015895,-1.090991766305845,1.6583038969839932,2.749295663289838,2.749295663289838,2.0909917663058453,True
6.7198706489062765,0.6429559645878621,0.1608251871699844,0.13241769870669512,-0.26092871302011555,9,1.4023410051073406,0.9237799847763308,1.5180465351247903,-1.0056775402697078,1.235058184793681,2.240735725063389,2.240735725063389,2.0056775402697076,True
5.666537332989607,0.5620527805179164,-0.30258119914089215,0.05336640752152144,-0.17747479026142887,9,0.6804609937100217,1.8896129709095446,0.3601060133401229,-1.0002881174126592,1.0743571778205032,2.0746452952331627,2.0746452952331627,2.0002881174126594,True
4.739544594512415,0.900750888594814,-0.10453501868103002,0.11627802654640451,-0.08842160360573847,9,1.2901304199285288,1.7609563254951266,0.7326305605937069,-0.9999368974883527,1.0447391375352477,2.0446760350236004,2.0446760350236004,1.9999368974883527,True
2.492343074610919,1.0103137672395344,0.22487450678555965,-0.20911422922674858,0.30569925773467044,9,2.1815170424585,1.1785845366830043,1.8509635707576295,-1.2965743840699728,1.7564275243735046,3.0530019084434774,3.0530019084434774,2.296574384069973,True
7.210754405707374,0.9138783252307554,0.07612265738698476,0.04742588461266206,0.48598100333652616,9,2.07350450940768,0.810408120122573,2.558592958192553,-1.1347670564036891,1.425893743383705,2.560660799787394,2.560660799787394,2.134767056403689,True
7.9801197161039745,0.4670506424369567,0.10909047647341258,-0.017409260330247756,0.317458721391187,9,0.8430773835662299,0.7386390590944646,1.1413929079242053,-1.0466492951477795,1.231460252297963,2.2781095474457427,2.2781095474457427,2.0466492951477795,True
6.990391960599736,1.1847090754367202,-0.2158055835904618,0.289996691757329,-0.2320361977167713,9,3.091454768750721,1.6473815329961603,1.8765869999332612,-1.0005955693504371,1.2182643324769027,2.21885990182734,2.21885990182734,2.000595569350437,True
5.1920600532200645,0.4166038393075083,-0.14163321042436391,0.07575384248127986,-0.07122493258459506,9,0.39480878939438346,1.614290191849964,0.24457113806900832,-1.000018520542133,1.021648631133518,2.021667151675651,2.021667151675651,2.000018520542133,True
3.3948556997832284,0.3615941508825273,0.14931175697084187,0.0015272809066564363,-0.3411377735606669,9,0.9508635084160435,1.6283451068968686,0.5839447082738503,-1.0006286075773945,1.0479757989429588,2.0486044065203535,2.0486044065203535,2.0006286075773945,True
3.4497663086237966,0.5987585533998462,0.29008248993989494,0.1382136363242037,-0.14453655496060314,9,1.426270876631735,1.1015473341775301,1.2947885509583295,-1.0101483456272176,1.3117231583068665,2.321871503934084,2.321871503934084,2.0101483456272176,True
7.641269473199218,0.7480987782976268,0.12949249654392248,0.22593815455358213,0.48704520624314074,9,2.226076506280883,0.696034292272744,3.198228206561675,-1.0024823464957047,1.5180025740499856,2.52048492054569,2.52048492054569,2.0024823464957047,True
4.948339733742223,0.5986232657118551,-0.24342925051859254,-0.1486267988915634,-0.14699470808180515,9,0.8599638791679238,2.1045454980462845,0.4086221371627533,-1.000003267415735,1.0732698027728877,2.073273070188623,2.073273070188623,2.0000032674157353,True
3.3685860167660033,1.1931074090933957,-0.1609061273243625,-0.2756687548805443,-0.12538271176606586,9,0.977792471606926,2.294295331333163,0.4261842223419218,-1.005115525908352,1.1206224677865482,2.1257379936949,2.1257379936949,2.005115525908352,True
2.137389983181011,0.7434206628666433,0.2314582864171566,-0.1299805408312468,-0.4939931199195604,9,1.2017007382963785,2.001092245178526,0.6005224102945688,-1.0136969686754744,1.158332918477531,2.1720298871530055,2.1720298871530055,2.0136969686754744,True
6.519258551730223,0.3720686199006339,-0.06989154531200392,-0.12927599919076246,0.08062406199507555,9,0.984635019111886,1.2810044827792881,0.76864291448505,-1.0018294909132328,1.101237274109094,2.103066765022327,2.103066765022327,2.0018294909132326,True
3.479637392746903,1.1079253484109706,0.23697893755200172,0.002749909278385476,0.32626910600056747,9,2.6221165120808685,0.9659681843829122,2.714495730266676,-1.2896385461592872,1.7178003968370401,3.0074389429963273,3.0074389429963273,2.289638546159287,True
5.189087519820801,0.7655424887378433,0.30649170967736183,0.06692240996825372,-0.025794881583463658,9,1.9616749482034326,0.7397456721653771,2.6518234874713555,-1.209470286172394,1.6367062651824296,2.846176551354824,2.846176551354824,2.209470286172394,True
7.124809613770972,0.4334606533676581,0.05517861271131774,-0.1372869617814662,0.08245590289095783,9,0.84354290423467,0.9637970043930723,0.8752288089605245,-1.0428173012295125,1.2197013416763827,2.262518642905895,2.262518642905895,2.0428173012295128,True
5.709602699437607,0.7831056578857375,-0.24845656218037504,-0.14222034967190056,-0.2757201387545022,9,0.3808103550823896,2.0295008080529344,0.187637449352746,-0.9996034846315416,1.0668105830755983,2.06641406770714,2.06641406770714,1.9996034846315416,True
2.1538726515092135,0.48890262010434515,-0.276953381665547,0.278928806692224,-0.24033043665663512,9,1.622243847881705,1.5374346002609656,1.05516283268657,-1.0037993694131935,1.4537237262156086,2.457523095628802,2.457523095628802,2.0037993694131933,True
4.458381754719391,0.3136572267501062,-0.19368696414906894,-0.12229039543035722,0.3745197199493667,9,1.2449753314299006,1.148200987918494,1.0842834525746603,-1.0001003423373578,1.1725414455074556,2.1726417878448134,2.1726417878448134,2.000100342337358,True
4.261657087803631,0.057768464268256436,0.05585938168841542,-0.10169292338911165,0.2247182155945162,9,1.5072064113707444,0.08846649118468557,17.037031662352817,-0.7138717051706229,1.4020715479900587,2.1159432531606814,2.1159432531606814,1.713871705170623,True
4.9269239278567,0.26584605819835494,0.3086773646055483,-0.26979511931668043,0.3793616758711321,9,2.090593939081452,0.023694366709952952,88.23168665669743,-1.4202336159329152,2.065880158048834,3.4861137739817494,3.4861137739817494,2.420233615932915,True
7.1077755748372144,0.6578171490789644,-0.11677317371925969,-0.026041515372136115,0.008803592834107699,9,0.5686695094740761,1.326657391646408,0.428648355675572,-1.0018141327267989,1.049622170990583,2.0514363037173817,2.0514363037173817,2.001814132726799,True
4.061894274985276,0.1553763262898334,-0.13846330110832708,0.015155153470469973,0.4782994416916756,9,1.123908257444413,1.0231888785618202,1.0984367412438676,-1.0031434399252548,1.2805539421099426,2.2836973820351973,2.2836973820351973,2.003143439925255,True
5.957851484688141,0.557880001415288,0.29227975172228915,0.22879531136267517,-0.4447365076069598,9,1.5330051270955551,0.8270208112383343,1.8536475820966583,-0.9961183120219342,1.5354799500811576,2.531598262103092,2.531598262103092,1.9961183120219341,True
3.8877154798964133,0.1831603184698628,-0.2657783552281893,0.34521096552905106,-0.014225299106980782,9,1.531636575919276,0.0051866147195254175,295.30563937076533,6.668593551640629,118.60551093058757,111.93691737894694,111.93691737894694,5.668593551640629,True
7.4315610729616335,0.6369037371007764,0.18159407739906142,0.22567686911835894,0.2668321473823585,9,1.9110900088936043,0.6766518097638012,2.8243329601981086,-1.0001789841847535,1.5876211484564946,2.587800132641248,2.587800132641248,2.0001789841847533,True
2.5540264464498583,0.33824068149227443,0.04872223506701728,0.31772267929713205,-0.2603749695195767,9,0.5100102484166358,0.9769488629419262,0.5220439551777777,-0.9946376846789571,1.2190336935619877,2.213671378240945,2.213671378240945,1.994637684678957,True
3.2626046382816813,0.6947076461143495,-0.26659560381583886,0.22228573455037803,0.34074854481772054,9,1.2530819116920062,1.5257486727653915,0.8212898585851746,-0.9999910236235884,1.1106148867437284,2.1106059103673167,2.1106059103673167,1.9999910236235885,True
7.973835572585098,0.41522467627788373,-0.13783595242524532,-0.08534566867895893,-0.2758023797092959,9,0.5720998159279609,1.3684348734349796,0.41806871999096556,-0.999887403414654,1.050485672644758,2.050373076059412,2.050373076059412,1.9998874034146539,True
2.3176597723795855,1.131356757977281,-0.1923197358791482,0.15678390337503945,0.20981054150022171,9,1.603001315825746,2.3950424288349517,0.6692997570842669,-1.0000151050424755,1.0199089195071984,2.019924024549674,2.019924024549674,2.0000151050424755,True
3.371275663457683,0.7402421069950671,0.07204541515809804,-0.26295169789439593,-0.43287961146428633,9,1.5540416043355627,1.9341787256885534,0.8034632910060239,-1.013532144016477,1.1544810150474734,2.1680131590639506,2.1680131590639506,2.013532144016477,True
2.027010526097734,0.5156388740816013,-0.020928559118674972,-0.3097521812129692,0.1921780537079114,9,2.3222153622289827,1.235320157211792,1.8798490000117805,-1.020729940237268,1.318037089481031,2.3387670297182988,2.3387670297182988,2.020729940237268,True
4.602168659070227,0.3205402939487505,-0.1189590044041329,-0.3146848912440832,-0.31256203360821555,9,2.482203834311213,0.03513241622800356,70.65280731624382,-0.995792020069684,1.3395020279973195,2.3352940480670035,2.3352940480670035,1.995792020069684,True
2.4359774295889576,0.0831181653455765,0.3499713052520148,-0.214701413345782,0.43507664130460477,9,1.8621626694726092,0.22026732576194544,8.454103045156806,-0.5518916459003111,1.758451800677731,2.310343446578042,2.310343446578042,1.5518916459003111,True
6.176123677648448,0.5241093368733685,-0.3360432188258127,-0.059573175652741006,0.17557735543345288,9,0.5422199103792154,1.847009340201998,0.2935664149483486,-1.000166626604008,1.0593074066604862,2.059474033264494,2.059474033264494,2.000166626604008,True
4.786055918686359,0.8831107352516355,-0.13026589164427382,0.18556319932870446,-0.1811002328427348,9,1.561328353375675,1.8783413596580008,0.8312271597213586,-1.0000062414954813,1.0633680667352523,2.063374308230734,2.063374308230734,2.0000062414954813,True
2.292942842480678,0.08355244581786324,0.31803698459447827,0.15286062946967272,0.317119950273542,9,1.4613160884452832,0.9887942638264121,1.4778767858040736,-1.3461483439501503,2.0008940452460373,3.3470423891961874,3.3470423891961874,2.3461483439501505,True
5.863558361597518,0.21176067166143092,0.2864395381810825,0.23689777041949855,0.06480020991497248,9,0.8935600853841341,0.19794318403171213,4.514225078045518,-0.7550737522724241,2.4218344442622812,3.1769081965347055,3.1769081965347055,1.7550737522724242,True
6.634369040431599,0.3415284683540574,0.07051136157820798,0.08955353730281929,-0.4247298070775454,9,0.12616055854686903,1.1875223152284136,0.10623847394615293,-0.999972580068514,1.036268686433716,2.03624126650223,2.03624126650223,1.999972580068514,True
3.140638330596374,1.1821418585921915,-0.07027235566789275,-0.15591789522839938,0.02901703295482061,9,1.1326182814752104,1.9797385945898773,0.5721049660648979,-1.012664772786292,1.1259596767400715,2.1386244495263638,2.1386244495263638,2.012664772786292,True
4.0396538783762015,0.2292061337131579,-0.07702272774393465,0.31690246553794543,-0.1916208988342072,9,0.936313485099142,0.27598606717560203,3.3926114266608702,-1.1622766898579298,2.6529887947048807,3.8152654845628104,3.8152654845628104,2.1622766898579298,True
7.6206088230173155,0.10773515815591761,-0.033966611513958134,0.13127324561048637,0.05413350045170484,9,0.4182110117921569,0.3807036526342117,1.0985211434101556,-1.0242358093970516,1.4337583738171922,2.457994183214244,2.457994183214244,2.0242358093970516,True
6.804309417011966,0.9860669058313922,-0.08735531349980741,-0.056582111254710965,0.3197661666970675,9,1.599807063273701,1.1886473204563426,1.3459055816989576,-1.0500779214038436,1.2149863685651465,2.26506428996899,2.26506428996899,2.050077921403844,True
5.5101722849271955,0.6901146015762257,0.05252022004851892,0.31742516134807486,0.05219710358052598,9,2.067133794011025,0.6933246122938781,2.9814804744517467,-0.9448072124168393,1.4494590330988109,2.39426624551565,2.39426624551565,1.9448072124168392,True
3.3842422747672463,0.8803500970698405,-0.3282226372138873,0.001219607506422693,0.1703955111473463,9,0.493056104676604,2.4875048425643898,0.19821312354443832,-1.0000294348522634,1.0313522804717115,2.031381715323975,2.031381715323975,2.000029434852263,True
4.371495617142617,1.197457782628888,-0.19537690777027103,-0.23195834326839226,0.22721491351891954,9,1.0651969673385033,1.8602157098535979,0.5726201330824887,-1.019441569203114,1.154316556515685,2.1737581257187992,2.1737581257187992,2.019441569203114,True
3.0493509806237293,0.9234656211028879,0.018584851954050297,-0.05778391932141863,0.4284405620903612,9,1.3696077124029375,1.4886078698477878,0.9200594328061572,-1.0223862522601668,1.2087471376603918,2.2311333899205588,2.2311333899205588,2.0223862522601666,True
6.381747992013876,0.9583801164786361,0.09172577805608606,0.2223637767526251,0.13421146800211392,9,2.58337476442272,0.958856915271064,2.6942234271652645,-1.0068790475656992,1.335810594950979,2.342689642516678,2.342689642516678,2.0068790475656995,True
4.814453026794874,0.9625932429909159,0.13040173871257554,-0.2794788324946516,-0.1658777222384331,9,1.6611740417108278,1.227523272254872,1.3532729515256934,-1.2401047534791585,1.5481095862892942,2.7882143397684525,2.7882143397684525,2.2401047534791587,True
3.5080393243447032,1.0062335865211902,-0.14694071405945378,-0.027817183754946295,-0.17869031401090185,9,0.6732464690519016,2.2620027392468303,0.29763291501409483,-1.0000556935141278,1.0377972241351712,2.0378529176492988,2.0378529176492988,2.0000556935141276,True
3.188679348856084,1.1136988750735948,0.2585248281349569,-0.22918690479713752,0.11415503638190216,9,2.3629056780301236,1.0743774484141546,2.1993254619388316,-1.5086543888453403,1.9562124811776227,3.464866870022963,3.464866870022963,2.5086543888453403,True
2.5417100802076558,0.8441358920535971,0.15450740367356652,-0.30733006515657224,-0.3990284934143793,9,1.729427956264827,1.9517538963422079,0.886089152687722,-1.0331581857690295,1.222026054636943,2.2551842404059723,2.2551842404059723,2.0331581857690297,True
2.198080845522612,1.0318245595685753,-0.2510750911336928,0.0918828896604047,-0.4664142734050447,9,0.8545214881309704,3.1416485276329493,0.27199780007689245,-1.000053740756877,1.1172244354347045,2.1172781761915815,2.1172781761915815,2.000053740756877,True
4.036742838879441,0.1618647564355255,-0.10802985251134598,0.23871655381423662,0.3596476407070155,9,0.7683105163531193,0.31385920640381293,2.4479464061494087,-1.166603407475697,2.4783343633398145,3.6449377708155115,3.6449377708155115,2.166603407475697,True
6.749436617233913,1.1520826387376182,0.3086482899093568,-0.19485709374306107,-0.27408973886931554,9,2.530167038304031,0.6536712025336635,3.8707029290826527,-2.7482575838325745,3.2757620784482495,6.024019662280824,6.024019662280824,3.7482575838325745,True
6.486469059289678,0.5628753615211097,-0.16069300263076564,0.16143535691950528,-0.07439804564275232,9,1.0255644037707419,1.225937042313697,0.8365555231410626,-0.9988391049459778,1.0707798273968705,2.0696189323428484,2.0696189323428484,1.998839104945978,True
7.071439661923754,0.05574535828922869,-0.26860245905738694,-0.2309616570763292,0.1800567435294379,9,1.3730827248541595,0.32310960521952403,4.249588073747522,2.1642745371466026,3.732239440790958,1.5679649036443553,1.5679649036443553,1.1642745371466026,True
5.286750833815351,0.5106785542413215,0.19484217439123985,0.09376705552028397,0.37559837397482587,9,1.298532527149192,0.8079381012549475,1.6072178365300736,-1.0116562068651116,1.291520841941415,2.3031770488065266,2.3031770488065266,2.0116562068651116,True
6.469797471400742,0.5526084641746448,0.11277910199558511,-0.016974740404592348,-0.2606505270923495,9,0.7443798350498791,1.051246629443362,0.7080924820125515,-1.0201030775206934,1.152693058877951,2.1727961363986443,2.1727961363986443,2.0201030775206936,True
2.3408089948362276,0.3642177077214073,-0.23512575256863621,-0.06118917559902903,-0.10980347155139625,9,1.924648884817727,1.8181711927342699,1.058563072888274,-0.9998831325365313,1.1734053236419233,2.1732884561784545,2.1732884561784545,1.9998831325365312,True
3.8217394845878383,1.0298689316029446,-0.3081628256684777,-0.09323103771909352,0.3058072856894951,9,0.595116274516374,2.2147974071351793,0.26870009536725603,-0.9999075567392967,1.037091746755175,2.0369993034944716,2.0369993034944716,1.9999075567392968,True
6.018388549635836,0.13972002820652146,0.06377618574673516,0.1059869033058678,-0.023593379327058517,9,0.3795696797409176,0.7954451271123244,0.4771789615694242,-0.9994104242460046,1.0692204855657486,2.0686309098117532,2.0686309098117532,1.9994104242460047,True
5.202054486207679,0.6772461641698609,-0.05089779962752805,-0.14653243116436898,0.22569454002880107,9,0.7720116678117743,1.3709462160032269,0.5631232347410755,-1.0170568457058375,1.144150407552381,2.1612072532582185,2.1612072532582185,2.0170568457058375,True
4.286541505886375,1.1179234797336386,0.05402180074732782,0.172579657552836,-0.3209799886511707,9,2.2446243378734443,1.6268850739859793,1.3797067621832448,-1.001630816115392,1.1524820276778094,2.154112843793201,2.154112843793201,2.0016308161153917,True
7.728703355767204,0.20077688274539718,-0.05363606601976417,-0.21609566647962192,-0.13080018443651442,9,1.698978844439432,0.01893892383778543,89.7083096690935,-0.9595231178380075,1.375427128486202,2.3349502463242096,2.3349502463242096,1.9595231178380075,True
5.806023871476931,0.379490867864627,-0.03811980848649282,-0.06595752435282948,-0.13395095372816934,9,0.7443286718628181,1.4210808397966574,0.5237764460812265,-1.0002590412702936,1.0396883626549076,2.0399474039252015,2.0399474039252015,2.0002590412702936,True
4.729959060177643,1.1702626362414437,-0.15712147758865835,-0.10630381324018492,0.1888340698358394,9,1.4739306850112934,1.7179457839924825,0.8579611177169391,-1.0142687196653712,1.1255354462250742,2.139804165890445,2.139804165890445,2.0142687196653712,True
2.162736348052732,0.5120193240611252,0.15312322939608647,0.17461853068112,-0.1342446757312593,9,0.5360796317904728,1.808716828436935,0.29638671093348784,-0.9998816322649753,1.0842749663080415,2.084156598573017,2.084156598573017,1.9998816322649753,True
7.6063971081777275,0.9922256356772895,-0.26777623879092877,0.15711299085756303,-0.3431716314487897,9,1.9740677320250666,1.739396821900114,1.1349151080249753,-1.00030403951467,1.095193912209344,2.095497951724014,2.095497951724014,2.00030403951467,True
5.17875518764831,0.43606413699925983,0.2914101872795666,-0.02566815251424992,0.07162600140534259,9,1.2453000241787031,0.7370901378501831,1.6894813269524656,-1.1166194152231843,1.4650096735333418,2.581629088756526,2.581629088756526,2.1166194152231843,True
7.084239806767149,0.4134768686734632,-0.08454725769132404,-0.2847891990407315,0.06977382409108213,9,1.737627301207226,0.7721260177963905,2.2504452138089177,-1.0241813742053796,1.2897591161430357,2.3139404903484153,2.3139404903484153,2.0241813742053796,True
2.881244087352425,0.8773031301270274,0.29114644736052286,0.1735852159468756,-0.4806180942814229,9,1.6368105321631967,1.5253487463498812,1.0730729848371008,-1.0106534849857196,1.2661207146077798,2.2767741995934996,2.2767741995934996,2.0106534849857196,True
7.587232087808008,0.07795255386842795,-0.20893050282401224,0.22786439774042122,0.4578274767613939,9,0.8162917344352432,0.2041836689152024,3.99783067261001,2.214489497897598,4.437636592309876,2.223147094412278,2.223147094412278,1.2144894978975982,True
7.0893196304162345,0.6028515641653124,-0.07121887419603473,0.19856229275120185,-0.30212287145446337,9,1.3377007966168997,1.0737054600443496,1.2458731434239383,-0.996335238940144,1.1345068940672607,2.1308421330074045,2.1308421330074045,1.9963352389401439,True
7.187087879313308,0.7928496127950063,-0.32629701482271917,0.12542697870146352,-0.4555919802980979,9,1.303025341492629,1.852614888935528,0.7033438785765771,-0.9995697597268156,1.0923982690456804,2.091968028772496,2.091968028772496,1.9995697597268156,True
3.6758344370587084,1.146369583169178,-0.08179329809765695,0.26223172606320644,-0.22381212988832444,9,2.3107093455706487,2.073985055049202,1.1141398246555014,-1.0000421679532725,1.1099347625595741,2.109976930512847,2.109976930512847,2.0000421679532723,True
3.778232703887901,1.1229472296274745,-0.010556235501953226,-0.27359582495375134,0.36493706638209433,9,1.6120591860762306,1.4529065882855832,1.1095408328889513,-1.1270815681427513,1.3945439615191768,2.521625529661928,2.521625529661928,2.127081568142751,True
7.964582839679509,0.5937978316284706,0.036188356632047,-0.28704073919719947,0.025291656158357045,9,1.315095963632729,0.9318046576227103,1.4113429814655576,-1.2284417787089126,1.5476824811379202,2.7761242598468328,2.7761242598468328,2.2284417787089126,True
2.402931267304931,0.08028808899180954,0.18772842148381574,0.001717606059588761,0.3899036770557748,9,1.6246807763543187,0.3095262901244773,5.248926595866692,-5.929821780037151,6.498647437613648,12.428469217650798,12.428469217650798,6.929821780037151,True
3.513991662940856,0.5525857597352898,0.30787987013367424,0.016650363316788486,0.10085737542325679,9,1.570737096904966,0.9117911996200937,1.7226938553030873,-1.0836783681086741,1.4674934634913641,2.5511718316000382,2.5511718316000382,2.083678368108674,True
4.17791590409907,0.7857804288933801,-0.22981765788218317,0.28239338549306414,-0.27583726015844,9,1.7051363503020673,1.4379853652714527,1.185781435251383,-1.0003744871091704,1.2031800165326239,2.2035545036417945,2.2035545036417945,2.0003744871091707,True
6.5986216769230115,0.41805688498110216,-0.1235610201579602,-0.27669018510482574,0.08328194047275694,9,1.7217868416438735,0.8482001992576587,2.0299297773695106,-1.0090604726259738,1.2480320081929237,2.2570924808188977,2.2570924808188977,2.0090604726259738,True
6.499760667608044,0.8920434424077928,-0.03765064264903617,-0.06685341045836085,0.34714271024049226,9,1.3656629996533254,1.1189712081997913,1.2204630375167682,-1.0602685796947637,1.2385406442465974,2.298809223941361,2.298809223941361,2.060268579694764,True
6.689582346775765,0.7611828386558344,-0.06865245873086523,0.17867164021774318,0.4105126914502575,9,1.6846158334856778,1.1349476031350547,1.4843115478038633,-0.9992762497411122,1.142938923218408,2.1422151729595202,2.1422151729595202,1.9992762497411123,True
4.433128213109584,0.9176044299757937,-0.1645334405599455,0.12311816966705158,0.34260998676203047,9,1.418601413313791,1.7035663856147452,0.8327244686750952,-0.9999383975117578,1.0338142041356848,2.0337526016474428,2.0337526016474428,1.999938397511758,True
5.019241012827434,0.0789443565409229,0.047362209206577466,-0.2718040225799643,0.3075713465561426,9,1.5966339474629532,0.22534928863080642,7.085151930870951,0.4626329051859382,2.6127464934547926,2.1501135882688542,2.1501135882688542,0.5373670948140619,True
7.094135573134062,0.24656517643134668,0.08470150111455882,0.04475989265964303,0.05297239657607189,9,0.28561818346618373,0.9222795798925029,0.3096872029840173,-0.9999516223601608,1.035006645612195,2.034958267972356,2.034958267972356,1.9999516223601608,True
7.333416385273873,0.6360024860145523,-0.3324760858781864,0.3031870812791768,-0.15237303113400402,9,2.0632453452736916,0.48076459878451766,4.291591665630218,-0.9177526385394859,1.638792312985782,2.556544951525268,2.556544951525268,1.9177526385394859,True
3.212843354184554,1.0611465604645836,0.1182562757238183,-0.05710791692215106,-0.34962762654936086,9,1.2996621296640838,1.7759786832802924,0.7318005232267564,-1.0214435169716356,1.1705891107693505,2.192032627740986,2.192032627740986,2.021443516971636,True
2.4958327896006436,1.0043385666147977,-0.1749045139050848,0.22259429977383471,-0.32462106318693373,9,1.4040621534367115,2.61329211302248,0.5372771556765623,-1.0000846557255687,1.0853046781116147,2.0853893338371834,2.0853893338371834,2.0000846557255687,True
6.851349853480541,0.8035696055254814,0.031973901113420355,0.22171604382092425,0.29926048189700094,9,2.108322874769197,0.96753407327002,2.1790683480981707,-0.997799653073538,1.2924027948870445,2.2902024479605823,2.2902024479605823,1.997799653073538,True
4.97278499871995,0.5558274320566952,-0.037255760230413715,-0.2812251919544628,0.18610465089077544,9,1.6048179865797152,1.3975454681771988,1.1483118246398518,-1.0303668149028766,1.2509933877243624,2.281360202627239,2.281360202627239,2.0303668149028766,True
7.239094520534978,0.8600260695930664,-0.024877533710049138,0.19149754422130327,-0.2074624963137407,9,1.946446900480361,1.208123940962748,1.611131800706844,-0.9988538167304944,1.1749104402594388,2.173764256989933,2.173764256989933,1.9988538167304943,True
5.574705603352632,1.076123689737526,-0.17916232152932923,0.05970367995915643,-0.46938928270887315,9,1.3854101675918207,2.0220719414982264,0.6851438562395163,-1.0000132154109254,1.0694731801903057,2.0694863956012313,2.0694863956012313,2.0000132154109256,True
5.530008792474636,0.684598952460712,0.22260194100078423,0.22710381200381524,-0.2299580199079727,9,1.7942448754449467,0.9408634179486354,1.9070194899881845,-0.9979637504611736,1.3918523237748184,2.389816074235992,2.389816074235992,1.9979637504611736,True
4.667779459530443,0.6175089625379696,0.29580971443547643,0.15206036981280624,-0.018787108269170627,9,1.6721822951806518,0.8214701612507803,2.0355971209405426,-1.0242987775796055,1.4290782678835758,2.4533770454631814,2.4533770454631814,2.0242987775796055,True
3.9087338904301325,0.6819803922279195,0.04200911705097338,-0.18400968674386178,-0.27197214640350376,9,1.0858642235952438,1.7171933844770275,0.6323482453468364,-1.010997901208161,1.12741681134221,2.1384147125503707,2.1384147125503707,2.010997901208161,True
5.933248265347118,0.6408608218509146,0.22388974180276133,0.19168784600547717,-0.3775699747118215,9,1.5539031695207666,0.9437428340484091,1.6465324169455462,-0.999564531297545,1.330570509136987,2.330135040434532,2.330135040434532,1.999564531297545,True
3.8337487081150092,0.9498758022152963,-0.06624806048428095,0.009249971554276204,-0.4177049039580295,9,0.7185085758054734,2.158868745503244,0.33281716514821524,-1.0001606789931365,1.04862719968979,2.0487878786829263,2.0487878786829263,2.0001606789931365,True
5.917364198048248,0.1547218178683818,-0.28214903850781176,-0.2847657249715685,-0.28322678833882675,9,1.910277391486817,0.18037274759578606,10.590720698936925,5.317508097168772,7.272871931663786,1.9553638344950146,1.9553638344950146,4.317508097168772,True
6.571860250751811,0.22332198007480214,-0.21978673792116474,0.30378949473169414,-0.15082127295417924,9,1.0454690427300317,0.19349532623730842,5.403071294072692,3.7544183580775563,6.3703848467248365,2.61596648864728,2.61596648864728,2.7544183580775563,True
4.42462254424101,0.08231148457333454,0.08289108004178919,-0.32512924947242483,-0.016893903165222546,9,1.8307625218342776,0.23657755454373,7.738530078921209,3.640364942669025,5.623517494795996,1.9831525521269708,1.9831525521269708,2.640364942669025,True
2.433753271762771,0.19462607934565496,-0.33555678961839996,-0.13151154539728305,0.19865267141239784,9,2.5792800726946936,0.37868720369023157,6.81110966401854,-1.0087119548757462,1.8119723549189435,2.8206843097946894,2.8206843097946894,2.0087119548757464,True
2.276763360686804,0.11909958938423247,0.27433680443880193,-0.11719710956975635,0.43313164871695864,9,1.8462589682258206,0.3163190921715194,5.836697859592723,5.952806549180591,7.874535204585248,1.9217286554046575,1.9217286554046575,4.952806549180591,True
5.6771141816476405,0.745709155879702,0.3320430863580962,0.20272967104985828,-0.07971752528343157,9,2.2102330333652116,0.6586447762426377,3.355728479278161,-1.0721916372866855,1.6590127985879222,2.7312044358746075,2.7312044358746075,2.0721916372866858,True
5.952706703116666,0.14303807053779677,0.06857531530778455,0.14728369807806135,-0.4164436912936834,9,0.42952473209161246,0.70812233342364,0.6065685430580054,-0.9989356279892754,1.1377632069475028,2.1366988349367784,2.1366988349367784,1.9989356279892754,True
7.248901054908348,0.7658515529885398,-0.125924666235204,0.12286964818239204,-0.11876227150038898,9,1.3125536390029422,1.3792902472834299,0.9516152539960837,-0.9999283883123264,1.0648363400391399,2.0647647283514665,2.0647647283514665,1.9999283883123264,True
7.7602996653242595,0.19731759891170475,0.28383970944968284,0.22098424802527972,0.30847354898149715,9,0.96104274216397,0.024114080310799813,39.854007690832574,0.7219193174165033,3.5060053186291946,2.7840860012126916,2.7840860012126916,0.2780806825834967,True
3.61597619230894,1.1437096467152266,-0.19147592618184467,0.21472696139213476,0.4307945319525641,9,2.2969860083949727,1.8816629186303495,1.2207213022335235,-1.0000931824727215,1.0656671810980083,2.06576036357073,2.06576036357073,2.0000931824727215,True
3.760075227361183,1.0590336826690485,0.3487809254596407,-0.17537187184666944,0.19690915754534644,9,2.6722723983317223,0.7484911892344231,3.5702122306409434,-2.170767083823082,2.7573443755834943,4.928111459406576,4.928111459406576,3.170767083823082,True
5.134525712787399,0.771928805969951,0.13602994682252517,0.09135093599263333,0.1947630257711015,9,1.6237522596900922,0.9998942161166265,1.6239240446818421,-1.026288236468666,1.2548730185544832,2.2811612550231493,2.2811612550231493,2.026288236468666,True
2.0942264414266925,0.8430585249714062,-0.14163846560637955,0.06340551660852889,-0.24297394927605165,9,0.39204261502269677,2.8096334351668473,0.13953514722443347,-1.0000022538300186,1.0223213981092398,2.0223236519392582,2.0223236519392582,2.0000022538300186,True
3.8105534592759325,0.16003581229945457,-0.14899524609464224,-0.025224952709025417,0.41451362636902456,9,1.3425906860908619,0.8088651575425749,1.659844874725234,-1.0026438445139063,1.3075845780625506,2.310228422576457,2.310228422576457,2.0026438445139063,True
3.466010126698733,0.5915644519564457,0.06063787422669459,0.23715933819502755,0.15841816853279234,9,1.0679417089918926,1.29831609883389,0.8225590901561546,-0.9982978294033634,1.1509783143624268,2.1492761437657903,2.1492761437657903,1.9982978294033633,True
2.9952723881314727,1.0023443722242296,0.18431417006981032,-0.15687497281452256,-0.4002927307539622,9,1.3768761741329774,1.7091514955735152,0.805590480246433,-1.0515576534043938,1.2511282853281616,2.302685938732555,2.302685938732555,2.0515576534043936,True
5.211141805975999,0.3161295512794809,0.224911053057275,0.16218360810945853,0.056421375620852365,9,0.8376635053500933,0.86564543889641,0.9676750638437023,-1.000122798540965,1.3051616204189707,2.3052844189599355,2.3052844189599355,2.000122798540965,True
2.422456335349332,0.6831696218785854,0.0781200162123234,0.18186712593669196,-0.16668237952303522,9,0.6284011442448438,1.9667090992009886,0.3195191116470368,-0.9999461730422875,1.0537053386764437,2.0536515117187313,2.0536515117187313,1.9999461730422876,True
4.786680526985039,1.0486652777920236,-0.2987364538907445,0.14680161688265997,-0.11453964552353824,9,1.7307275424025734,2.2635161905039,0.7646190248885659,-0.9998005528269691,1.0677192409502667,2.067519793777236,2.067519793777236,1.9998005528269691,True
6.565785216544544,0.3701744569246352,0.29409292506294415,0.24934000680813262,-0.3566076538702798,9,1.1399586195383211,0.4430808017563283,2.572800751058584,-1.0137819040983111,2.099462356825371,3.113244260923682,3.113244260923682,2.013781904098311,True
6.471194132099026,0.9476567345664386,-0.11887148925079988,0.017181895319518137,0.20336588176746018,9,1.5563264671087764,1.3381894225490938,1.1630090933943844,-1.0080784506361424,1.105618051624005,2.1136965022601473,2.1136965022601473,2.0080784506361424,True
7.460258795406791,0.46910079844159774,-0.11810826516817538,0.10161865686044125,-0.16174234862727077,9,0.5803910241707986,1.296012169595592,0.44782837521649504,-0.9998963170281892,1.0256433259781825,2.025539643006372,2.025539643006372,1.9998963170281892,True
2.611980370058792,0.5530798866440206,0.3324778484677894,0.20063692222517482,0.1814255696287025,9,1.884736887737719,0.9715306715150044,1.93996642926225,-1.0004939331913902,1.5098697166560875,2.510363649847478,2.510363649847478,2.0004939331913905,True
6.649516338086892,0.4974886273212397,-0.055533879324340674,0.2842336100902977,0.13327638581092482,9,1.6493860270475968,0.34056848223736186,4.843037782627356,-0.7036352771836035,1.378290668763676,2.0819259459472796,2.0819259459472796,1.7036352771836034,True
6.034289114137919,0.9136139003184404,-0.3408237807927032,0.08429625703031046,-0.0450291197978363,9,1.287338803300526,2.038426892803902,0.6315354295241672,-0.999819701341982,1.0500404074874052,2.049860108829387,2.049860108829387,1.9998197013419818,True
6.133897901578234,0.5827075116193557,-0.19552656408401242,-0.12897151355286485,-0.09222091627982276,9,0.6174777446154074,1.7017554968823179,0.36284750996641446,-0.9998126027046156,1.0604510036322323,2.060263606336848,2.060263606336848,1.9998126027046155,True
2.672154089120289,1.0995400475902986,-0.04962545123125106,-0.03155516263471014,0.2565034281125078,9,1.3460276811563392,1.867577726552163,0.7207344904682036,-1.006067783879561,1.0992990479867786,2.1053668318663394,2.1053668318663394,2.006067783879561,True
4.788775931822222,1.0222786953497573,0.18303534206735317,0.3096375478139075,-0.44627136568672343,9,2.7236576697370456,1.2720910597539488,2.1410870305651413,-0.9984300238772699,1.3738918394443136,2.3723218633215835,2.3723218633215835,1.9984300238772699,True
5.478098726092149,0.6376254812727774,-0.15480968738607462,0.17293263966489936,0.15207922658280548,9,1.1761284404836618,1.3743734846074478,0.8557560616935147,-0.9991583271965342,1.0572919029959238,2.056450230192458,2.056450230192458,1.9991583271965343,True
3.4003896058237,0.8629085073601964,-0.17559357888340987,0.32185996299547803,0.2748379845650123,9,2.160058371688801,1.2915756577519844,1.6724210918069093,-0.9897454533100453,1.1562475471847546,2.1459930004948,2.1459930004948,1.9897454533100452,True
5.619425649032262,0.1441341176909424,-0.21936126390300623,-0.31365800512297864,0.38412523983592173,9,1.7578739868633089,0.2703835152482386,6.501409619034681,4.203570095053108,5.987958665729776,1.7843885706766685,1.7843885706766685,3.2035700950531076,True
4.089504647037682,1.1529783183495046,0.03218018466920569,-0.04525706815484165,-0.0014075194276915726,9,1.815810542755073,1.5073532078289156,1.2046350737996157,-1.0412982976903544,1.2129743782188476,2.2542726759092018,2.2542726759092018,2.0412982976903544,True
5.89965136503862,0.2227125828454911,0.25819629391931787,-0.3403581268092105,0.13435674030036537,9,1.9792502736592668,0.07149428621752707,27.684034324606582,-1.6790500826137633,57.868404451649596,59.54745453426336,59.54745453426336,2.679050082613763,True
6.470122929114914,1.0371664331492807,0.23951750813191441,-0.2847354987683522,-0.1848498954336475,9,2.138155871266791,0.7776523463336444,2.7495009580404908,-2.1671456111041203,2.6410061663617155,4.808151777465836,4.808151777465836,3.1671456111041203,True
3.2950479236794807,0.24515932527379974,0.019620984535235808,-0.03801883311640769,-0.2406505849245334,9,1.3942936140718878,1.2428429529443523,1.121858245057223,-0.9999986256195135,1.0324651976116213,2.0324638232311347,2.0324638232311347,1.9999986256195135,True
2.437804556242767,1.0301225828956229,0.18712146339187896,-0.055579495191444006,-0.18051728605388717,9,1.5572351041905548,1.668338290745051,0.9334048812696857,-1.0387296305756086,1.2347869650949581,2.273516595670567,2.273516595670567,2.0387296305756086,True
3.216968057238582,1.1373040557391623,-0.010966101700251918,0.0803365396344608,-0.19949650164394128,9,1.6587416805871977,1.9941801055336716,0.8317913091121197,-1.0011832506414424,1.0808399931048673,2.0820232437463098,2.0820232437463098,2.0011832506414424,True
4.799337893747227,1.0587672152063083,-0.1798784381737962,-0.16234796468547377,-0.4594094275085928,9,0.5312589759140436,2.2207319942558117,0.23922696538267937,-1.0004035483317797,1.0911280515695303,2.0915315999013098,2.0915315999013098,2.0004035483317795,True
3.3555850893651145,0.6888978319403916,0.1899266986873831,0.20509238214701875,0.34562675446961266,9,1.7851145989141517,1.079344639190478,1.6538874925556772,-0.9990575394758264,1.333219199512957,2.3322767389887833,2.3322767389887833,1.9990575394758263,True
3.6757492749228717,0.09789167042357758,0.23368313095437443,-0.1815212504379816,0.3781959825648096,9,1.6790447321327626,0.13085250307338336,12.831582833315293,-0.8329016371893184,1.4185241144679455,2.2514257516572638,2.2514257516572638,1.8329016371893183,True
4.006353657021896,0.814032101807003,-0.18598843553520578,-0.31847411395154646,0.49838883777318166,9,1.3086276083553563,1.7465500185665823,0.7492643179090657,-1.0153207191950122,1.2087512525489763,2.2240719717439887,2.2240719717439887,2.015320719195012,True
5.322929200678422,0.37446020334653485,-0.030063032975649717,-0.18276407921788157,0.007048600014469497,9,1.436329825397972,1.1501767447719198,1.248790528870236,-1.0037517107681673,1.145689942477732,2.1494416532458995,2.1494416532458995,2.0037517107681673,True
3.8251618121993634,0.7663213571986917,0.11025405752335554,-0.05516912491249515,0.11206769427574959,9,1.1897824393506455,1.3037037637180335,0.9126171699907534,-1.0341522858428038,1.2167372470969349,2.2508895329397385,2.2508895329397385,2.034152285842804,True
5.0856320620647955,0.9392782761707474,-0.2373871711458329,-0.34686277285856965,0.2864417115258454,9,1.1359252520829184,1.7831256870797907,0.6370416063845803,-1.019257444172726,1.194435883417447,2.213693327590173,2.213693327590173,2.019257444172726,True
7.770961564526871,0.982002235417473,0.18107152332813037,-0.1605992926506682,-0.025894366386995604,9,1.9583462499621616,0.7176162417129189,2.7289603218674006,-1.8243127219435273,2.2476986030625024,4.07201132500603,4.07201132500603,2.824312721943527,True
2.4120767170581594,0.2967304820316335,-0.01608913399544165,-0.2273121329527361,0.34082975897902734,9,2.219338219493626,0.4165100944733844,5.328414002305639,-1.516334877272025,2.0338750727937227,3.5502099500657476,3.5502099500657476,2.5163348772720253,True
2.0633316302315863,0.2276419567650212,0.28734975314786093,-0.27802877958616057,-0.37791508551468445,9,2.8276759588937503,0.09400307762215847,30.080674276000604,-0.9861130708109641,1.2302933540925671,2.216406424903531,2.216406424903531,1.9861130708109642,True
2.1485835182320114,0.9831758550409913,0.29025575098435286,0.2779377757381687,-0.3908649463523741,9,2.0868969593783073,1.696443932959173,1.2301596998481712,-1.001694487031463,1.281786767340457,2.28348125437192,2.28348125437192,2.001694487031463,True
4.540082073131001,1.0267335674860067,0.17131061461193964,0.2986133009166577,0.11571583805587426,9,2.9337138995152205,1.0423267056927725,2.8145819189822596,-1.002776756886625,1.4395416193523565,2.4423183762389815,2.4423183762389815,2.0027767568866253,True
2.9188302401921256,0.33419881833264803,-0.08390292777518438,-0.19354597584983152,0.4084906470090097,9,1.829129197961274,0.8439170548968988,2.1674276960604124,-1.0914195666955606,1.4700405060942443,2.5614600727898047,2.5614600727898047,2.091419566695561,True
6.162899529141412,0.8406798146661683,0.32244888348846645,0.19388991040962578,0.02158432425369472,9,2.5045423405297695,0.6047209869478939,4.141649445921371,-1.1677457462854979,1.7639466175377594,2.9316923638232573,2.9316923638232573,2.167745746285498,True
3.6223878228447655,0.3913943552070753,-0.1442848269212173,-0.19492305904674,-0.17966434781464924,9,1.801647076181502,1.1788277769620115,1.5283378211739926,-0.9999435077029001,1.1361291000634748,2.136072607766375,2.136072607766375,1.9999435077029002,True
4.785497643915945,0.7475322715079704,0.22467671385381638,0.07093515736448502,0.1582632683228392,9,1.7581771394108745,0.8809518016845501,1.99576995704975,-1.0792724672311074,1.4036472795091413,2.4829197467402486,2.4829197467402486,2.0792724672311076,True
4.371459643796969,0.26217613523908184,0.12901519580801818,0.2456327713723514,-0.32771237451296875,9,0.3589698266788599,0.6897347142774672,0.5204462226537334,-0.9706975454126384,1.2547909113166402,2.2254884567292788,2.2254884567292788,1.9706975454126385,True
2.871734984595644,1.1480587598119045,-0.2202770706953965,-0.2766147351602923,0.20811561406407042,9,0.9004847246389831,2.308722845846129,0.3900358703770536,-1.0030621101202895,1.1037414658107283,2.1068035759310177,2.1068035759310177,2.0030621101202897,True
2.196532792548016,0.8707510647232768,-0.253840400976385,-0.33735456686060916,-0.15156756486669087,9,1.7952461968984115,2.990112635803092,0.6003941709092975,-1.0000138929612508,1.1174610188281862,2.117474911789437,2.117474911789437,2.0000138929612508,True
4.212750583349831,0.7389650942063037,0.14390150615474012,-0.1896903956963323,-0.29401333958221576,9,1.1987758563992836,1.3956167686598213,0.8589577621301014,-1.064430389733216,1.2695085671390134,2.3339389568722293,2.3339389568722293,2.064430389733216,True
2.751170333998222,0.9412391662922891,0.08700986351902906,-0.012662267248810866,-0.4781026998876339,9,0.6564888484557185,2.1585691383982724,0.3041314900586665,-1.0020694425160857,1.0824093803119041,2.0844788228279896,2.0844788228279896,2.0020694425160857,True
2.3581148351410515,0.6282239713054519,-0.16904449261683827,0.25084589817406544,0.4577861854228781,9,1.0989831218529686,1.413912763368839,0.7772637395495973,-0.9988698625766416,1.12926884587404,2.1281387084506815,2.1281387084506815,1.9988698625766417,True
6.7381216283222045,0.3440512144865642,0.33706183917992905,0.3040126792610014,-0.008808056976768674,9,1.4338202473158277,0.033313088493811205,43.04074801056642,1.1641018738395608,7.242657967176557,6.078556093336996,6.078556093336996,0.16410187383956076,True
5.358503893080721,1.0834067021702685,0.34824414398423453,0.25267708038509884,-0.31162912106843255,9,3.267913433380239,0.7403379142858628,4.414083583079086,-1.1949422388971889,1.8118735055756598,3.0068157444728487,3.0068157444728487,2.194942238897189,True
3.6826448580647844,1.0140898654431325,-0.02536389922069454,0.052624061299698266,0.1912554625807944,9,1.5878127747956365,1.6123290054328558,0.9847945236024347,-1.0044792156191833,1.0984112640610753,2.1028904796802586,2.1028904796802586,2.0044792156191833,True
2.2243286231193267,0.6094954928623374,0.2591056378953974,0.22075074546710938,-0.3786351125366949,9,0.8996532358783871,1.7441253984819085,0.5158191243940646,-0.9992553401137958,1.184088333378135,2.1833436734919305,2.1833436734919305,1.9992553401137958,True
5.781754259131826,1.185640527800674,-0.18169325965554983,-0.07939238145239114,-0.462195703586358,9,1.3453611942824102,1.9733832447624386,0.6817536319177416,-1.0024097843093553,1.1036080126013703,2.1060177969107254,2.1060177969107254,2.0024097843093553,True
5.089739680070247,0.5802844139255853,-0.27270296026416957,0.1054258299135597,-0.2092667596268143,9,0.7190650383647292,1.8139499056796036,0.3964084322909285,-1.0004110078828408,1.088999322016223,2.0894103298990636,2.0894103298990636,2.0004110078828408,True
2.676843191060299,1.056476538327906,0.26867833346902226,-0.08796143816043694,0.48275228122215497,9,2.6836829779259728,0.9486947407996779,2.828816122311199,-1.4378473657017705,2.0073730654363415,3.445220431138112,3.445220431138112,2.4378473657017707,True
3.0976542287422304,1.1810520971601248,-0.12226726284153625,-0.05240444457274518,0.16201352879001218,9,1.3638591368902953,2.0220838208718437,0.6744819986256813,-1.0033190897335724,1.073170191434715,2.0764892811682873,2.0764892811682873,2.0033190897335724,True
7.457673539184341,0.30145644227477647,-0.06994896203239798,0.24892470933731103,0.022940521256638258,9,1.1028948748162009,0.10293089428290497,10.7149061756415,-0.2286078235944207,1.757848040713597,1.9864558643080177,1.9864558643080177,1.2286078235944207,True
6.914431590822639,0.5712888013449284,-0.254508271640411,0.11774385335093146,0.49723116510375165,9,0.9615735857772618,1.3235816196024515,0.7264936075994152,-0.9996812429765597,1.0328196878156921,2.032500930792252,2.032500930792252,1.9996812429765596,True
6.364179715778861,1.0683264466898617,-0.24300227054764684,-0.33927573031058417,0.16856947737323003,9,1.282828254193455,1.634999968388735,0.7846044519851952,-1.0468114060874822,1.245343850956313,2.2921552570437953,2.2921552570437953,2.0468114060874822,True
6.823540025143377,0.349785410128703,-0.09366518173823585,0.03141260543386726,0.49850185059981456,9,0.08654313339955522,1.1382655798509531,0.0760307040215407,-1.0000004574118726,1.0135750509097594,2.0135755083216322,2.0135755083216322,2.000000457411873,True
2.869005932794642,0.08944374345702734,-0.1978379364018365,0.23222276633658712,0.11144513702523584,9,1.4337376241553768,0.6324541772833822,2.266943085606288,-1.0668820719892527,2.5259806340895747,3.5928627060788276,3.5928627060788276,2.0668820719892524,True
6.704353819443576,0.7932773749893501,0.22141897890522022,0.20806621656568025,-0.2292841942236915,9,2.203703254073205,0.8003275205918863,2.7535017819247867,-1.0179230264332007,1.4484395194106077,2.4663625458438085,2.4663625458438085,2.0179230264332007,True
2.9658928599802517,1.1372026564507294,-0.26921425827149453,-0.039478324766755224,-0.011401702100747979,9,0.7070497325646254,2.6142102615105522,0.2704639879104734,-0.9999678567219125,1.0396636329149955,2.039631489636908,2.039631489636908,1.9999678567219124,True
6.865605556274912,0.5513415232729844,0.039863204613243386,-0.25462781732832385,-0.48990775153448285,9,1.4031846863505355,1.2486587080393463,1.123753574388495,-1.054621891782499,1.2674063100338113,2.3220282018163103,2.3220282018163103,2.054621891782499,True
5.671521322342503,0.19767076402414324,-0.30874322819738154,0.10757397560006077,-0.46405989574393813,9,1.630250583386506,0.8606786267499948,1.8941455413415909,-1.0147076676408016,1.6725496245322449,2.6872572921730464,2.6872572921730464,2.014707667640802,True
6.201803177001037,0.37114100100062886,-0.238394220322651,0.34564354870050895,0.30396626719991304,9,1.4845640040025159,0.22778672691312069,6.517342007239685,2.798489854147499,3.885158585336638,1.086668731189139,1.086668731189139,1.798489854147499,True
6.028200914272022,0.985206200641095,0.2113825893570932,0.00746028067422605,0.20322597160663958,9,2.2926555308775622,0.7569182400770244,3.0289341826988614,-1.3855345724161083,1.7896565386255057,3.175191111041614,3.175191111041614,2.385534572416108,True
6.423768818543861,0.5849030877330431,-0.13859734251459838,0.20168352935857703,-0.045152511493125824,9,1.2981116937840957,1.0415006571480765,1.246385861472899,-0.9945271888629926,1.121499751362234,2.1160269402252267,2.1160269402252267,1.9945271888629925,True
7.141698363654699,0.4559111481371287,-0.32382433921166454,0.1642688119173249,-0.31534817905750023,9,0.9370944727122104,0.9878203291308413,0.9486487016689934,-1.0056909871950224,1.29564227157451,2.3013332587695325,2.3013332587695325,2.005690987195022,True
6.8003167913461855,0.5550830907749016,0.23155406722869942,0.2758139033952376,-0.2655445423619276,9,1.7096104718438945,0.5788149462457499,2.9536391258252648,-1.0013581571866201,1.8852349176318604,2.8865930748184807,2.8865930748184807,2.00135815718662,True
3.0678998690586026,0.3397409199188787,0.17056523778385113,0.08007065592685436,0.1790373186456926,9,0.7284660760745096,1.270063987039468,0.5735664372096491,-1.0006858781188759,1.163792068181967,2.164477946300843,2.164477946300843,2.000685878118876,True
4.143871805785639,0.8165721014243548,-0.3357305069320105,-0.24305023100423906,-0.0821351049790009,9,1.016265644571317,2.507178013360085,0.40534243645880247,-1.0001161653422845,1.108732855902415,2.1088490212446995,2.1088490212446995,2.0001161653422845,True
4.339545653888052,0.5268301766247795,-0.21780824354349587,-0.2859997143213481,0.08536055136394005,9,1.79988957964152,1.4449827738205883,1.245613174254351,-0.9996352432143111,1.1750516110547398,2.174686854269051,2.174686854269051,1.999635243214311,True
4.444040477744708,0.68433083038809,-0.06522030867100831,0.0644762521298839,0.2736660038505364,9,0.7386015776336923,1.5078196699202289,0.48984742165670775,-1.0000376086420246,1.0335110218435992,2.033548630485624,2.033548630485624,2.0000376086420246,True
6.846074774844624,0.29133903866806904,-0.3279407034439256,-0.22086799451070255,-0.37180270619047007,9,1.8304904083531672,0.42282626494419917,4.329178577860434,-0.9998257397491693,1.357939388399422,2.3577651281485914,2.3577651281485914,1.9998257397491694,True
3.944467180942162,0.866863157227798,0.06813144712491742,0.2547330838512598,0.07018807614991918,9,1.9592766500083219,1.4055120732288513,1.3939948914898466,-0.9989152447502634,1.1952495347897452,2.1941647795400083,2.1941647795400083,1.9989152447502634,True
4.087555225487899,0.4433017977973369,0.17432170042048467,0.24166063750576905,0.10616541102348276,9,1.0277773167974718,0.8969019808999676,1.1459193297423442,-0.9957910463081481,1.3389180145260557,2.3347090608342036,2.3347090608342036,1.995791046308148,True
5.0279799014358675,0.6966804934531752,-0.19941457652507252,0.10611311680443292,-0.40164737150820584,9,0.7106133575933999,2.0862474941591116,0.3406179562026612,-1.0000771753005824,1.0493776998124391,2.0494548751130215,2.0494548751130215,2.000077175300582,True
6.715632058367832,0.11663850839225447,-0.025133695047208804,0.1840567067103539,-0.3837340355116029,9,0.6074388171040169,0.32195963812310585,1.8866924458144472,-1.0997668993010241,1.8364481426197583,2.936215041920782,2.936215041920782,2.099766899301024,True
5.585866035552623,0.20428532652832393,0.17484183433703548,-0.2564972911693422,0.20886922042311507,9,1.8523312533974792,0.14240039896274917,13.007907750890745,-1.0549440353043078,1.5114954717570357,2.5664395070613435,2.5664395070613435,2.054944035304308,True
7.7534867869258335,0.40681944194935515,-0.1703820152543894,-0.02927415872399114,-0.2580489839584088,9,0.33300530320046584,1.460677816519183,0.22797998260425592,-0.9999810990369912,1.0225218205523259,2.022502919589317,2.022502919589317,1.999981099036991,True
7.424573200148247,0.1466847452097799,0.005829764374926272,0.1478610612311571,0.3682846841453187,9,0.32473857317508215,0.31779698014249125,1.0218428539801683,-0.958115798387677,1.3877983952304804,2.3459141936181576,2.3459141936181576,1.9581157983876771,True
4.329476594023557,1.1433376601138707,-0.07005183745803051,0.02471231213080144,0.11821084316673591,9,1.8725011700070264,1.6316487467269898,1.1476129122540468,-1.0082977502561505,1.1132156157062927,2.121513365962443,2.121513365962443,2.0082977502561503,True
3.1464101408544582,0.8970733889703532,-0.2168664957472143,-0.08154661368340482,-0.3506072306277782,9,0.4512738819977846,2.750560671227249,0.16406614357516958,-1.0000262998908696,1.0557336053008202,2.0557599051916897,2.0557599051916897,2.0000262998908696,True
3.304514427776005,0.7632800765285142,-0.13540836016724578,0.11478039569130921,0.2867672307575806,9,0.8118318580806441,1.9099336873080788,0.42505761507608447,-1.000011064365462,1.0106623416299831,2.010673405995445,2.010673405995445,2.000011064365462,True
4.774810623510717,0.6953079968411173,-0.2765076069935942,-0.2415701230268572,0.2006256094356853,9,1.1055394939407492,1.9905917326165123,0.555382339746576,-0.9996924011563736,1.1092181893784077,2.1089105905347814,2.1089105905347814,1.9996924011563735,True
5.275275786627964,0.08374805879639469,0.3004195750300588,0.21812958701616436,-0.11829196089684635,9,0.5752645284042339,0.228978005414898,2.5123134746583196,-0.7827006414188772,1.9912911925515773,2.7739918339704546,2.7739918339704546,1.7827006414188773,True
5.738886362077506,0.4652001413678373,0.3173097118312397,-0.25347417378443043,-0.08255491118255232,9,1.6131831038827606,0.6797319436861686,2.373263635565677,-1.6605026541567585,2.1433450249960213,3.8038476791527795,3.8038476791527795,2.6605026541567582,True
4.53514135525615,0.18671605939760294,0.14047217081651103,0.09462092320577925,0.2204258299093339,9,0.5761799340612299,1.062362254909493,0.542357309287421,-1.0001580435118889,1.110215598271278,2.110373641783167,2.110373641783167,2.000158043511889,True
3.235770802755452,0.8841436522679352,-0.23051632419914253,-0.06875912335394979,-0.1378029256361072,9,0.2720495391979454,2.5409026992871335,0.10706806650812352,-0.9999927387341241,1.036536999403917,2.036529738138041,2.036529738138041,1.999992738734124,True
5.60656912239352,0.5234912905450945,-0.32724045274352836,0.19471756817044494,0.11775123234209361,9,1.0617161453198996,1.0322490168604779,1.028546530903022,-1.0042128253618878,1.271991044748967,2.276203870110855,2.276203870110855,2.004212825361888,True
2.356697866186499,0.8731461613744534,0.2676514115083749,0.2755538106069376,-0.006932424394221481,9,2.1663010076003832,1.3202454334779408,1.6408320397622331,-1.000128499540903,1.3537317634914912,2.353860263032394,2.353860263032394,2.000128499540903,True
7.844396104908742,0.922272946516156,-0.08286051362997682,-0.09304205135136678,0.35194796087916724,9,1.4281076066896417,1.0595850788047259,1.3477989028503787,-1.0883389410095416,1.2843982184894023,2.3727371594989437,2.3727371594989437,2.0883389410095416,True
2.1602593739028513,0.16588702513696607,0.27253985685499893,0.15031007456737178,0.4636135140892591,9,1.4135907143039135,0.3271695884803103,4.320666602510294,-6.605304652949586,7.35994013233995,13.965244785289535,13.965244785289535,7.605304652949586,True
4.51046187894093,0.3004655120673675,0.09006721180581972,-0.037707130706614245,0.44910690836776856,9,0.8322584551710042,1.0748823392241416,0.7742786580452469,-1.0064409930376907,1.1894145995826277,2.1958555926203185,2.1958555926203185,2.0064409930376907,True
3.40542061297785,0.864251888940683,-0.1933176074438361,0.20259095667137883,0.15817678370297783,9,1.4753408656397373,1.9816666901229951,0.7444949612329448,-0.9997574264372936,1.041983926255548,2.0417413526928416,2.0417413526928416,1.9997574264372937,True
3.9814940436050232,0.6005528574678424,-0.08822491943310179,0.228999706406687,0.46242966426875387,9,1.2691624430184156,1.1330489868529536,1.1201302483342026,-0.9944033040915099,1.1258116378929024,2.120214941984412,2.120214941984412,1.99440330409151,True
6.614350665857405,0.33654969969428183,-0.14473813006978659,0.2728350672552118,0.18365393641788164,9,1.2516513403835297,0.09454745839359813,13.238339365749464,-0.22470219352418785,2.2230957035911576,2.4477978971153456,2.4477978971153456,1.224702193524188,True
7.703318095077151,0.3258702554328508,0.2560443309856847,0.06161688214779315,0.39729943931726874,9,1.0129462012411965,0.5285800029267368,1.9163536184353056,-1.022415044560054,1.3401977403888525,2.3626127849489063,2.3626127849489063,2.022415044560054,True
7.73886154577367,0.4904667092380874,0.29283460925761795,0.06500679577353735,-0.4202259122464269,9,1.1797099448948183,0.6329182161673131,1.8639216169802255,-1.0803023733500143,1.4236366539152663,2.5039390272652806,2.5039390272652806,2.0803023733500146,True
5.146618092166218,0.8191767913362168,-0.038022011435203174,-0.3486270397266199,0.07015910582456164,9,1.436770638400056,1.4290093639268837,1.005431227162742,-1.0892324213945077,1.3390941895620418,2.4283266109565496,2.4283266109565496,2.0892324213945077,True
3.1995837442548245,0.843514483507098,0.17940661640778865,0.1525792778845898,0.09164017213573505,9,1.7751739684838002,1.2757872778243897,1.3914341358780584,-1.0081889728742348,1.2383127090415869,2.246501681915822,2.246501681915822,2.008188972874235,True
7.117538726490491,0.354512464287996,0.16193569818039377,0.26207055647440014,0.16032717783238792,9,1.2821693467973643,0.13588051035461973,9.436006263526464,-0.3394774388828907,1.980159016878123,2.319636455761014,2.319636455761014,1.3394774388828907,True
5.112797562101876,1.0415360791127164,-0.2595329456357345,0.2000386308693145,0.4108939944477331,9,2.2094571795604416,1.76123295072172,1.2544945736196043,-1.0002957447330894,1.0721940720251273,2.0724898167582166,2.0724898167582166,2.0002957447330894,True
2.5200660017729595,0.05367990183528313,0.11995933206630788,0.3376416959012878,-0.46443821079692016,9,0.9622217749571904,0.6115589400521398,1.5733917239034294,-1.010965358002001,1.5014667137291646,2.5124320717311655,2.5124320717311655,2.010965358002001,True
5.1906031829007055,1.0974442511808444,0.3473491079487149,0.07655017270827003,-0.13210548957488766,9,2.8646081079766805,0.6979939510922266,4.104058643336548,-1.626212608318409,2.1548684791098363,3.7810810874282454,3.7810810874282454,2.6262126083184087,True
2.7335797067913914,1.092639280556151,-0.13887493418135663,0.1313041186139266,-0.10459348685658043,9,1.3293405244177885,2.4146254684512427,0.5505369432181284,-1.0000034998173244,1.0335936028897872,2.0335971027071116,2.0335971027071116,2.0000034998173244,True
3.035752955431858,0.16247276953818476,0.30661995483138915,0.07386061840274649,0.30368747032083376,9,1.3066187521879171,0.8938768976290565,1.4617435081425958,-1.0464952728917534,1.5165482495186355,2.563043522410389,2.563043522410389,2.0464952728917534,True
4.850932930150133,0.19180641490166173,-0.11725873270344112,-0.10202371401995045,-0.2739661485796505,9,1.6267207239326373,0.5386962052902677,3.0197367420772996,-1.0000010433852535,1.1899333824678013,2.189934425853055,2.189934425853055,2.0000010433852538,True
2.5982318873168238,0.7634235593210299,-0.019823569126985963,0.12218527987858108,-0.34884879912007827,9,0.35587189654904483,2.380467280075897,0.14949665535318699,-1.0000000599994603,1.02176254691656,2.0217626069160204,2.0217626069160204,2.0000000599994605,True
3.7959241472421708,0.5909591929010056,0.3323944559803208,-0.33164103203484296,-0.0705282158392957,9,2.043245368707715,0.8954215274665444,2.2818809979795316,-1.597257176363618,2.1108764203873855,3.7081335967510034,3.7081335967510034,2.597257176363618,True
2.2927465022466373,0.29231869745821926,0.015877487579508576,0.22500029272157196,0.499681173655671,9,0.7004828781860155,0.8466164308519852,0.8273910742330981,-1.1898705032336923,1.6196625102749143,2.8095330135086067,2.8095330135086067,2.189870503233692,True
2.3519901201727578,0.3414373598597324,0.06619432995295099,-0.22151986872415352,0.3659923190354324,9,2.0915261240106338,0.5157886793669,4.055005872904884,-2.016466209184568,2.5760626505009103,4.592528859685478,4.592528859685478,3.016466209184568,True
5.8635726322319615,0.8367783076320052,0.34837902941883037,0.18570227219695035,-0.2464647985290921,9,2.408951041049817,0.6606100072455511,3.6465554784646206,-1.1658084907472905,1.73353445248208,2.8993429432293705,2.8993429432293705,2.1658084907472905,True
7.225090232146089,0.7321160035668574,-0.05887839080864482,0.1335366707252354,-0.1258658594794786,9,1.3502600529486286,1.2466979699276497,1.0830691037597413,-0.9995887117608897,1.0908541676160606,2.0904428793769503,2.0904428793769503,1.9995887117608897,True
5.8296586585102315,0.3507053919250581,0.18181428104187058,0.06321504316229504,0.40112195316829424,9,0.8926355901450644,0.7719267698365873,1.1563734087548623,-1.003440200391718,1.2151117568815106,2.2185519572732284,2.2185519572732284,2.0034402003917178,True
5.069205378345826,0.8371561485192146,-0.30300924963686476,0.28251977007646445,0.3728578104381145,9,2.219146581518124,1.1294780125587343,1.9647541225621918,-0.9870072966395984,1.1951006588842226,2.182107955523821,2.182107955523821,1.9870072966395984,True
6.409704187745307,0.38504068138582237,0.02203786879814057,0.17269057805820187,-0.03963956108286615,9,0.7094572461457332,0.8307054793975561,0.8540418520656028,-0.9937019222921428,1.133975664926889,2.127677587219032,2.127677587219032,1.9937019222921428,True
2.716879007658199,0.24326422633999956,-0.05769373681817225,-0.2892083063010227,0.11852153295063284,9,2.4584298543204217,0.11209602874194916,21.93146253182487,-0.763944550518064,1.4533171377451328,2.217261688263197,2.217261688263197,1.763944550518064,True
2.8822850329296017,0.9680625268758869,0.035505858328137185,-0.2726948927967842,-0.064510576352372,9,1.2967798867607392,1.8461701861693174,0.7024162216872718,-1.0326739960619682,1.2083623568482815,2.2410363529102497,2.2410363529102497,2.032673996061968,True
3.9717160646184606,0.9068317986808747,0.1614856867820127,0.17394287258356167,-0.09471158029319238,9,1.9672173887935842,1.275106624999725,1.5427865797450535,-1.00670502395398,1.2285956993159393,2.235300723269919,2.235300723269919,2.0067050239539803,True
7.598905518030756,0.8263560015841264,-0.07504251911111343,-0.010684593259253083,-0.42284723185118156,9,1.0933661668181633,1.3536480581564567,0.8077181954571167,-1.006219312034549,1.099197616129745,2.105416928164294,2.105416928164294,2.006219312034549,True
4.037960782606713,0.27617359548565457,0.18761251459770123,0.24876871659892752,0.2058604162850176,9,0.834386708906753,0.5281683769496266,1.5797740745586737,-0.9371649539449639,1.4743221761051166,2.4114871300500806,2.4114871300500806,1.937164953944964,True
2.8177809647478265,0.17587152229563374,0.3309918865676277,-0.203611861222704,-0.38032867589835506,9,2.459422103567831,0.013528569591438055,181.79468915356338,-1.0128939788442197,1.28980278402499,2.3026967628692097,2.3026967628692097,2.01289397884422,True
4.308966219163866,0.24624229839903056,0.2552676525627814,-0.07492204182132561,-0.3293402351605442,9,1.3958671577724902,1.0279215394662296,1.357951073286512,-1.017163221371002,1.1865744752589797,2.2037376966299815,2.2037376966299815,2.017163221371002,True
7.3388472856651195,0.7639606988699372,-0.27387204427116707,0.16272892611583345,-0.04072797274253004,9,1.5605543781193314,1.4952884173604182,1.043647740463425,-0.9991934051977797,1.079626130501718,2.078819535699498,2.078819535699498,1.9991934051977798,True
3.1305546164327263,1.0456695637159732,0.28022724549476474,-0.19327375520461362,-0.039780579993276444,9,2.200203848989801,1.1267890696677232,1.9526315157091603,-1.3799373844348772,1.7877606339694943,3.1676980184043715,3.1676980184043715,2.3799373844348772,True
3.429450606142524,0.24788068432595484,-0.10031450420389026,0.09980570452432092,-0.10865798741109967,9,1.0526838196407158,1.5554726032713135,0.6767614019217163,-1.0000169374739,1.098092697729337,2.098109635203237,2.098109635203237,2.0000169374739,True
2.737507466109804,0.6823277240338657,0.07131924222225966,0.11845353378359236,0.38441907981079626,9,1.1873811970497714,1.4526382544755614,0.8173963430960626,-1.0009839304737604,1.1598523085663164,2.160836239040077,2.160836239040077,2.0009839304737604,True
7.688621601424509,0.742333866299831,-0.069491869948477,0.29205892733135586,0.34219159202579097,9,2.359508368130068,0.6098270970692563,3.8691432038188123,-0.9311079496783592,1.4711851829713767,2.402293132649736,2.402293132649736,1.9311079496783592,True
2.4026492624569276,1.1864055999765735,-0.30192297251131417,0.27110025735599563,0.231215533465847,9,2.359447057189994,2.3861753427163,0.9887986917608997,-0.9997295646895585,1.08347094910505,2.0832005137946084,2.0832005137946084,1.9997295646895585,True
3.8045596311614545,0.45821508571226716,0.25218259926792086,-0.22336142688987223,0.08391321144997343,9,1.682475015313576,0.9961633001905998,1.6889550287504682,-1.1795730195271859,1.5734326118619903,2.7530056313891764,2.7530056313891764,2.1795730195271856,True
6.800199345463689,0.5950568439439154,0.23345158308384695,-0.07655401199705486,0.11128797156517756,9,1.3570553275472828,0.6770328050201146,2.004415912323428,-1.3015665058692216,1.6609225213882006,2.9624890272574222,2.9624890272574222,2.3015665058692214,True
4.384656452176677,0.4320749917366063,-0.21564656994598702,-0.053074482257753464,-0.37275718204017627,9,1.2257398062526828,2.002890124985518,0.6119855457680413,-0.99999881550215,1.0926153229711704,2.09261413847332,2.09261413847332,1.99999881550215,True
6.458888920705687,0.4120510772798163,0.19342212399369463,-0.05847062966411393,0.05179497893961704,9,0.8848998165053001,0.7906997561421829,1.1191350568042648,-1.069991528043972,1.2989793773137412,2.3689709053577133,2.3689709053577133,2.069991528043972,True
6.70004417824772,0.2583085050713182,-0.3103248665820855,-0.2168225072914012,0.322834255875439,9,1.6604871094342826,0.24891598667950188,6.67087370154447,-1.0009129816925,1.4378561929218345,2.4387691746143343,2.4387691746143343,2.0009129816925,True
3.9397175006297136,1.0660828359793717,0.34814850911634243,0.10576760607607838,0.18215647572422744,9,2.9647242792323754,0.7327529002952968,4.046008249216894,-1.4638580297912396,2.024669152117991,3.4885271819092303,3.4885271819092303,2.46385802979124,True
5.554840398247107,0.6169858260381801,0.03621681146051664,-0.07468661340556493,-0.08175513247043331,9,0.6788472572256559,1.2704894303192311,0.5343194843069922,-1.0147040753577008,1.123579010853016,2.1382830862107167,2.1382830862107167,2.0147040753577006,True
7.413329955589112,0.696887209036268,-0.27222466412339524,0.3448645839294402,0.3003821364483844,9,2.5333751513354166,0.25417368480965535,9.967102429319546,-0.4461807461377987,1.472344745876625,1.9185254920144237,1.9185254920144237,1.4461807461377987,True
5.471117004546008,0.1372955255998124,-0.2589523494657342,-0.21008663575342124,-0.29815039320378267,9,2.024151265043357,0.11668549387868386,17.347068583759317,0.37336754240173076,3.2175601222090813,2.8441925798073506,2.8441925798073506,0.6266324575982692,True
6.2376341066839105,1.1900885083388124,-0.3015646804996769,0.15354196276529597,0.21421018920585788,9,2.3437154779074323,1.763822510350171,1.328770590098737,-1.0000798650347325,1.085663234823377,2.0857430998581092,2.0857430998581092,2.0000798650347322,True
3.5500342646514667,0.4622067010708273,-0.2327140379225041,-0.25508434278036096,-0.45776038362232674,9,2.145229600726236,1.242734149742798,1.726217631639255,-1.0002428524244762,1.201707068256704,2.20194992068118,2.20194992068118,2.000242852424476,True
3.1494455422848855,0.2198566577128543,-0.043917874322813966,0.06679018397752234,-0.06195659711383239,9,1.1228893363613333,1.71988105014226,0.6528877891110281,-1.0000003486526865,1.0552478694818515,2.0552482181345377,2.0552482181345377,2.0000003486526863,True
2.237213390332519,0.6272533897039567,-0.13349911222904104,-0.20696232733344253,0.43454705680287176,9,1.379399501815502,0.8908042366268308,1.5484878103395796,-1.0596522100390018,1.3274556540932918,2.3871078641322936,2.3871078641322936,2.059652210039002,True
5.61771435033565,0.9208554035926108,-0.03313525876861556,0.1380084968123807,0.24179133914825768,9,1.9136112570795536,1.2629804441354207,1.5151550967913248,-1.001101042536094,1.1301205476195058,2.1312215901556,2.1312215901556,2.001101042536094,True
6.131282699501785,0.9434068325017213,0.12447566952861039,0.17315555172120423,0.024900955917370182,9,2.3872832896611946,0.962403863007582,2.480542089888086,-1.0248312621215743,1.3181613861942483,2.3429926483158225,2.3429926483158225,2.024831262121574,True
7.627853533444218,1.0868873150825895,0.23029330866354403,0.21860023416057706,0.35285523993973944,9,3.340779576094723,0.575683071634777,5.8031575717657535,-1.3043813149277357,1.9068090203277344,3.21119033525547,3.21119033525547,2.3043813149277357,True
7.451714616167301,0.18526898210039106,0.03616550973779131,0.2257577515786502,0.19237065585739377,9,0.7410759284015641,0.02101673732824233,35.26122617546849,0.6785747605472348,1.8570432785692839,1.178468518022049,1.178468518022049,0.32142523945276524,True
4.43812810074621,0.5036132659473923,0.26668215396672257,-0.2168202846916832,-0.4880204145474697,9,1.6362632581694414,1.1683505337836382,1.4004900163570722,-1.124091004149718,1.402719499632758,2.5268105037824764,2.5268105037824764,2.124091004149718,True
6.684074063164076,0.13273386789303848,-0.03259944309992313,-0.03283241113232449,0.07796547695599165,9,0.9236669538470994,0.599408740564284,1.5409634383668789,-1.000024136671644,1.0937739498655545,2.0937980865371983,2.0937980865371983,2.000024136671644,True
3.041514769165694,0.9266958130091387,-0.33788691236453944,-0.01541308283579701,-0.019806470980605062,9,0.5304810416920129,2.742132363453335,0.19345566565719885,-1.0000554628726506,1.059658991700342,2.0597144545729926,2.0597144545729926,2.0000554628726506,True
7.953603303715405,0.8572457555945167,0.3422455174400907,-0.004831836052533012,0.29629907591303417,9,2.338382604789242,0.4203633646796793,5.562764982079518,-2.526717231114542,3.118835889362255,5.645553120476797,5.645553120476797,3.526717231114542,True
7.5816714794147515,0.30212831513113264,-0.3365874320098025,-0.10736494329360152,-0.40195694271239557,9,1.350397006307858,1.1685802310251865,1.1555877555135132,-1.0003383310003884,1.2151239713877122,2.215462302388101,2.215462302388101,2.000338331000388,True
3.7763597439877756,0.18399569912128805,0.305647089035908,-0.16493610961174004,0.13660465616962314,9,1.9472295681077403,0.1143575370572879,17.02755776501436,-1.1039468213299022,1.5479199070917027,2.651866728421605,2.651866728421605,2.1039468213299024,True
4.8282700328594945,1.0007572869156132,-0.32196066287312347,0.05506795293636074,0.018998513058828936,9,1.1669031012571436,2.21512148776949,0.5267896626438098,-0.9999623726262782,1.0406545379746304,2.0406169106009084,2.0406169106009084,1.9999623726262783,True
5.094605235021344,0.9236777260814396,0.0549142592413529,0.030692288069028573,-0.19445850720580238,9,1.4956761969907149,1.36743384546069,1.0937832217300574,-1.0164566940838948,1.1554876741986926,2.1719443682825874,2.1719443682825874,2.016456694083895,True
7.565701412459594,0.8110548444064571,0.17239439628352715,-0.17609335294226244,0.1631000399505408,9,1.6342596031952334,0.7037931096367395,2.3220738890705412,-1.6596082439170587,2.0663977678262127,3.726006011743271,3.726006011743271,2.6596082439170585,True
5.061195584073966,0.6782589962600268,-0.19709784725386706,0.15571531785407777,0.45658959740166927,9,1.1924841501050711,1.5205518349350369,0.7842443267683921,-0.9997035933330988,1.0367360765164648,2.0364396698495635,2.0364396698495635,1.9997035933330989,True
5.061120901634249,0.6907377782382852,0.25354643060359905,0.24079215147683397,0.15635273877361022,9,2.022968711147135,0.7930639861281596,2.550826599784878,-0.9998681871343363,1.542861911255888,2.542730098390224,2.542730098390224,1.9998681871343362,True
4.676703188369757,1.0170137850117582,0.3251389405606001,-0.16122555540470976,0.06410175234474524,9,2.42695228149876,0.7318419138223842,3.3162247688477895,-2.067166255186353,2.596535715812151,4.663701970998504,4.663701970998504,3.067166255186353,True
2.7914160789994553,0.06496756264464065,0.0925528420367352,-0.23151805996996888,0.3574676301582673,9,1.748656109439061,0.07556777627830918,23.140235104959565,1.3521002582028412,4.433221564308372,3.0811213061055307,3.0811213061055307,0.3521002582028412,True
5.0491677801107615,1.0203238058678894,0.017173290589173995,0.3104773970480029,-0.19532959483219636,9,2.5847261891188698,1.4661837176977113,1.7628938024066727,-0.9983637473996264,1.2617087426237665,2.260072490023393,2.260072490023393,1.9983637473996265,True
2.3752572219748576,0.7583742733893103,0.08435198393682714,-0.31258508046767164,0.4862824546081487,9,1.6262929479358088,0.7949300730908814,2.0458314548503447,-1.4567456546858506,2.0478872186446786,3.504632873330529,3.504632873330529,2.4567456546858506,True
5.551301100448036,1.1098914901519799,0.043338844441852764,0.17097543150904315,-0.025963058171354247,9,2.6136586564838415,1.2289421084992278,2.126754904407675,-1.0119292974533807,1.227423088711351,2.2393523861647315,2.2393523861647315,2.0119292974533804,True
2.3690881078628943,0.9704333300954645,-0.33059071508116894,-0.244292802111317,0.46149385802848375,9,0.8005866542004414,1.7785465436444343,0.4501353406023059,-0.9998514444400429,1.0796351741452932,2.079486618585336,2.079486618585336,1.999851444440043,True
5.914216470016731,0.10570412277042342,-0.21734320411906327,0.2841598195767788,-0.3468118364253924,9,1.3697924962696013,0.1241004722539395,11.037770214658615,5.936983953612518,21.301865892353185,15.364881938740666,15.364881938740666,4.936983953612518,True
3.9948290724215716,0.11328659543235318,0.28093884507936695,0.2541517908354197,0.03992957611420678,9,0.69810602286798,0.2954939988067825,2.362504909361822,-0.8071172066468192,1.8481035304531015,2.6552207370999206,2.6552207370999206,1.807117206646819,True
5.051286807651598,0.980304131146206,0.2419242353084966,-0.2644576852710155,0.0492925997796696,9,2.0885528291747155,0.8543919201721831,2.444490379489796,-1.8186439486294859,2.2821234479688046,4.1007673965982905,4.1007673965982905,2.818643948629486,True
3.5434582424879695,0.8954725506445477,-0.17772207459423173,-0.037377092173906834,-0.24127675383160108,9,0.273378025722391,2.394241615390214,0.11418146939102293,-0.9999620880914795,1.0323580827478602,2.0323201708393395,2.0323201708393395,1.9999620880914795,True
5.484928120433806,0.6314039673971757,-0.32990449437613273,0.21903590620401425,-0.13556261724360574,9,1.3332228696250574,1.1923929999636456,1.1181069241984023,-1.00449613697653,1.266993596284469,2.271489733260999,2.271489733260999,2.00449613697653,True
5.345859382831682,0.8038341396879111,-0.04858542168285329,0.2588979901706514,0.3327327764874153,9,2.043168372658125,1.172168186093519,1.7430675878240522,-0.9963377840932184,1.212533610072261,2.208871394165479,2.208871394165479,1.9963377840932184,True
7.553173559349425,0.7920500074841521,0.3164062171283327,-0.058623265504448685,-0.05065856689860038,9,1.9510926006367253,0.5302563713850771,3.6795269343776047,-1.98793896614597,2.4886555833472563,4.476594549493226,4.476594549493226,2.98793896614597,True
4.6730169531547,0.2700940982433341,0.09484648643577925,-0.30380520226908597,-0.48903927225354615,9,2.413784267419,0.08229403126070287,29.331219171561386,-0.9706159357512698,1.2905789864654176,2.2611949222166876,2.2611949222166876,1.9706159357512698,True
7.876301234530089,0.46607264350835315,-0.15508611613293227,0.018530726606214354,0.4309995131154155,9,0.29154517218225817,1.1622649381614438,0.2508422672058281,-1.0000094780180262,1.0078038421640874,2.0078133201821133,2.0078133201821133,2.0000094780180264,True
4.230944607582647,0.8484519117845531,-0.059642511686960165,0.14439115931918411,0.14440424152777798,9,1.3679981880897658,1.610531025221446,0.8494081558606844,-0.9998058483240071,1.0564336018189966,2.0562394501430035,2.0562394501430035,1.999805848324007,True
6.7396720764705425,0.5602312936880093,0.2270948753653833,-0.3330508076960219,-0.05255018777838605,9,1.7593408576995777,0.7348050346754105,2.3942961393517685,-1.7365910063974772,2.2050409257580146,3.9416319321554916,3.9416319321554916,2.736591006397477,True
5.8757677636307575,0.4698423107772166,0.3024133582098577,-0.22637205929269807,-0.08022177671866293,9,1.4730331702702135,0.6921836684319717,2.128095818277724,-1.5492485978506156,2.000520664650352,3.5497692625009676,3.5497692625009676,2.5492485978506156,True
5.676736599041787,0.581429991964162,-0.30652466755533253,0.20795680617499113,-0.11841252226306231,9,1.1999664044759064,1.1257535633807418,1.06592281251351,-1.0039576398434218,1.2492721316739932,2.253229771517415,2.253229771517415,2.0039576398434216,True
4.295832778726287,0.661253287745383,-0.11986296952779898,-0.026855751479793855,0.21925928131413597,9,0.25616216073432296,1.697090013770322,0.15094199992681767,-1.000199079666296,1.0240543337534236,2.0242534134197196,2.0242534134197196,2.000199079666296,True
6.096968516234698,0.6298930961783654,-0.06730587635660995,0.3253668443631522,0.464391814827507,9,2.175222239734162,0.3443501449792997,6.3168907330209585,-0.6431023534728363,1.4441754785776524,2.087277832050489,2.087277832050489,1.6431023534728362,True
2.7855849336183782,1.0425576530018557,0.32575559536552934,-0.26222139591688276,-0.05933922930964386,9,2.3476863204740392,1.1027286646423233,2.1289791367085984,-1.5383811014554016,2.004778441665134,3.543159543120536,3.543159543120536,2.5383811014554016,True
4.217882539298495,0.6978523181247621,-0.23210538917973306,0.2576947741119141,-0.43399097834979017,9,1.3182567854367027,1.4803607521505173,0.8904969842801314,-1.0030226647735563,1.2259567685878687,2.228979433361425,2.228979433361425,2.0030226647735563,True
5.7013081110805945,0.26084320643365133,0.28176802252654387,0.06694113563633236,0.2988705003330483,9,0.9898024133948209,0.641325762679166,1.543369175222088,-1.004339137868685,1.3323987974613987,2.336737935330084,2.336737935330084,2.0043391378686852,True
3.750275830933185,1.1677635312963266,-0.2434457144648816,0.11605838419248887,0.49263196787167685,9,1.9104599434366571,1.9410058030297892,0.9842628705460582,-0.9999174494979896,1.0362103508640272,2.0361278003620167,2.0361278003620167,1.9999174494979894,True
6.961005991806562,0.5857863315572938,0.06852185784027726,-0.225035325240805,-0.23278831428944835,9,1.1171582588813607,1.0655869073017488,1.0483971332851671,-1.1079622775225593,1.3479854522592654,2.4559477297818244,2.4559477297818244,2.1079622775225593,True
7.435105245979421,0.5676372290574752,-0.12339038900465668,-0.2945637883807879,0.4116783234507009,9,1.3959324401813835,1.155912184437686,1.2076457528306612,-1.0634684668735164,1.3229298505838472,2.3863983174573633,2.3863983174573633,2.063468466873516,True
4.630297285335862,1.1091798908765476,-0.23879928504667536,0.09521675266497548,0.4489489761074483,9,1.8327814068150519,1.7804085238095173,1.0294162167306822,-0.9999048993829182,1.0440478080791742,2.0439527074620925,2.0439527074620925,1.9999048993829183,True
4.239427898804886,0.3405359273209183,-0.08816282372272666,0.01877853652830802,0.1353263192148837,9,0.6058274649169049,1.6837708564645832,0.3598039855547577,-1.000000599916827,1.024314977948514,2.024315577865341,2.024315577865341,2.0000005999168273,True
3.8581381294262487,0.3405097066149994,0.07616882566495581,0.11055018733196292,-0.4997779289749631,9,0.4794217706795323,1.7550471028291752,0.2731674665065648,-0.9999993695443216,1.0151990417381869,2.0151984112825083,2.0151984112825083,1.9999993695443217,True
2.732554410283285,0.9971868609839077,-0.02559989052101208,0.18073013877284239,-0.4433545851290258,9,1.1757399359485063,2.454454472627658,0.47902291489228477,-1.0000025451763956,1.0623057408032361,2.062308285979632,2.062308285979632,2.000002545176396,True
4.067561392735965,0.8544561746226019,-0.1808295655037786,0.26743674760110203,-0.4320077690480907,9,1.6779629942061458,1.7398617042842615,0.9644232010362115,-0.9996950673516722,1.148314607205818,2.14800967455749,2.14800967455749,1.9996950673516722,True
4.894468441492194,0.8613074791354841,0.09399699165241743,-0.3319594956944673,-0.33071167767663956,9,1.5734474720689955,1.3946701967420732,1.1281860584276793,-1.139634153623298,1.4086532295579723,2.54828738318127,2.54828738318127,2.139634153623298,True
6.56249677961385,0.5217224342140949,0.19361216159077732,-0.0360224629354815,0.1542626761135394,9,1.1163197946849432,0.7524494791628753,1.4835810583946254,-1.1097097079217342,1.3800448523580262,2.4897545602797604,2.4897545602797604,2.109709707921734,True
3.9866699222102966,0.47114224808175464,-0.11238848630807222,-0.1463418007682773,-0.25059670282336466,9,1.3199020570247615,1.948802683880864,0.6772887106232305,-0.9999205465762966,1.0688342762843306,2.068754822860627,2.068754822860627,1.9999205465762966,True
4.066982866578969,0.42252820070452063,0.01959392867013804,-0.1986818205821182,0.013026696656052827,9,1.603333835397609,1.3430782807344146,1.1937754175585975,-1.0063760625928029,1.1561518874587802,2.162527950051583,2.162527950051583,2.006376062592803,True
7.5326007426847275,0.6948794401054516,-0.19525136731852832,-0.3135950270313903,-0.11135749181537047,9,1.3110789850385416,1.4813199650104583,0.8850748089588364,-1.022111474877666,1.2217842818209,2.2438957566985662,2.2438957566985662,2.022111474877666,True
4.518654307466574,0.7420388175890381,-0.14350836881126874,0.12747877309625588,0.2919336459117964,9,1.0482570002590756,1.6666627694682805,0.6289556708544607,-1.0000378651486814,1.0212182262515104,2.0212560914001916,2.0212560914001916,2.0000378651486814,True
6.353216877491848,0.4825827311319607,-0.04783984218621423,-0.25282637855290974,-0.06215176537593059,9,1.5019020446907831,1.3199079931933153,1.137883892237944,-1.0214551253675912,1.218290851351477,2.2397459767190684,2.2397459767190684,2.0214551253675914,True
7.839996035303058,0.6886127441721727,-0.2587411508406688,-0.32266373418906874,-0.3526012838335112,9,1.3901192504140782,1.6842754479847808,0.8253514899105977,-1.0043176045272162,1.193197438131951,2.197515042659167,2.197515042659167,2.004317604527216,True
3.1441297106905677,0.23202789104724736,0.09884608927912053,0.15462012263544622,0.11775747529959535,9,0.49460727950577565,1.1992762453535697,0.41242147622123204,-0.9996061438799312,1.1039700463931523,2.1035761902730834,2.1035761902730834,1.999606143879931,True
4.697265489597817,1.0339605388048487,0.10727860401880807,-0.07615150219195693,0.023514207439199408,9,1.7609371230405102,1.2015613204746296,1.4655407868363481,-1.1196272093590927,1.3680484884255981,2.4876756977846908,2.4876756977846908,2.1196272093590927,True
6.575374745207734,1.0947184936358298,0.3398724169423176,0.09285760661542486,0.2732906969680182,9,3.1104983847838215,0.49693672276668527,6.259344987559349,-2.1813384900651376,2.8046926936494865,4.9860311837146245,4.9860311837146245,3.1813384900651376,True
5.539103396252868,0.1449290237309053,-0.28045105994498043,0.21613808933459422,0.10572932689023173,9,1.2651197553036615,0.2273342561614543,5.565020321465169,-1.585546907508328,6.6214385945379295,8.206985502046258,8.206985502046258,2.585546907508328,True
4.713802992939224,0.7425711571334256,0.1157932724972156,-0.1403282302801488,0.0023898196527989413,9,1.1828373608623854,1.1903290403730953,0.9937062112604077,-1.0827272122843148,1.3052670931237877,2.3879943054081023,2.3879943054081023,2.082727212284315,True
5.671933969855299,0.9104115222016853,-0.12435903344875907,-0.26854592509764735,0.09201419055174587,9,1.1329847814125276,1.52292793476495,0.743951670692411,-1.0418103953710969,1.2197404994136074,2.2615508947847043,2.2615508947847043,2.0418103953710967,True
3.3066454545670254,0.366019964775498,0.16763702335580755,-0.29106443849507296,0.24157458387231712,9,2.2843810470769976,0.44973315768254984,5.079414332819682,-1.0991988374286858,1.5479746398779552,2.647173477306641,2.647173477306641,2.099198837428686,True
7.615462606193349,0.3462898497581133,-0.1181898825014212,-0.008996811645074654,0.2709177817815963,9,0.21399160094472558,1.1721563652559186,0.18256233322420637,-1.000002022075579,1.0131708796638559,2.013172901739435,2.013172901739435,2.000002022075579,True
4.459729775999245,0.23334980147808604,-0.005453514786810998,-0.34567054943798436,0.4420022682331346,9,2.1005661261328776,0.11740770229539081,17.89121228901983,2.94668491580668,9.574807886067303,6.628122970260623,6.628122970260623,1.9466849158066801,True
7.638121000894488,0.8669301388323701,-0.04131663549568848,-0.28786826375411484,-0.10210491485251338,9,1.382658988761301,1.1505176137680055,1.201771248188909,-1.177462572000203,1.4479608656630278,2.6254234376632306,2.6254234376632306,2.177462572000203,True
5.430110755948127,0.6506015684507537,-0.09650256690949194,0.03491669242008766,-0.025054788997466382,9,0.49259854583735385,1.5639562367751705,0.31496952040875315,-1.0000422680198677,1.016760474821123,2.0168027428409907,2.0168027428409907,2.0000422680198677,True
7.994341008823101,0.7998182879241267,0.2864400404518306,0.08845897463184066,0.36688504692459656,9,2.252502343263798,0.4786584173065319,4.705865940766064,-1.5249344320150706,2.0567826557865994,3.58171708780167,3.58171708780167,2.524934432015071,True
4.670746279665976,0.3821147106206114,0.043014685644957196,0.3121269702017043,-0.26737912684629994,9,1.0801390838563767,0.4483197586260691,2.409305106619872,-0.838201172769019,1.3947099829061658,2.232911155675185,2.232911155675185,1.8382011727690188,True
6.006744267222986,1.0208151626064668,-0.30299832075864697,0.3454623075825909,-0.0017052519541042033,9,2.9896296329642067,1.0936310174616604,2.733673044408705,-0.9685603455961463,1.2798538836281759,2.248414229224322,2.248414229224322,1.9685603455961465,True
5.264600912624689,0.5499602741988073,0.18843126435627544,-0.013922692355949506,-0.47462681096200465,9,0.7919817979736485,1.180539269134494,0.6708644249964558,-1.0204896672587538,1.1721302993965559,2.1926199666553097,2.1926199666553097,2.0204896672587536,True
2.0080413460849083,0.1330300594393577,-0.188210882077743,-0.16516634607032343,0.4979710494751789,9,1.2719768431593101,0.8821735855833597,1.4418668433811506,-0.008778797971576284,1.9993440115493664,2.0081228095209425,2.0081228095209425,1.0087787979715763,True
4.9121422176240745,0.9939916952379264,-0.21938433610373467,-0.22824176152260167,0.4436284146639756,9,0.940572279254617,1.6874291263945254,0.5573995758057744,-1.0164003945221405,1.1473223042144063,2.1637226987365468,2.1637226987365468,2.0164003945221403,True
7.524338108145829,0.8966493495282006,0.05917339099289454,0.007579067115214777,-0.20949862524532092,9,1.704761620465269,1.0079236294649772,1.6913599112367126,-1.0725552450924845,1.2845378411672381,2.357093086259723,2.357093086259723,2.0725552450924845,True
6.624990905422374,0.8662354303329356,-0.23859071875654947,-0.13093406138568192,0.021402687544731736,9,0.5511727930660977,1.6547313137756634,0.33308899667128783,-1.0023988295635613,1.081272735996381,2.0836715655599423,2.0836715655599423,2.0023988295635613,True
4.994069059775698,0.6346153761006216,-0.003329357896103391,-0.3184670238167542,-0.1578576119118923,9,1.729129550331239,1.503891860355603,1.149769871034728,-1.0394823028358253,1.2544619374447195,2.2939442402805446,2.2939442402805446,2.0394823028358253,True
4.282435174665174,0.36951879755328315,0.2915566325489807,0.08537719554991141,-0.31895581542087725,9,0.8840126418911318,1.03571168388032,0.8535315915131478,-1.0041811893680155,1.2376304973310859,2.2418116866991014,2.2418116866991014,2.0041811893680155,True
6.777655030014491,0.1952638139013656,0.31725362826005066,0.2737342201337286,0.3195710741163861,9,1.1102805541257235,0.22815091905115242,4.8664303380552845,2.151602040899615,3.737698961803851,1.5860969209042364,1.5860969209042364,1.1516020408996148,True
3.8131824710876225,1.181459256385278,-0.3121103066258999,-0.13790210598353309,-0.21058873066912664,9,0.5303327298251794,2.6548841037145703,0.19975739396049966,-0.9997494687988905,1.080120298828433,2.0798697676273235,2.0798697676273235,1.9997494687988904,True
3.038151591567475,0.31088710040800727,-0.008806501263366684,0.3460206905112818,-0.4367963618882449,9,0.8109796174451855,0.7452655155328763,1.088175422775764,-1.0248030617016246,1.4647101664505096,2.489513228152134,2.489513228152134,2.0248030617016246,True
7.2463501132980745,1.125902445932773,-0.027391245257011976,-0.25040518008973445,0.01625818609762142,9,1.6525070597185956,1.1278440271217731,1.4651911257053407,-1.285512422152521,1.584342994425348,2.869855416577869,2.869855416577869,2.2855124221525207,True
2.468452104506351,0.3326939639804293,0.01806500201909561,-0.06189998644548694,0.2474246327496239,9,1.2863916065075727,1.6247638652096539,0.7917406547822142,-1.0089642424591263,1.1747562696941007,2.183720512153227,2.183720512153227,2.0089642424591263,True
6.2935696965284516,0.6798045225786331,0.3492358356741778,0.3295141762824001,0.10420975074314154,9,2.4941411705904852,0.4798333077533994,5.197932553428114,-1.111087869280726,3.294347066436746,4.405434935717472,4.405434935717472,2.111087869280726,True
3.4683407192879994,0.7040267481101636,0.2605379502169288,-0.2055582432657934,-0.26564904563207636,9,1.4966241431227456,1.2537670578731483,1.1937019191280815,-1.1471964097979386,1.448235024758369,2.595431434556308,2.595431434556308,2.147196409797939,True
3.338559686310832,0.36289582783206503,0.06916040263295947,-0.32076142957869164,0.4378211216013509,9,2.387771079873784,0.25280638952024015,9.445058269314885,-1.3357113648471608,1.9437278217757727,3.2794391866229335,3.2794391866229335,2.335711364847161,True
7.666474636213248,0.3826873566886441,0.10877748598249493,-0.17289178726252047,-0.15658963408662308,9,1.148130256741131,0.8845749130242898,1.2979457588456436,-1.0815724704962848,1.310720869516369,2.392293340012654,2.392293340012654,2.081572470496285,True
5.794968595538105,0.15708669679319007,0.2338868498353377,-0.21882999807693396,-0.3119071673640421,9,1.8368280642529018,0.010869680520471922,168.98638932334998,-0.9651670311704943,2.467263298268774,3.4324303294392684,3.4324303294392684,1.9651670311704943,True
7.702460816617528,1.12251615913245,-0.2926712917172437,0.25373633658183137,-0.491302951899771,9,2.776396560336975,1.7136680761928247,1.6201483816546107,-0.9995501327656197,1.1849740662837294,2.184524199049349,2.184524199049349,1.9995501327656195,True
2.9436012252401693,0.49483209418919344,0.3004047799111239,-0.17901591406328007,0.10719587458945556,9,1.6094393186773392,1.026402717777621,1.56803883193345,-1.1770809591428852,1.6241268589136137,2.8012078180564988,2.8012078180564988,2.1770809591428852,True
3.0138078571447044,0.14913679115806072,-0.09817625832159477,0.11773658356009614,0.08489885066396963,9,1.2427220095923306,1.298867978342807,0.9567731519394976,-1.000400905544913,1.2190561413833463,2.2194570469282593,2.2194570469282593,2.000400905544913,True
4.749541723627511,0.8161423276106397,0.14176766768382387,-0.34770615292088053,-0.36688979651669884,9,1.6684777704345084,1.331135406178206,1.2534245296839026,-1.1821277001982036,1.4803832186989072,2.6625109188971106,2.6625109188971106,2.182127700198204,True
2.6005885858785662,0.26025985799352436,-0.21562014196283857,0.2605390367479826,-0.18423507003148365,9,1.5730593107115234,1.0551646416057545,1.490818824555791,-1.0241784228111765,1.684443088840444,2.7086215116516206,2.7086215116516206,2.0241784228111763,True
2.874761753161379,0.841343747302263,-0.1750160521349032,0.29021046907139436,-0.11702427801948545,9,1.6143965025118967,1.7509784866971558,0.9219967662521704,-0.9995750004087932,1.120932485593879,2.1205074860026722,2.1205074860026722,1.999575000408793,True
7.303944496341108,0.5266311406106567,-0.2152380679997714,-0.040113806962349396,0.4929064634798844,9,0.1508017249072262,1.3161218053738688,0.11458037112635497,-1.0000493199290552,1.0240983566142756,2.024147676543331,2.024147676543331,2.0000493199290554,True
7.086252418786479,0.17034043742426422,-0.03974000418954099,0.1417104299432595,-0.25350135788506123,9,0.453760018234289,0.5707936049805467,0.7949633882982163,-1.0065444091044025,1.2438424708103606,2.250386879914763,2.250386879914763,2.0065444091044027,True
5.706358480851052,0.3787787024058738,-0.3134501421307313,0.058377872988631285,0.4686100917058442,9,0.6362857427661832,1.424524863534725,0.4466652419020223,-0.9998492728912788,1.1161180294105957,2.1159673023018746,2.1159673023018746,1.9998492728912787,True
6.5357040516575715,0.24759784200190488,-0.3166296509331089,-0.11467359853395484,0.1290430647558548,9,1.3917653091537896,0.7975454608077002,1.745060786559181,-0.999348606382446,1.2796448448915179,2.278993451273964,2.278993451273964,1.999348606382446,True
7.434993420574722,0.6512219793946956,0.18753897992800161,-0.04964134845789098,0.361614577912034,9,1.4495203495863793,0.6480079164080029,2.236886792404127,-1.296845753303244,1.6505590678423174,2.9474048211455615,2.9474048211455615,2.296845753303244,True
7.284565580643095,0.7991728318188639,0.09593474040278055,-0.15437368152559147,0.3948457395364213,9,1.4752904202150092,0.7941096049128336,1.8577919358838964,-1.367178193296627,1.7100451690679899,3.0772233623646166,3.0772233623646166,2.3671781932966267,True
3.702517944368897,0.9154880882643935,-0.09287364554440725,-0.1534995544728859,0.036538617494919046,9,0.7393756298000305,1.8863526811302882,0.39196044154214166,-1.0052518453159327,1.090456023334078,2.0957078686500106,2.0957078686500106,2.0052518453159327,True
6.086656291548949,1.16634767729982,-0.17398355134414373,0.2985757918395582,-0.34451389509531183,9,2.954243897486938,1.7111468117123423,1.7264701528039141,-0.9996688890629775,1.2015147643949895,2.201183653457967,2.201183653457967,1.9996688890629775,True
6.671525020052279,0.6307515888771672,-0.13199220986034846,-0.08999670719626723,-0.2590634453793269,9,0.3454321625255812,1.549326026230933,0.22295640599668928,-1.000763437766618,1.0544765445468536,2.0552399823134717,2.0552399823134717,2.0007634377666177,True
6.710544131598956,0.4888339364814134,-0.1526745932311821,0.13616530043622072,0.1456196049132219,9,0.8037107877400584,1.151624958185595,0.6978928183410671,-0.9992389738210203,1.0501960639559287,2.049435037776949,2.049435037776949,1.9992389738210203,True
7.050722707226653,1.1154547213144144,0.19053253531106484,0.1855456712410266,-0.4175671696843939,9,3.0202925062192683,0.8827086714470548,3.421618710585451,-1.106771469823759,1.5023979885118361,2.609169458335595,2.609169458335595,2.1067714698237587,True
4.570178017864487,0.5607284386324162,0.26791715386368453,0.13200238610589465,-0.23748015916333431,9,1.2578693534489644,0.9941506233623586,1.2652703965468246,-1.007929782176735,1.2906407328090208,2.298570514985756,2.298570514985756,2.007929782176735,True
5.931233208606763,0.8384105440059603,-0.3389583421611505,-0.04208574633088663,0.4524999955157877,9,0.6096252093392351,1.7793491836859852,0.34261134066803844,-0.9999233270487368,1.0264146376570318,2.0263379647057684,2.0263379647057684,1.9999233270487369,True
3.1677112980430735,1.1503519752769051,0.14337014704627293,0.31380336435283196,0.4196585591337819,9,3.21416952875616,1.1782964901330506,2.727810492241408,-1.00310100478931,1.4017425018961485,2.4048435066854585,2.4048435066854585,2.0031010047893103,True
3.009217576639447,0.3580949767042281,-0.18405856994681996,0.19676506112794145,0.11526168816604376,9,0.8399261342332234,1.235159564106771,0.6800142739781413,-1.0020257748874453,1.227658412234054,2.2296841871214994,2.2296841871214994,2.0020257748874455,True
6.626102447066247,1.0373488922449734,-0.017163788228692356,-0.1141729326100856,-0.0907959409712693,9,1.5413855394433442,1.2281423394613191,1.2550544752975605,-1.0926814098537854,1.2990938604383708,2.391775270292156,2.391775270292156,2.0926814098537854,True
5.827502483828832,0.28331918603505424,-0.23606438749190745,-0.33866071022008865,0.12509441588054515,9,2.20790219206629,0.05495031324668144,40.179974628254364,1.124084556136571,5.845867484152678,4.721782928016107,4.721782928016107,0.1240845561365711,True
4.150128753454295,0.27562207714792897,0.25361753467788817,-0.09401198065880373,0.41711959596987624,9,1.3399946812495314,0.8075033665277642,1.6594292194860571,-1.0921893216687888,1.5446937426488205,2.636883064317609,2.636883064317609,2.092189321668789,True
7.042171586704129,0.6043899106974873,0.2898919645955429,-0.17333838899384665,-0.04076009427714089,9,1.518720783573992,0.6032433310998856,2.5175923301214596,-1.7737900509361937,2.2318355893426602,4.005625640278854,4.005625640278854,2.773790050936194,True
6.2724197929478915,0.7748206377478841,-0.32799455657257637,-0.013957350324921958,-0.43914550651269557,9,0.5125711762768399,2.182279477307426,0.2348787960510303,-1.0001357259695558,1.0658672591133025,2.066002985082858,2.066002985082858,2.000135725969556,True
5.385666673818808,0.8442790193258748,-0.2999654902778446,0.31841912943560435,0.39560462839550614,9,2.484880616194541,0.8922354611089577,2.7850054436371403,-0.9578367159324364,1.272282315150622,2.230119031083058,2.230119031083058,1.9578367159324364,True
3.4969902978868426,0.20695117564063198,-0.3163459926883435,-0.317368947072689,-0.051629342175799064,9,2.4544283925113075,0.19571137206117198,12.541061700513477,0.8225360013534266,3.464077426102246,2.6415414247488194,2.6415414247488194,0.17746399864657336,True
6.879937662853246,1.1940719163511875,-0.07997014941003672,0.26029868247373333,0.08999343706059681,9,3.1134100211787326,1.2497017752960298,2.491322396050231,-0.9982281499571851,1.25895023500237,2.257178384959555,2.257178384959555,1.998228149957185,True
7.447008946195488,0.8088352696764196,-0.22666615030783077,-0.2948121936243622,-0.1765352113481805,9,0.9828980525055058,1.591546431349393,0.6175742241287647,-1.0160465133774974,1.187789206098921,2.2038357194764187,2.2038357194764187,2.016046513377497,True
6.105911190420942,0.7076153877591769,-0.3170580819951877,-0.02758883833358572,0.004870668761183028,9,0.35220990472395997,1.937435768684801,0.18179178397385135,-1.0000311563518154,1.0331492568354024,2.0331804131872175,2.0331804131872175,2.0000311563518154,True
3.4235878189413174,0.4396376040285301,0.011084438345660752,-0.06230267070924961,-0.42747640159604616,9,1.1453800927759,2.08342226956849,0.5497589756555336,-1.0000000636001383,1.0241483550209975,2.024148418621136,2.024148418621136,2.0000000636001385,True
3.8826830897409357,0.7556180350931778,-0.18319385489245976,-0.323385300437485,-0.08561550448958066,9,1.6335809594476212,2.172831579047722,0.7518212525995981,-1.0007874593727022,1.137296514833373,2.138083974206075,2.138083974206075,2.0007874593727024,True
7.964549971164979,0.6092448046711956,0.001038336822222874,-0.2532149683842934,-0.31022610642197124,9,1.1384413953474692,1.1036872104317632,1.0314891615914532,-1.0965673007733239,1.3351925665143365,2.4317598672876604,2.4317598672876604,2.096567300773324,True
3.785243159606533,1.0172682987773265,0.007514360039855006,0.1137544034746209,0.07555151061910392,9,1.808880397781647,1.5841877089741954,1.1418346371043027,-1.0022772430632982,1.1076222647328322,2.1098995077961304,2.1098995077961304,2.0022772430632982,True
3.069718540687676,0.3334714734176917,0.09516057152646268,-0.2392215198667253,0.4514790889410819,9,2.0392927235810943,0.5654997213057986,3.606178123080506,-1.6900466492145636,2.291659918300878,3.9817065675154417,3.9817065675154417,2.6900466492145636,True
2.733208368233063,0.06972779458183778,-0.15667869152678118,0.21875696973728953,-0.01905338666021439,9,1.534187777655335,0.7911614422217413,1.9391589324007314,-1.0364156547176542,2.009052497854435,3.0454681525720892,3.0454681525720892,2.036415654717654,True
3.715281575723314,0.7718532815281595,-0.17231200937065938,0.13367482369610795,0.020449391903859748,9,0.908110111674792,2.1034982581463937,0.4317142208974398,-0.9999730481676794,1.0182025290458339,2.0181755772135133,2.0181755772135133,1.9999730481676794,True
6.065688007772128,0.9561966620261307,0.10901252678076118,0.2083028375827246,0.15386414005377824,9,2.5385992092300977,0.9548992895964679,2.658499421758799,-1.0127966110663937,1.3338578599379314,2.3466544710043253,2.3466544710043253,2.0127966110663937,True
4.882932338912952,0.05595465954821491,-0.015847764801934006,0.19909045735587616,-0.2173872015283953,9,0.831848895380287,0.4013653566882056,2.0725478208785613,-1.1162636688325038,1.918712784566663,3.0349764533991666,3.0349764533991666,2.116263668832504,True
3.3201277439694437,0.5848352201045061,0.22927606263250755,0.18433872415174823,0.1163161266111633,9,1.4399698613842,1.1170154933040706,1.2891225502386257,-0.9986870888402006,1.2926247670631923,2.291311855903393,2.291311855903393,1.9986870888402006,True
3.1362623075169536,1.0661706570832348,0.27280943001097835,-0.22573152300934457,0.0859142013661427,9,2.311138747591035,1.0668847453541002,2.166249688783361,-1.4942348751915346,1.9444674121693264,3.438702287360861,3.438702287360861,2.494234875191535,True
2.4988025687059237,0.8582096362788647,-0.33487771697695023,-0.16409255926139435,0.23392912971632274,9,0.6675729759779157,2.712248434548498,0.24613267998403143,-1.0001274233640078,1.0609058572621404,2.061033280626148,2.061033280626148,2.000127423364008,True
6.465144215168198,0.19571769841083886,-0.19263990485868535,-0.3375741139722698,-0.04860510503738824,9,1.9752637443555967,0.22567956737337047,8.752514759511508,1.2684989501859547,3.8311590108436127,2.5626600606576577,2.5626600606576577,0.2684989501859547,True
7.802719404876663,0.7667457069738638,0.07509302535545637,-0.10077069165496635,0.288344649135614,9,1.3520421245289898,0.8121473472884323,1.6647744144497156,-1.2258584464757478,1.5111336569544758,2.7369921034302234,2.7369921034302234,2.2258584464757476,True
3.1425450666183723,0.7674112156911964,-0.06126796802417839,0.34138942958269947,-0.34241933619532006,9,1.6486634095453703,1.4209814532194147,1.1602286615424242,-0.9955019826060114,1.1741083263052439,2.1696103089112553,2.1696103089112553,1.9955019826060114,True
6.571436855434572,0.9275341513971522,-0.3177442455269826,0.12312654988990845,-0.12420140637937316,9,1.580469815106788,1.9239720386064825,0.8214619461161762,-0.9997480078182291,1.062639494017094,2.0623875018353233,2.0623875018353233,1.999748007818229,True
7.729831619606642,1.0683846286543675,-0.20889843147471193,-0.310427241137362,-0.04169437001760212,9,1.3156022094827382,1.4522397873757957,0.9059125227935242,-1.081550230010205,1.302581462363827,2.384131692374032,2.384131692374032,2.0815502300102047,True
3.008523840103038,0.39138349111929077,-0.1436251146345974,-0.26611370358031766,0.3284434300045327,9,2.1136904353956494,0.7516187252338384,2.812184375446544,-1.0078761658934428,1.329001271948104,2.3368774378415464,2.3368774378415464,2.0078761658934425,True
2.817403936686765,0.23010994623468117,0.10577010000318188,-0.20210287121929946,-0.1505814889006053,9,2.363936408335803,0.16804245009229035,14.067495487226644,-1.0018982651242412,1.1767691617315732,2.1786674268558146,2.1786674268558146,2.0018982651242414,True
6.5133251799649265,0.06794066877775301,-0.11035697803854502,-0.2877345739310757,0.0709785970933976,9,1.5862612814092123,0.26618448872112366,5.9592551355278545,3.9724412144244345,5.954561273527569,1.982120059103134,1.982120059103134,2.9724412144244345,True
2.1062073376655888,0.5468583933015033,0.10643795662974054,-0.18505409005744225,0.14678607040689873,9,1.5922150190782913,1.6944313546235246,0.9396751392339856,-1.0170511348200666,1.2551531100758908,2.272204244895957,2.272204244895957,2.0170511348200666,True
4.1734425481915,0.6123500342014874,0.12141594741296391,-0.34522426695052705,0.023930482866925007,9,1.9877949094201304,1.261565673833978,1.5756570986741385,-1.1401051687137682,1.4680224614614403,2.6081276301752085,2.6081276301752085,2.1401051687137684,True
5.957357657378806,0.8104290747721917,-0.05777841969958103,-0.03935233379483466,0.029983266614640458,9,0.9536729667533246,1.359557256178747,0.7014584802656821,-1.0103473439123791,1.1037142735458456,2.1140616174582245,2.1140616174582245,2.010347343912379,True
5.46720311058744,1.0747022118580924,0.049725965545648565,-0.19018473493261634,0.20436824028830058,9,1.7412247849121265,1.1275459890568633,1.5442605461871894,-1.2384055320188705,1.533646506161977,2.7720520381808473,2.7720520381808473,2.2384055320188705,True
3.4698011130261412,1.1997040724614156,-0.16471096437949714,-0.10524784348269453,0.13106259562951905,9,1.222415831652226,2.0609528552839373,0.5931313899384728,-1.003724927649791,1.0800575598724784,2.0837824875222695,2.0837824875222695,2.003724927649791,True
3.751055567746235,0.6951210633335366,-0.1542450115028073,0.030430697729549427,-0.10445041967667068,9,0.20465580696677943,2.1470224747204836,0.09532075671141875,-1.0000000123885144,1.0079872327165809,2.0079872451050953,2.0079872451050953,2.000000012388514,True
7.291376154489145,0.14708926675618328,-0.1881926052411942,0.3425223697406956,-0.38591791217359916,9,1.0024248807597482,0.5028319198844844,1.9935585652359447,1.9498753301958993,2.749295374731516,0.7994200445356168,0.7994200445356168,0.9498753301958993,True
7.717039016779733,1.055752429391184,-0.2932666060945077,0.14258746065660965,0.38517489540192806,9,2.1607156089907202,1.4572267211519683,1.4827587070889212,-0.999745343416763,1.0932716377197804,2.0930169811365436,2.0930169811365436,1.999745343416763,True
3.7983729599348695,0.9983655850286264,0.1796388205773919,0.27339384907653985,-0.31612786992267494,9,2.3964125718324,1.4188657304830996,1.6889635998301702,-0.9993669460551885,1.2741240208916602,2.2734909669468486,2.2734909669468486,1.9993669460551886,True
6.951213324553188,1.0752170369772933,0.30188763081322867,0.2200205276351892,0.0553383662067608,9,3.3151643962691884,0.570548297568259,5.810488630671219,-1.3740636148585144,2.0155822884466095,3.389645903305124,3.389645903305124,2.3740636148585144,True
7.3063237279963325,0.4924291974780499,-0.2768076375943941,0.02404281574396272,-0.18879207509691187,9,0.46320884883161684,1.6534040233410094,0.28015466413080176,-1.0001430509265345,1.0401005224062299,2.0402435733327646,2.0402435733327646,2.0001430509265345,True
6.4964233658998545,0.6160024902067895,-0.18672561788135802,0.3081791940519031,-0.04509293185297525,9,1.9711462302510379,0.49286373057612,3.9993736766690433,-0.8508973973364244,1.4020933855742421,2.2529907829106666,2.2529907829106666,1.8508973973364244,True
3.792375094431522,0.5648430250405878,-0.05537251754371403,0.03968481046579592,-0.486120724977365,9,0.4342932955067502,2.2073385780578576,0.19674974189454264,-1.0000004762040442,1.01547983673769,2.015480312941734,2.015480312941734,2.000000476204044,True
3.7406837913310573,0.5049427176439554,0.009575828626404437,-0.30500860866748647,-0.21328615795854466,9,2.1413342282611025,1.1996046538588134,1.7850332785663945,-1.0082623948701879,1.1885628594323585,2.1968252543025466,2.1968252543025466,2.008262394870188,True
4.71304761652277,0.4194856454235113,-0.02988163447195863,-0.1348906362594623,-0.2239137119871698,9,1.2303441457148687,1.6710868841945883,0.7362538461355085,-1.0004955665191146,1.072439027773394,2.0729345942925086,2.0729345942925086,2.0004955665191146,True
6.690966051586733,0.34262033517266083,0.18803421218050176,0.32915628857949886,-0.4326787415667407,9,1.370481340690643,0.04470634929291584,30.655183488843036,0.6466475823957927,2.1801867247717728,1.53353914237598,1.53353914237598,0.3533524176042073,True
6.694904782321506,0.9224762204554078,-0.08975143530939456,0.20348930921116815,-0.0429104512507168,9,2.0570519625719257,1.3501283778886313,1.523597308419516,-0.9995279040360419,1.1471930770044638,2.146720981040506,2.146720981040506,1.9995279040360419,True
2.1486660396556374,0.24396609310772993,0.02733314201124254,0.13190486949735397,0.3146987109108156,9,0.7177618191469775,1.3880866620059957,0.5170871810767944,-1.0313671215349878,1.2374119432730661,2.268779064808054,2.268779064808054,2.0313671215349878,True
2.9344120463672074,1.0904516868960983,0.2012345970230791,-0.07780096597870595,-0.13443313755161035,9,1.871973590733408,1.444400935956215,1.2960207544411022,-1.0954753825438075,1.3518936486531692,2.4473690311969767,2.4473690311969767,2.0954753825438077,True
5.388035398877703,1.0410574315317949,-0.21517431406795673,0.1058330149276106,-0.17512075921360715,9,1.5606744003807975,1.9505848208231147,0.800105888100892,-1.000031441360757,1.055137351326027,2.055168792686784,2.055168792686784,2.0000314413607567,True
6.196033209117679,0.8871345563000215,-0.010456478746699749,0.22769280469280861,-0.15358427250579265,9,2.039286198660067,1.3051958843184228,1.5624368902488446,-0.9990552711987881,1.1900519919891734,2.1891072631879616,2.1891072631879616,1.9990552711987881,True
4.304133726488512,1.119690178452683,0.3463024265706225,-0.1503177574469551,0.10968641834061088,9,2.7475347945021413,0.718614203504171,3.823379472746803,-2.291262109264095,2.8576519660098776,5.148914075273972,5.148914075273972,3.291262109264095,True
2.837803239672021,0.1849505717595774,-0.2960887947846012,0.0378965609116525,0.4327456398796221,9,1.6674506164961298,0.909870798407978,1.8326235102980628,-1.0049873610919773,1.590180541899017,2.595167902990994,2.595167902990994,2.0049873610919775,True
6.66460398913599,1.0656795440022875,-0.204253759495299,-0.29908165003339415,-0.09676732103583074,9,1.1931078614910149,1.6305222464632767,0.7317335682349345,-1.0409962949177138,1.227037217126336,2.26803351204405,2.26803351204405,2.040996294917714,True
7.540761996847049,0.05005045052397743,-0.26326528371251195,0.32944022665080097,-0.4300757285806043,9,1.329182220931381,0.44803881545420626,2.9666675633536395,2.4317479338277317,4.045615067353244,1.613867133525512,1.613867133525512,1.4317479338277317,True
4.430236933240071,0.14164326131832372,0.24041691013292876,-0.14373014393802303,0.19237748437671853,9,1.778702510778352,0.012521295718195824,142.05418918375668,-0.9876427046413836,1.3247891362100974,2.312431840851481,2.312431840851481,1.9876427046413836,True
5.135997013105198,0.3512891197306656,-0.20793850768241504,0.024015453154930533,-0.011614812100359306,9,0.7754031520432907,1.6581061113246367,0.4676438659428331,-0.9999583579033055,1.0702759082724462,2.070234266175752,2.070234266175752,1.9999583579033056,True
5.452001511627911,0.472078828284964,-0.1584506776266423,-0.2658642981707807,0.4875111432772764,9,1.5786389653435355,1.2372871806850998,1.275887271756445,-1.0072313430104438,1.238683850228804,2.245915193239248,2.245915193239248,2.007231343010444,True
4.578817073317403,0.06018645724538258,0.28262460776342924,0.22918920476156512,-0.09674724625865327,9,0.5226322494846161,0.2619305227607768,1.9953086947485699,-0.7699589291255216,1.7650307916596342,2.5349897207851555,2.5349897207851555,1.7699589291255216,True
7.940956617479179,0.9029490541741279,0.08311853469733271,-0.07939511835812824,0.1910984474119215,9,1.702570995240224,0.8113221259356148,2.098514191606476,-1.2969294269192815,1.608727865490522,2.9056572924098036,2.9056572924098036,2.2969294269192817,True
4.6864428965079705,0.13411286279569218,-0.17716775958073244,-0.01016955238804823,0.4546989948679858,9,1.2530370746989576,0.7436598624458637,1.684959936627177,-1.0005611942884995,1.341506626208206,2.3420678204967054,2.3420678204967054,2.0005611942884993,True
2.3482494201056703,0.20605549341089863,0.2048140911793016,0.28722174640610554,-0.32278094005056557,9,0.4078739812578269,1.041713925906576,0.3915412582229474,-0.9934436566887203,1.2179267511807894,2.21137040786951,2.21137040786951,1.9934436566887204,True
6.213953720905511,0.16895439298779993,0.06949521300697403,0.10529402800215348,-0.19967927123223983,9,0.32888412633812447,0.8761357564105715,0.37538032654382847,-0.999607423874552,1.0499002014332215,2.0495076253077738,2.0495076253077738,1.999607423874552,True
6.540259935309917,1.1354573222088966,-0.3056201355697359,0.31637877232777234,0.40929997712279353,9,3.226649022998939,1.315180265836648,2.453389171670939,-0.9940768114024385,1.24307649395944,2.2371533053618786,2.2371533053618786,1.9940768114024385,True
5.509106885405429,0.9840115308719116,-0.19185824631700382,0.21978877833119081,-0.1200784113598411,9,2.1058559141025937,1.8301902093850526,1.1506213415982403,-0.9999163728961321,1.100430233870406,2.100346606766538,2.100346606766538,1.999916372896132,True
4.081817806649572,0.11458417082587397,0.054554802671828995,0.05888268416769532,0.0234272449325722,9,0.9184866823487222,1.0408011299614157,0.8824804815332705,-1.000014828739599,1.0477040916322797,2.047718920371879,2.047718920371879,2.000014828739599,True
3.245229093779284,0.3573396650353594,0.08871802003107393,-0.18691274496583205,0.17186557349633425,9,1.7696779643561016,1.0225615204171645,1.730632269082591,-1.012248401876491,1.2448162394758224,2.257064641352313,2.257064641352313,2.012248401876491,True
2.973486548954954,0.7891392262501862,0.23277109533364448,0.06091178054196911,0.44950187549584764,9,2.094708673561163,0.9961649503866216,2.102772912004368,-1.0800900810510143,1.51046152746005,2.5905516085110643,2.5905516085110643,2.080090081051014,True
3.6254038918760703,0.8579334233084455,-0.12870197450072568,0.2378735231636534,-0.12550059816017278,9,1.5714989667928425,1.8602347264409396,0.8447853082495049,-0.9994483870661046,1.072928243945691,2.072376631011796,2.072376631011796,1.9994483870661046,True
7.759692956158396,0.9319428804453243,-0.26249794731809584,-0.21161062103784092,-0.2693649475277595,9,0.7335766484203063,1.6648515524259213,0.44062586081706967,-1.007269247954239,1.1358714836566357,2.143140731610875,2.143140731610875,2.0072692479542393,True
7.031561564166301,0.7050556818134109,-0.12009606799558278,-0.17837660334660052,0.31790542356908413,9,0.8365465286371367,1.2258572585590621,0.6824175676215827,-1.0334079746725817,1.1878615889104434,2.221269563583025,2.221269563583025,2.0334079746725817,True
2.1066430821107804,0.5412266147334818,-0.13544835640669808,-0.14640906147231098,-0.29562854042999864,9,1.6661799587843131,2.3689053195670247,0.703354391170369,-1.0000449412939552,1.06754019560286,2.067585136896815,2.067585136896815,2.000044941293955,True
6.551519768140357,0.9187184620765736,0.3321975922093954,0.17871295175447643,0.12382614168757156,9,2.761292644386539,0.537952928167808,5.132963312963298,-1.3700450652231875,1.9981120899149138,3.3681571551381015,3.3681571551381015,2.3700450652231875,True
3.0477900631465658,0.3340249341838735,0.06389023664849358,0.12480294499121075,-0.08596823730500003,9,0.39456290954520723,1.6653513473117179,0.2369247247327885,-0.9999910384803872,1.0260432559422068,2.026034294422594,2.026034294422594,1.9999910384803872,True
7.866877007221229,0.5096552619947006,0.20043252490222174,-0.07370297708002388,-0.4744882355959362,9,0.9327036498045107,0.7949048395920233,1.173352586811789,-1.123719380269301,1.3691826448869648,2.492902025156266,2.492902025156266,2.123719380269301,True
6.575252557760683,0.2594663074557422,0.11727251123765647,0.16591403466437826,-0.46167140058566836,9,0.3062806533500415,0.7315845764729275,0.4186537868617512,-0.9925308114921698,1.1694365652721372,2.161967376764307,2.161967376764307,1.9925308114921698,True
6.920876270559,0.3775549747076634,-0.20965804850726,0.16829661198273194,-0.0409433990536916,9,0.7319156207463205,0.7783042780843334,0.9403977870297837,-1.0035012059658843,1.2320890523397134,2.2355902583055975,2.2355902583055975,2.0035012059658843,True
4.623709479071726,0.5180138566240828,-0.3386209795815223,-0.24965174623480413,-0.42884319219133027,9,1.8750416399359113,1.6101726623356722,1.164497251627678,-1.0012776414977684,1.2210103373948475,2.222287978892616,2.222287978892616,2.0012776414977687,True
3.286164080332753,0.0752376724204226,-0.2388739829139666,0.2253644929047518,0.3024677942622145,9,1.3537243337515883,0.425234024012464,3.183480759554436,-1.1058572696385176,3.9312832264566286,5.037140496095146,5.037140496095146,2.1058572696385176,True
5.694052999776615,0.5763204881427496,-0.09122797670747673,-0.189831373442989,0.23812486599293303,9,0.9522904577950637,1.3766150063997984,0.6917623688307363,-1.0119282054430003,1.1489368230077868,2.160865028450787,2.160865028450787,2.0119282054430006,True
7.825591202614866,0.15441111920303313,0.06646076771790077,0.1550647897755244,0.44018652911651357,9,0.4591499021095138,0.24244017815662355,1.8938688529295227,-0.8254394349440092,1.37565759543738,2.2010970303813893,2.2010970303813893,1.825439434944009,True
5.3174963865377265,0.46772373416062646,0.20572434103642312,-0.0710259469656161,0.43961760021204677,9,1.1927866011524002,0.7669382610749828,1.5552576546129346,-1.1206349493200525,1.4682864044543278,2.5889213537743805,2.5889213537743805,2.1206349493200527,True
5.317289942574532,1.1594661727367805,-0.3048080501656516,0.13409078646503225,-0.27820273493025005,9,1.931276276237071,2.2693492468840595,0.8510264688825745,-0.9998368407243041,1.0838995726281033,2.0837364133524074,2.0837364133524074,1.9998368407243041,True
7.929490728409942,0.8739910569730401,0.22765872692079825,-0.08301701150956892,0.32514774420896964,9,2.0176429117112082,0.5668020490835213,3.5596958673201584,-1.9497931334112335,2.4208220480105016,4.370615181421735,4.370615181421735,2.9497931334112337,True
2.4745511446906843,0.14482233372812436,0.3370719470323774,-0.10183631667113285,-0.3999975072794748,9,2.280317721548051,0.25791610234194906,8.841315842020485,-1.0133992024858645,1.2262037471692155,2.23960294965508,2.23960294965508,2.0133992024858642,True
3.807669568489569,1.1183264711412868,0.11823143729954311,0.3266001956895829,-0.02383037105797947,9,2.9644437548698304,1.3703362456227783,2.1632966101123423,-0.9980838100006296,1.3176328172423397,2.3157166272429692,2.3157166272429692,1.9980838100006295,True
2.4031547118864403,0.29145013027234684,0.2717359707829924,0.30794735530978967,0.3733546824972378,9,1.4762753775316053,0.5723509364311158,2.579318532676638,-1.015099746404897,1.9584339936943749,2.973533740099272,2.973533740099272,2.015099746404897,True
3.7251410979399395,1.1529884870708456,0.07804030706902054,-0.28729512668724366,-0.24257448712174234,9,1.6018519881239992,1.6471162246094602,0.9725190998612175,-1.1005972096351269,1.3356942388599369,2.436291448495064,2.436291448495064,2.1005972096351266,True
4.970165965874671,0.31448018383429327,-0.03199458245980508,0.11805366084900915,-0.4262593142138037,9,0.5124998422740832,1.3684090351567448,0.37452240456405544,-1.0000437424798574,1.0381023983308946,2.0381461408107517,2.0381461408107517,2.0000437424798574,True
6.226450100795189,0.7106035641604355,0.20256497307831445,0.2763625897701648,-0.23161605676972918,9,2.0698184365193293,0.8910800252724713,2.322819923930432,-0.9990768375896294,1.569339027739545,2.5684158653291744,2.5684158653291744,1.9990768375896293,True
3.2174548737615645,0.7970718001295664,-0.07244409173418837,0.21452045356192262,-0.08396463193306958,9,1.2324212922182207,1.955865908300045,0.6301154322431994,-0.9998287701239797,1.0482833973688521,2.0481121674928318,2.0481121674928318,1.9998287701239796,True
5.09910776808376,1.0969455535433974,0.34415585350659983,-0.009230150472976706,0.3082446747276941,9,2.9459449281653423,0.5856965633766998,5.029814262834614,-2.257422126603448,2.86039024465015,5.117812371253598,5.117812371253598,3.257422126603448,True
5.962291409445942,0.2162882409085266,0.3103133542272717,-0.04935033223262214,0.07985573934306878,9,1.0456044779547085,0.6269080798476281,1.6678752620461452,-1.0784786569272327,1.4045643705215634,2.483043027448796,2.483043027448796,2.0784786569272327,True
7.988669570801953,1.1016813388651248,-0.041092063426935166,-0.2636238821014006,-0.00364059772540104,9,1.6168978597962613,1.0772853133468958,1.5009003091046553,-1.3271391874083636,1.6379958515837556,2.965135038992119,2.965135038992119,2.3271391874083633,True
2.689762235906696,1.090247821880184,-0.2392714430444355,-0.007513163383946364,-0.01316948695976905,9,0.668901304751309,2.62178388598001,0.2551321290546711,-0.9999903825922571,1.028811962455366,2.028802345047623,2.028802345047623,1.9999903825922571,True
3.7438991143493277,1.1565505187158385,0.3187917947845028,0.17500108475672316,0.49302718478407037,9,3.4396145210031768,0.7045741005002424,4.881835024252347,-1.4093742679996928,2.0392095102507244,3.448583778250417,3.448583778250417,2.409374267999693,True
5.524744511007453,0.7048153939789639,0.3035923008925101,0.15222559892057763,-0.10904985892719499,9,1.8987923286937591,0.7356592240825436,2.5810759473066947,-1.0687416207467653,1.5159202664136096,2.584661887160375,2.584661887160375,2.0687416207467653,True
3.814113716190921,0.4193589656703524,-0.1162800605430376,0.08976692870670266,-0.28227332615981915,9,0.7285120557678788,1.9002072130882512,0.38338558592454125,-0.9999868163585149,1.0393598826586063,2.039346699017121,2.039346699017121,1.9999868163585148,True
4.526004286596065,0.12189410594889813,-0.20236219154931573,-0.05185119332259436,-0.20855970276261615,9,1.9402217727072695,0.4202574757578226,4.616745411152046,-0.9998272439569797,1.4345103500645848,2.4343375940215646,2.4343375940215646,1.9998272439569797,True
2.9641022064508897,0.3474418652680177,-0.07137889042005724,-0.02720281789449991,-0.18693803157092592,9,1.269055853105296,1.9214342842411067,0.6604732014587346,-1.000002997112208,1.0359309218868962,2.0359339189991044,2.0359339189991044,2.000002997112208,True
6.3205024760110895,1.0010915035297745,-0.11150185265231041,-0.027590067613086744,-0.011385824959962876,9,1.4812690695436679,1.4392352382063958,1.0292056713325444,-1.0123354090858168,1.1204213621116426,2.1327567711974593,2.1327567711974593,2.012335409085817,True
2.8055204354526153,0.499636827794617,0.20550948830316618,-0.30951389864775,-0.19334791464661005,9,2.3548137290637268,1.1407375748812019,2.064290491447133,-1.0609941075488765,1.3374784504872301,2.3984725580361066,2.3984725580361066,2.0609941075488765,True
7.567981683987792,0.06936810255450063,0.175387694502532,-0.3077613515542679,0.24045306623299778,9,1.4672277354815373,0.10852646134092972,13.519539081554724,13.865357752822444,16.781759589305896,2.916401836483452,2.916401836483452,12.865357752822444,True
4.509118507444298,1.120294437048777,0.08790900536231472,-0.1882771651357803,0.2727820366576502,9,1.9389234633915744,1.154992564197335,1.6787324208784271,-1.2586207427770726,1.5800213233397398,2.8386420661168126,2.8386420661168126,2.2586207427770724,True
6.222454452883856,1.0896736236452167,0.053378077376818156,0.2134947653767275,-0.13929741685141317,9,2.7512354226315248,1.1582697444343075,2.375297667794312,-1.0063157537830407,1.2662661401336879,2.272581893916729,2.272581893916729,2.0063157537830407,True
3.4297752353300583,0.3262887725903076,-0.028614462451697242,-0.21719045259507624,-0.1098046069658648,9,2.075769445276438,0.654589919971388,3.171099007096182,-1.0004348722766243,1.1628589636288582,2.1632938359054825,2.1632938359054825,2.0004348722766245,True
6.194905733363984,0.7171082685240792,-0.3224255309041792,-0.34405299682188717,-0.18866290100097038,9,1.5704786595516156,2.049743402581208,0.7661830537295243,-0.9990528093873913,1.1806761945690414,2.1797290039564325,2.1797290039564325,1.9990528093873912,True
6.086730885911873,0.5857734173627774,0.0486107859520174,0.3319120604904333,0.2308701784174524,9,2.0585075612368904,0.2845861082142194,7.233338177165587,-0.5788541092928877,1.6621726721131014,2.241026781405989,2.241026781405989,1.5788541092928878,True
4.313725991291591,1.0165954395797812,0.20751299400533385,0.12848508409545528,-0.1721808813614265,9,2.291306131338402,1.1439354396873076,2.0030030120971913,-1.0533102860916674,1.3406961898729421,2.3940064759646096,2.3940064759646096,2.0533102860916674,True
3.5836146214891613,1.1932449204239874,0.0502034341968971,0.2848954301237222,0.1258722956364836,9,2.944898420491672,1.4895226311514558,1.9770753118501847,-0.9989578605478093,1.2241592771279686,2.2231171376757777,2.2231171376757777,1.9989578605478093,True
6.380902012068434,0.8510232674362543,0.2471675464275711,-0.10587833591245843,0.032066279785006535,9,1.8710348008100177,0.7097427736650038,2.6362153589085215,-1.6092615824151448,2.0354260489244753,3.64468763133962,3.64468763133962,2.6092615824151446,True
4.809229714286952,0.36670020927731106,-0.1893392916333173,-0.21173572101490515,-0.4488327161543918,9,1.8266831471657814,0.9297869295744354,1.96462553845735,-1.000199806634566,1.1884790989424718,2.1886789055770377,2.1886789055770377,2.000199806634566,True
7.93848935168376,0.7035660749506114,0.25435408613666177,0.256747909923448,-0.040732562255970106,9,2.2860339002708323,0.5949080543513465,3.8426675913194552,-1.0128235268532573,1.8714882907121535,2.8843118175654108,2.8843118175654108,2.012823526853257,True
6.473235047793869,0.8386807343110657,-0.0598024141359611,0.05565710924484729,-0.4319496309707378,9,1.1717112102738612,1.5113023203938778,0.7752990215541309,-1.0007564935276776,1.0726097373956653,2.0733662309233427,2.0733662309233427,2.0007564935276774,True
4.7651107689475,0.8718031039600087,-0.26195489069675776,-0.2638140587989261,0.23035220385025834,9,0.851741128736039,1.9383080567417366,0.4394250572160349,-1.0022891938347858,1.115933921908808,2.118223115743594,2.118223115743594,2.0022891938347858,True
5.690820829917843,0.20575030585337634,-0.19644089972460757,-0.2290590477065063,-0.4009138640731863,9,2.004211574062977,0.06096722391069092,32.87359084938634,-0.7631009660644397,1.625732559312052,2.3888335253764916,2.3888335253764916,1.7631009660644397,True
7.307062693200848,0.44080544063690424,-0.0700595560316139,0.2410424622245152,0.24711005192062396,9,1.3827001774293375,0.3805215851182793,3.633697092372687,-0.8148443006050546,1.3357767015263329,2.1506210021313876,2.1506210021313876,1.8148443006050545,True
2.7054123534556394,0.060576933808503604,-0.0213477220103242,-0.08593228754374227,0.22674774458503,9,1.8237379841191717,0.028082511363539536,64.94212574189471,-0.8236229131239768,1.3667799004594612,2.190402813583438,2.190402813583438,1.8236229131239767,True
6.31572083040514,0.6772723521505521,-0.25796356513908686,-0.19351972849738983,-0.4626956922789265,9,0.8470677378939044,2.043138257592412,0.4145914916654098,-0.9994336914219505,1.0988129829262512,2.098246674348202,2.098246674348202,1.9994336914219506,True
6.815157630122265,0.9110348717221087,0.014629255443333655,-0.24145097070569804,-0.46877891023518437,9,1.2790150025811307,1.3021386163265503,0.9822418186086413,-1.1101540247210497,1.3402332437423639,2.4503872684634134,2.4503872684634134,2.1101540247210497,True
3.2969186438024165,1.1212533037688233,-0.30268139652213744,0.14119373694677834,0.10808538556565628,9,1.6690565728576745,2.496503975788983,0.6685575464906656,-0.9999458657776104,1.0464120623643307,2.046357928141941,2.046357928141941,1.9999458657776104,True
4.623015989723868,0.9107830710833326,-0.09418016916748506,0.06490088159200286,0.0764004807296087,9,1.271362479388032,1.6556893786379745,0.7678749986509531,-1.000382249124721,1.049204916578236,2.049587165702957,2.049587165702957,2.000382249124721,True
7.861819697658996,0.3624600113434493,-0.0710259985188606,0.13718649871382355,0.3957571153327236,9,0.7015435507960311,0.748296494577766,0.9375208301515354,-0.9950740489126682,1.1015547848061211,2.096628833718789,2.096628833718789,1.9950740489126682,True
4.6964794841335635,0.6435826894292164,-0.1419802418554995,0.06685216911889752,-0.4109314931426741,9,0.3657666563433164,2.1069526612435654,0.17359984544096668,-1.0000088527308562,1.025121298236401,2.0251301509672572,2.0251301509672572,2.000008852730856,True
4.360633384382849,0.2520176909538851,-0.0017389789577835213,0.1302614559249718,-0.2538590072764142,9,0.5564376144788508,1.248988778224513,0.4455104995177369,-1.0000336639602478,1.0460024254628366,2.0460360894230845,2.0460360894230845,2.000033663960248,True
2.9498453466006236,0.9246959941587117,0.15595968495423718,-0.17160257114714197,-0.27912944429501285,9,1.2819964442400344,1.6873558529718804,0.759766496191126,-1.0441946654516474,1.2317689142627073,2.2759635797143547,2.2759635797143547,2.0441946654516476,True
3.437838287252971,0.23119399569485366,-0.15616866782662764,-0.19471733284194323,0.1847994249459769,9,2.0472673778149884,0.21885997711746263,9.35423371956315,-1.0017544668961156,1.3871613414829407,2.388915808379056,2.388915808379056,2.0017544668961156,True
5.186243220942561,0.7843077272826322,-0.3482603015795194,0.30316696396035403,-0.27989580839938155,9,2.023646634482719,1.1135842746478088,1.8172370790012582,-1.0085462939220633,1.4072523372807453,2.415798631202809,2.415798631202809,2.0085462939220635,True
6.444861028411452,1.0077784190779184,-0.04382608181357073,-0.3233691960506106,0.30611751669264464,9,1.638633387352622,1.1516513822459484,1.4228553993109982,-1.2742307829258408,1.5868922112999326,2.8611229942257737,2.8611229942257737,2.274230782925841,True
2.613950263427177,0.38288839523021867,-0.059830322550324666,-0.345706163539731,-0.053787567310783824,9,2.7882502945301386,0.22309339014292595,12.498130458924988,-1.0001857569714423,1.282517101809183,2.2827028587806253,2.2827028587806253,2.000185756971442,True
3.7181250293957593,0.5865415294316555,-0.20781779520183277,-0.2697980435641555,-0.36943526634027046,9,1.8338019770341871,1.9004609152050003,0.9649248571030872,-1.0001358050584344,1.1395534243751537,2.1396892294335883,2.1396892294335883,2.0001358050584344,True
2.506674128581143,0.28160668768486763,0.2085606747407901,-0.12835728059399448,-0.36154381393498614,9,2.064158849102445,0.9194964425452389,2.244879646721297,-1.0038705283384421,1.114981821102392,2.118852349440834,2.118852349440834,2.0038705283384424,True
7.950318285381309,0.21673404375471333,-0.3037946875949008,0.09794041165957595,0.33565076443760133,9,0.7733319157421942,0.6972551826970854,1.1091088814153132,-0.9997480795494319,1.4015542766299045,2.4013023561793365,2.4013023561793365,1.9997480795494318,True
3.1891245463306497,0.5083658541660128,-0.2530096025670349,-0.061424111527453584,0.31540178486232096,9,0.8816771755270643,2.2050537060750592,0.3998438555478214,-1.000022586053485,1.0713680415043545,2.0713906275578395,2.0713906275578395,2.0000225860534853,True
2.3618514748074384,0.09497668628494596,-0.3469163155511488,-0.3270451645789251,-0.484917147470309,9,3.2531403486914567,0.46395985153886377,7.011685036757876,2.3585575377676706,3.5948271746283544,1.2362696368606838,1.2362696368606838,1.3585575377676706,True
3.492761545679874,0.7063442324777388,-0.09545816481424663,0.04645410969399638,-0.038959692186425254,9,0.25182642497373564,2.0065686015414697,0.12550102935941468,-1.000000925178036,1.0050702371844136,2.0050711623624498,2.0050711623624498,2.000000925178036,True
6.208728592419643,0.39215314687736186,-0.10984228437482807,-0.28728695285686245,0.4749497025552636,9,1.8019341675954057,0.6291971641229965,2.8638625066071666,-1.0204160851475161,1.335217595333385,2.355633680480901,2.355633680480901,2.020416085147516,True
5.842055248221726,0.9683139474320765,-0.2246354448751606,-0.3155160842381587,0.021916885570882783,9,1.0722278647149581,1.7602385821280153,0.6091378041598791,-1.0188022025735226,1.1838227435221758,2.2026249460956984,2.2026249460956984,2.0188022025735224,True
7.010998908961948,1.1315972200958144,0.09321306819485436,-0.2266883584541302,0.06341780527570029,9,2.009140045647394,0.9121193011291187,2.2027162928799617,-1.613798119668839,1.9962106171575342,3.610008736826373,3.610008736826373,2.613798119668839,True
2.702916940258236,1.0379165117112437,0.292190231911011,-0.3028378992842673,-0.44045866067637507,9,1.940684447262983,1.542190753203607,1.2583945554281022,-1.194990857198231,1.5171695755441994,2.7121604327424302,2.7121604327424302,2.1949908571982313,True
6.036222942149184,1.1807405263957238,-0.34473906881711974,0.3295313200314136,-0.3231825222396427,9,3.156046479485231,1.566915626097665,2.014177679333779,-0.991426241842936,1.2480947818768982,2.239521023719834,2.239521023719834,1.991426241842936,True
7.096304913265538,0.3303107959975428,0.009094216205071004,-0.2947973850441272,0.4788851001800948,9,1.9030979259261398,0.21308046572049344,8.931358017691368,-1.1006361803255087,1.5143522560749973,2.6149884364005063,2.6149884364005063,2.100636180325509,True
6.41066934965999,0.22874144263604929,0.23149899454142442,-0.17060905032066992,-0.22153556276146225,9,1.5995560149202115,0.3487943538922762,4.585957304269404,-1.0959978411296971,1.375945481253432,2.471943322383129,2.471943322383129,2.095997841129697,True
2.8757516759900392,0.665628127060801,-0.2054223129560738,0.29344390148780275,-0.36229752507808854,9,1.1305389985272372,1.5919252520247855,0.7101709060078627,-1.0021201865125173,1.2428579592596614,2.244978145772179,2.244978145772179,2.002120186512517,True
3.888684181661458,0.09506581978296105,-0.10520138498575252,0.15041174611573516,-0.12559461691727902,9,1.2594955858304384,0.9118957906867025,1.3811836820542578,-1.0074905880135063,1.4270489563848496,2.4345395443983557,2.4345395443983557,2.007490588013506,True
4.652815480910526,0.33491000488344863,-0.32716353234210993,-0.3486163749495939,-0.4313405905117855,9,2.632164916108798,0.014316720207667645,183.85250797169888,-0.9726119500244311,1.5537169468464016,2.5263288968708326,2.5263288968708326,1.9726119500244312,True
2.9992442734474567,0.272855172834382,0.3041672857816803,-0.2793217331734467,0.02595993596112489,9,2.5219136996300064,0.038799362034388274,64.99884450148454,-1.074962168638975,1.5614005255792491,2.6363626942182243,2.6363626942182243,2.074962168638975,True
3.8075243511925385,0.21534127337486308,-0.16901641035842196,0.34610622769874144,0.39231194767172806,9,0.9871877755838613,0.13176660618913028,7.491942033984758,5.431857806674839,10.29554697232598,4.863689165651141,4.863689165651141,4.431857806674839,True
7.101696110396089,0.8220245942014403,-0.1651669919108321,0.30040912918128804,0.389161358408334,9,2.5289058888384974,0.7591924879672634,3.3310470386892774,-0.9491827136595304,1.335021900913047,2.2842046145725776,2.2842046145725776,1.9491827136595306,True
2.644474786282316,0.8418774471193242,-0.256883621739825,-0.24233399116012055,-0.012542596433360753,9,1.1954041520753735,2.686153015852128,0.4450245927989905,-0.9999442943791207,1.0812367327408487,2.0811810271199693,2.0811810271199693,1.9999442943791208,True
5.8216538796409925,0.5962325406269467,-0.11010942192632497,0.20115653049945537,0.47750689701392,9,1.373190224682936,1.0117399378248513,1.3572561221959567,-0.9945015769238014,1.1259666214763242,2.1204681984001255,2.1204681984001255,1.9945015769238013,True
4.215579240742274,0.6849274413337646,0.2567662737050792,-0.2138075275024465,-0.22354354387111097,9,1.5282676195378826,1.075899355519719,1.4204559299133002,-1.2312906834782826,1.5692787680919484,2.8005694515702313,2.8005694515702313,2.2312906834782824,True
4.333111717596223,0.29398195718803555,-0.2787747995473024,-0.16779444256412224,0.012208259451706116,9,1.8514343422906039,0.7571250877434799,2.4453480306782343,-0.9991757980839188,1.2928303065217202,2.292006104605639,2.292006104605639,1.9991757980839187,True
5.495983316765252,0.708448030762546,-0.07512580026081589,-0.3454320773430113,0.08473663364491912,9,1.6119014987738232,1.4456949722956232,1.1149665245181564,-1.0553238284896425,1.2933795773793408,2.3487034058689833,2.3487034058689833,2.0553238284896427,True
3.734105668467926,0.9087604026706766,0.10012916769095559,0.1161233773721268,-0.039318273852999686,9,1.6335661996117443,1.4410851405166663,1.133566750279632,-1.0053041470479804,1.1501543576146125,2.155458504662593,2.155458504662593,2.0053041470479807,True
7.073356641377243,0.6195814653462538,-0.018643526593885795,0.28194336570983425,-0.2826414979449806,9,1.8449955906252908,0.6333302707597247,2.9131650195909433,-0.9270549888143014,1.347368182859053,2.2744231716733543,2.2744231716733543,1.9270549888143014,True
3.217058259591883,0.5462277720704202,0.1554461526147084,-0.24738986317673495,0.024936527423228827,9,1.7457141456759633,1.3754133418429386,1.2692287420571715,-1.0601463123425034,1.3311841167833394,2.391330429125843,2.391330429125843,2.0601463123425034,True
4.744919842702732,0.7516771681615604,-0.03113633385543546,-0.2325813931598173,-0.17703467376644222,9,1.0373632508180677,1.635850456485373,0.6341430823981576,-1.0183462401665797,1.1605144592771808,2.1788606994437605,2.1788606994437605,2.0183462401665797,True
6.985625853263596,0.6174848031720276,0.10810569457383296,-0.21835511534763608,-0.16450784727281942,9,1.2174468879985183,0.9606253440849036,1.2673482908763605,-1.1838639272685518,1.463399295614801,2.647263222883353,2.647263222883353,2.183863927268552,True
2.834515040786333,0.4209243512646362,0.30444067552971366,-0.1285525686456477,0.04921831978368696,9,1.5680812470144634,1.0735903092342005,1.4605955675335658,-1.0980262603057427,1.4890342469169786,2.5870605072227213,2.5870605072227213,2.0980262603057427,True
7.999887932881476,0.45981484055073185,0.060071609886967636,-0.26537252813270457,-0.06949688476959803,9,1.4788107037736697,0.9134235566036463,1.6189758771629281,-1.1580320796445631,1.464533848091412,2.622565927735975,2.622565927735975,2.1580320796445633,True
2.401814473422922,0.7433479917890988,-0.03034953770412263,-0.061027124386075826,-0.06043367736741534,9,0.5272114322604664,2.1741384313266057,0.24249211764256198,-1.0003161466331678,1.0331210143405791,2.033437160973747,2.033437160973747,2.0003161466331676,True
6.390019264526118,0.5570477341540239,0.304186434550037,0.11525809226090161,-0.09297523821291387,9,1.522057997872291,0.6449632918777055,2.359914148665837,-1.0619030274707186,1.482929002606265,2.5448320300769836,2.5448320300769836,2.0619030274707186,True
3.5345918076979626,0.680938701218447,0.3474847303528428,-0.24417593403741944,0.4139233453234913,9,2.150698186715617,0.6997623596263165,3.0734693816113827,-1.9810685751620394,2.7133779919263112,4.694446567088351,4.694446567088351,2.9810685751620394,True
5.317597133359044,0.2840553570364063,0.11507196795981073,-0.3302567965174256,-0.289592577207455,9,2.2986861992765397,0.112593781349971,20.415747403771974,-0.9837254340048671,1.4399334574553881,2.4236588914602555,2.4236588914602555,1.9837254340048671,True
2.69684260993429,0.11025183155114238,-0.09650622501810358,0.3109994391427172,-0.4577210458815263,9,1.6757225433746818,0.7432080940538541,2.2547151420733265,-1.0918552691634271,2.0679246004751466,3.159779869638574,3.159779869638574,2.0918552691634273,True
2.8460055069348424,0.8179441371271633,0.3352858866639219,0.27516797732399556,-0.20816601168075977,9,2.1418105480645084,1.1718714050114136,1.8276839411775287,-1.0039368882688036,1.45385262985156,2.4577895181203635,2.4577895181203635,2.003936888268804,True
3.9976360496859886,0.5926622595736398,-0.12808448399760414,-0.18960441669763117,0.4805425407807209,9,1.0592411851142294,1.621977168811964,0.6530555457140516,-1.0040650288721993,1.1588568735621831,2.162921902434382,2.162921902434382,2.0040650288721995,True
4.953078386499462,0.4648207239058422,0.030967901122316177,0.2568274740441937,0.3406022913976934,9,1.2492315102591727,0.6100513853641966,2.047748009806403,-0.9355419601009369,1.3059157599946398,2.2414577200955765,2.2414577200955765,1.935541960100937,True
3.4661811331018457,0.09712027132241921,-0.31229858012211714,0.1297086097982605,0.43885660627869316,9,1.541502893303887,0.791273647583494,1.9481286884904503,-0.9981253127398286,2.266271732447046,3.2643970451868745,3.2643970451868745,1.9981253127398286,True
5.936735668490314,0.1390837991659189,-0.26990196717975345,-0.23624375428468303,-0.4488406391615616,9,2.0291546260550963,0.17203127923291306,11.795265576720062,1.8435181070275328,4.262823042988238,2.419304935960705,2.419304935960705,0.8435181070275328,True
3.6451980255234897,1.0333641838410181,0.17952310527370974,0.13984868244438875,0.2702839851983576,9,2.4564908578636957,1.0920256674238087,2.249480878648932,-1.054111305330756,1.3720905483310588,2.426201853661815,2.426201853661815,2.054111305330756,True
3.697685332201055,0.2999624260357424,0.12938106263980004,-0.2774589660113559,-0.2280920732219921,9,2.453187727333325,0.13502076014631914,18.168966940156885,-1.017399413257894,1.2571637520410146,2.2745631652989085,2.2745631652989085,2.017399413257894,True
6.535297597490043,0.6343302389232887,0.13435321275801804,-0.019882727609311035,0.2961387057509486,9,1.248767139258778,0.8182624094886122,1.5261206243596324,-1.0926357418008679,1.341166711380312,2.4338024531811797,2.4338024531811797,2.092635741800868,True
7.946247812989826,0.10026684696437957,-0.22343630952163937,-0.2958371955321958,-0.04340560878006072,9,1.6037839417221247,0.24822194039485768,6.461088569249416,3.5198643105967338,5.466618053621216,1.9467537430244826,1.9467537430244826,2.5198643105967338,True
2.1136168601947807,1.0181607078619017,0.2440738874731868,0.04937726107252488,0.43556272466311186,9,2.590674055935285,1.1301714468450497,2.2922841159784455,-1.1272332307331263,1.5890754852120343,2.7163087159451607,2.7163087159451607,2.1272332307331263,True
3.265364841622006,0.3730751761464477,-0.16417263305202456,-0.28027220324637564,0.32552260645073505,9,2.1887084663180927,0.5568178374004322,3.9307441667751317,-1.0041306721623244,1.35024733097649,2.354378003138814,2.354378003138814,2.0041306721623244,True
5.109238100630635,0.7257863970417986,0.33424000570061585,-0.07327230545273211,0.25376233194153097,9,2.0115694486874784,0.6150745564869952,3.27044815538555,-1.6942536000469732,2.2328985604956584,3.9271521605426316,3.9271521605426316,2.6942536000469732,True
5.884696947061202,0.6682444755681589,-0.2504263036647193,0.035815672963173506,0.16422872250537268,9,0.5256946486657224,1.7347063867732953,0.3030453180284648,-0.9999937934531081,1.0088065350768158,2.008800328529924,2.008800328529924,1.999993793453108,True
3.774454151001763,0.9393061543964737,-0.020938389956973502,0.3321605990343487,-0.371623418561031,9,2.163092388674043,1.5941322289118518,1.3569090125921117,-0.9966795447901123,1.175854745083913,2.1725342898740254,2.1725342898740254,1.9966795447901124,True
5.735001156555748,0.7239668975248569,0.0546713844879661,0.09175899714136598,-0.2067570891875855,9,1.1857822038164108,1.2613954801822576,0.9400558527806667,-1.0019718966318947,1.1084141363534827,2.110386032985377,2.110386032985377,2.0019718966318947,True
4.596323695701486,0.26683363707261837,-0.26905120381545455,-0.08788013722928234,-0.007534267313640153,9,1.6174668817112103,1.0737209990600163,1.5064126371070452,-0.9996187460625273,1.244615563531649,2.244234309594176,2.244234309594176,1.9996187460625272,True
5.284968676281325,0.6858559169447338,0.07876791380782944,-0.047956265039961976,0.32446920660242484,9,1.141258334514813,1.045717297056309,1.0913641169821442,-1.0487615496778002,1.2472127174451029,2.295974267122903,2.295974267122903,2.0487615496778,True
5.596942922909023,0.08193182467995404,-0.0252020098067528,0.05218054109812964,0.21883283049208924,9,0.85679842077205,0.8046741946685021,1.0647768083640625,-1.0000352820062721,1.134675973502873,2.134711255509145,2.134711255509145,2.000035282006272,True
5.496862459182933,0.4477617394947905,-0.1168360980171049,-0.03239570671763886,0.42436014069747563,9,0.31114667512586314,1.3777942981363136,0.22582955637625923,-1.0001071898461806,1.0353779084238732,2.035485098270054,2.035485098270054,2.0001071898461804,True
4.14379758004765,0.7706685886542074,0.08859886006682793,-0.34091518169673796,0.3964997914636029,9,1.6715791350223521,1.152629261031683,1.4502313896891468,-1.2431923575844859,1.650440474746173,2.893632832330659,2.893632832330659,2.243192357584486,True
2.1540112752818397,0.21786124999804735,-0.33806551303209753,0.19936295387820635,-0.3394489845441462,9,2.5649736847910845,1.0709086841508757,2.395137627280382,-1.0235145150111387,2.041400033927794,3.0649145489389324,3.0649145489389324,2.0235145150111387,True
6.09545474766348,1.0516020683457603,0.19617223884001644,0.17884223636426966,-0.2962604935802692,9,2.746062320294349,0.9452705938357409,2.9050542122032104,-1.0710423485615177,1.4312271017098128,2.5022694502713305,2.5022694502713305,2.0710423485615177,True
2.450591894996551,0.7088912324112023,0.17123832091124747,0.04918493661032508,0.2288251631710294,9,1.4115947689501125,1.371179087979435,1.0294751293430489,-1.0124922023501377,1.2418537790089845,2.2543459813591222,2.2543459813591222,2.0124922023501375,True
7.573471984990208,0.6472444520379478,-0.190796620607337,-0.0908644145639046,-0.3332838701922268,9,0.2673943455142185,1.5675786035242416,0.17057795054937633,-1.0000426142253303,1.0544822897914674,2.0545249040167977,2.0545249040167977,2.0000426142253303,True
4.0134159115007275,0.7189451860828961,-0.09652413332812926,0.2416680057615257,-0.19851237123800247,9,1.337677131940048,1.5381036123915366,0.8696924714064916,-0.998600094926143,1.0915687059868096,2.0901688009129527,2.0901688009129527,1.998600094926143,True
3.749066802887016,0.5394664999646045,0.08766483798084351,-0.33648543328663916,0.17016255097770705,9,2.1142729078780205,1.2178864000677923,1.7360181604461071,-1.0825116260811523,1.4173441648921723,2.4998557909733243,2.4998557909733243,2.0825116260811525,True
6.590292448847675,0.5668919151206918,0.07135651731509357,-0.18512355411752213,-0.23082524076990707,9,0.9871881701002279,1.107872256428874,0.8910667853370925,-1.0680747850085643,1.269307406347414,2.337382191355978,2.337382191355978,2.068074785008564,True
4.601678616019324,0.41375671170544626,-0.028203889379479097,0.19677565367447403,0.4931465312258325,9,0.8219514243714017,0.8553402282718039,0.9609643007579994,-0.9902817926509488,1.1676354998587115,2.1579172925096604,2.1579172925096604,1.9902817926509488,True
7.629187425908316,0.6669966725815206,-0.3041569809020068,-0.18908104070807674,0.19245440058633367,9,0.5969272341467451,1.5663187791006528,0.38110200944503014,-1.000314307046692,1.1021350443101001,2.102449351356792,2.102449351356792,2.000314307046692,True
6.638775734171364,1.1563652143920544,-0.306793887724394,-0.2642707415685743,0.1831477789930983,9,1.0433279646795937,1.7244443786628287,0.6050226830097081,-1.0223499370106444,1.1796923775381702,2.2020423145488146,2.2020423145488146,2.0223499370106444,True
4.246992330707556,0.6340486966369686,0.24338045488295634,-0.259009897115277,-0.4583474575127864,9,1.6058243348918877,1.2499666370037161,1.2846937568999401,-1.1498170296952748,1.4389894435718589,2.588806473267134,2.588806473267134,2.1498170296952748,True
7.92854722233363,0.2168190822887705,0.3445952890307262,0.22382590238458178,-0.115862642221079,9,0.9660280424729044,0.06440602575736887,14.999032017782568,-0.4501887903389916,5.176026210256733,5.6262150005957245,5.6262150005957245,1.4501887903389916,True
5.529338464301736,0.6331306423423665,-0.05471426518885697,0.12307687843248477,-0.19735357913383555,9,0.7942522764171549,1.5445864565228509,0.5142167814970768,-1.0000166348473438,1.035609809811517,2.0356264446588606,2.0356264446588606,2.000016634847344,True
5.805577052426489,1.1726182724260479,0.08032246996869519,-0.2134845164931958,0.3111334938363073,9,2.1161650977763546,0.9854756856911083,2.147353941353003,-1.4961824210058043,1.868586086414322,3.364768507420126,3.364768507420126,2.4961824210058046,True
3.8340017651968,1.080699323751411,0.024694519779566937,-0.02430813699832457,0.3089138747495329,9,1.8042284819024115,1.3915186036249478,1.2965895513019674,-1.0415358713055909,1.2263485718035976,2.2678844431091885,2.2678844431091885,2.041535871305591,True
2.691771093017537,0.5355341882441147,-0.3112261451836629,-0.31543678410424414,-0.4452795178074439,9,2.653415890436716,1.3205844248392233,2.0092739551731125,-0.9992665123687438,1.268557808687549,2.2678243210562927,2.2678243210562927,1.9992665123687439,True
4.495042991717689,0.5345862496795495,0.04974934612322546,0.21825710368303808,0.055010719116993734,9,1.0116485046479997,1.1266964940701982,0.8978891032077442,-0.9971061026583937,1.1482542494594523,2.145360352117846,2.145360352117846,1.9971061026583938,True
4.324839627245312,0.20517785745879963,0.10095909949885201,0.18288005412048702,-0.3811990204396737,9,0.37642629877928546,0.9578839692982182,0.39297692710639004,-0.9981184638274421,1.1095677455882809,2.107686209415723,2.107686209415723,1.998118463827442,True
6.682102366433231,0.1751137690100984,-0.011468634664293764,-0.050440742168777586,-0.46312738441635504,9,1.0644116953809777,0.748038161047925,1.4229376932987559,-0.999981330238635,1.0591264326139014,2.0591077628525363,2.0591077628525363,1.9999813302386351,True
6.615706373527165,0.36758046216659324,-0.3466435897826791,-0.12684469675086893,-0.09803485818451729,9,1.2464852439071743,1.444414592494346,0.8629691574595841,-1.0006034315854908,1.1800926371420126,2.1806960687275034,2.1806960687275034,2.000603431585491,True
4.532357103628655,0.7833107355041685,-0.03575139593042115,0.12351678817722062,0.27985843158015855,9,1.2992060198293454,1.4212765512148224,0.9141120485797515,-0.9997684775926695,1.0718790642070524,2.071647541799722,2.071647541799722,1.9997684775926694,True
4.067528850605208,0.9127050106219041,-0.18264239495529677,-0.22128820645279268,-0.021335256069859976,9,0.6843932224871718,2.0719145108378716,0.3303192380318852,-1.0017080401507723,1.0909598375865566,2.0926678777373287,2.0926678777373287,2.0017080401507723,True
6.656137646800326,0.2497857086907958,0.22914695813647235,0.09305950612960656,0.043220403413571584,9,0.6700496026794949,0.713156616080814,0.9395546329805986,-0.9984626065058128,1.2132830843377906,2.2117456908436033,2.2117456908436033,1.9984626065058126,True
5.480705165125873,0.6916602093883158,0.12063150774952425,0.23763937842656446,-0.22551286754965916,9,1.6221249011764793,1.1657738622681617,1.3914576005507864,-0.9985133816035716,1.2664696371897755,2.2649830187933473,2.2649830187933473,1.9985133816035716,True
5.705920421115912,1.1204424047056774,-0.130045887960127,0.19540449664190784,-0.3091347765658532,9,2.2365978500117487,1.7582215972844286,1.2720796135516546,-0.9999115620385018,1.115327157279702,2.115238719318204,2.115238719318204,1.999911562038502,True
6.766206962967524,0.6058249243122374,-0.023495991625203216,0.19085665354576853,0.2943867846258865,9,1.3983269504945874,1.0249727467543628,1.3642576887263325,-0.998143515720973,1.1726696497425857,2.1708131654635587,2.1708131654635587,1.998143515720973,True
6.20533238452828,0.15147495203289135,0.0681905075278958,-0.27682233266940653,0.45420659321744805,9,1.627575655425523,0.19345737338680336,8.413097040097348,0.1915935134924151,4.606197099714152,4.414603586221737,4.414603586221737,0.8084064865075848,True
4.5124514725435105,0.4881932904485743,0.2060524255861772,-0.06401293005795683,0.3442945072941278,9,1.2075075510943978,0.8825834939447647,1.368151069421618,-1.082230686025025,1.4072937141685458,2.489524400193571,2.489524400193571,2.0822306860250253,True
4.945442091444049,0.2529256202378013,0.07932889364422746,0.03016996109911113,-0.1435265529901013,9,0.6189127873027938,1.3097403903368763,0.47254615637500813,-1.0000147255102438,1.0162962668152977,2.0163109923255416,2.0163109923255416,2.000014725510244,True
7.368252325174275,0.473089953768218,-0.06970721460529528,-0.06964550006772496,-0.48651191936911087,9,0.46317427179155146,1.4076016649633523,0.32905209145487224,-1.0004233120190917,1.0455492162013988,2.0459725282204904,2.0459725282204904,2.000423312019092,True
5.966378673464315,1.1577682252651698,0.23327298430791465,-0.1222624467226722,0.1448578255715124,9,2.549493779944368,0.7408282720206308,3.441409941052262,-1.9731455736479617,2.44745362346249,4.420599197110452,4.420599197110452,2.9731455736479617,True
3.052620553751839,0.32276375984703864,0.12173860985750468,0.03935757800211226,-0.389445556389003,9,0.9671002637157335,1.8560215740450017,0.5210608956489883,-1.0000235391128816,1.0147412873728445,2.014764826485726,2.014764826485726,2.0000235391128816,True
3.9172967437051405,0.16624433573043568,-0.1272390294401823,0.323420415795877,-0.3975129796211083,9,1.3181065085313128,0.2895654718407319,4.552015473917773,-1.7053229972531854,4.374245843766933,6.0795688410201185,6.0795688410201185,2.7053229972531856,True
4.091187173358521,0.4641681813928511,0.04848745402348692,0.23987898144846653,-0.21622688809990653,9,0.7684013814562758,1.0882713441151288,0.7060751765737812,-0.9944050969230488,1.1365447585998218,2.1309498555228705,2.1309498555228705,1.9944050969230487,True
6.817653950568171,0.31561971217967344,-0.3370017816819218,0.17598788216599348,-0.2558463947301728,9,1.1877157181570983,0.6857914231607238,1.731890598285803,-1.0150860987704322,1.6812118472771997,2.6962979460476317,2.6962979460476317,2.015086098770432,True
7.3231772557939765,0.8570852551979253,0.012106389524494887,-0.21472898762927342,-0.018841318000117124,9,1.278937891029409,1.0554329529517354,1.2117661168836882,-1.1898161520233501,1.4551201704412742,2.6449363224646243,2.6449363224646243,2.18981615202335,True
3.1659508254669797,0.3848603699232176,0.081418986050873,0.2633681373903548,-0.18879087319787258,9,0.47231935443984674,1.0671221252530232,0.4426104034979652,-0.9932882984499788,1.1511343247496706,2.1444226231996493,2.1444226231996493,1.9932882984499787,True
7.207374034096637,0.2909904650149332,0.17663880121163378,0.21220516654023625,0.26611537909807725,9,0.9448418259797752,0.266621399425802,3.5437584080444937,-0.7914301868330703,1.7293791793413866,2.520809366174457,2.520809366174457,1.7914301868330704,True
2.437958201484227,0.31429118530913325,-0.2636522963608716,0.24832618503231751,-0.2874828791411279,9,1.8639255972811426,1.259452793273496,1.4799487580924222,-1.019726163867874,1.6582887748182777,2.678014938686152,2.678014938686152,2.0197261638678743,True
2.325295979144502,0.3488231408444729,-0.030278343291231302,0.285139132234593,0.30523383833526074,9,0.6252800079779928,0.8504106673822808,0.7352683026692489,-0.993123265695753,1.304593672840062,2.297716938535815,2.297716938535815,1.9931232656957532,True
3.55263470019013,0.4627246261958489,0.1753269593007153,-0.08177854187694678,0.0227025553916389,9,1.005716191630214,1.2552795531870857,0.8011890172804583,-1.0210877565778878,1.2085663947791356,2.2296541513570234,2.2296541513570234,2.021087756577888,True
5.267699755956141,0.9224273652735832,-0.19401941258574118,0.11830139069762374,-0.26897821878927897,9,1.328343669689056,1.9893031656484859,0.6677432040661505,-0.9999997203268712,1.0477973977042625,2.047797118031134,2.047797118031134,1.9999997203268713,True
3.9258623423153054,1.0160228990871791,0.20506288275608198,-0.07292726559907292,-0.4512293882598333,9,1.5778778626955132,1.4234045947853304,1.1085237946231863,-1.082513904168406,1.31774047478473,2.400254378953136,2.400254378953136,2.082513904168406,True
7.59926001504909,0.4310453602793265,-0.3177849179633374,0.054108088194033066,0.4418421449038775,9,0.41192259225005423,1.3707635515782077,0.30050594194439545,-1.000175062313836,1.0478432512097788,2.048018313523615,2.048018313523615,2.000175062313836,True
2.9544549742649515,0.2766435963225449,-0.13210099524392013,0.10668875465342847,0.06197662177243424,9,1.0215184536242146,1.6054569488966752,0.6362789449609576,-1.0000244345500002,1.1209823536257817,2.121006788175782,2.121006788175782,2.0000244345500002,True
7.32493944622424,0.3029948915088869,0.1812955778886911,0.12599723574857835,-0.39602090599196005,9,0.4813136667496988,0.8619313858472633,0.5584129719056187,-0.9995917435130158,1.1814682535926477,2.1810599971056637,2.1810599971056637,1.9995917435130157,True
4.516973847674182,0.9310462009246003,0.33398128454710574,-0.1926622148409452,0.2812921620637818,9,2.4054191411949,0.6627630478598531,3.629380287513474,-2.3056737741452182,2.903322575110497,5.208996349255715,5.208996349255715,3.3056737741452182,True
2.5183483217394227,0.47177718053301165,0.18729884104600436,-0.1033739803832602,-0.16519454803313505,9,1.3862892096633959,1.6281711838734678,0.8514394698752575,-1.009619169704025,1.1537572442478763,2.1633764139519016,2.1633764139519016,2.009619169704025,True
5.243717975045437,0.3310461157883503,-0.32215879387119595,0.30616332708134086,0.4465651062300916,9,1.311581517481149,0.012602945672252619,104.06944150912301,0.8189739168101575,9.80913279845937,8.990158881649212,8.990158881649212,0.18102608318984248,True
3.6334744240963612,0.8622060736545317,0.12232692161816466,0.002765362548131589,-0.3513351411314105,9,1.015461772325028,1.642194109632821,0.6183567255347638,-1.0101572160129777,1.1313274083032863,2.1414846243162637,2.1414846243162637,2.0101572160129777,True
7.643951140121468,0.7981970318074251,0.286118188288628,0.16407185188989448,0.07883216336116783,9,2.342389022006115,0.5444176290858432,4.302559095926648,-1.200596009977059,1.752145352908748,2.9527413628858072,2.9527413628858072,2.200596009977059,True
4.444450467650993,0.9632863379004974,-0.17001338199193386,0.1009462414178589,0.16278843542854915,9,1.3691697639504816,1.8235279740045869,0.7508356238394825,-0.9999578825928589,1.0320601088904713,2.0320179914833303,2.0320179914833303,1.999957882592859,True
2.7459071177638217,0.864157608944638,-0.2726888076422614,0.21698377910936306,0.14009361033601342,9,1.3905328189136883,2.066097616864864,0.6730237756257177,-1.0001114226794177,1.0793209944217186,2.0794324171011365,2.0794324171011365,2.0001114226794177,True
2.6285873515326172,0.9876959927067758,0.1695512883378526,-0.3120066898974925,0.08214520696323191,9,1.8340758040106424,1.4388133976121036,1.2747141547712357,-1.1801243487422661,1.5230869160619849,2.703211264804251,2.703211264804251,2.1801243487422663,True
3.83099931710439,1.105482093158079,-0.10471651046393018,0.07692807094156645,-0.08504240676372066,9,1.5694923076343625,1.9777381846645747,0.7935794129901724,-1.0002196976033244,1.0561662363097712,2.056385933913096,2.056385933913096,2.0002196976033244,True
5.905323342739829,0.43990523792140185,0.11510752407506453,-0.07858637952442621,0.3482164138951489,9,0.822635600932899,0.8979808899878866,0.9160947745157427,-1.0439167430601122,1.2506768685453893,2.2945936116055012,2.2945936116055012,2.0439167430601124,True
2.8231431807584677,0.7374014418340813,0.19608144477873646,-0.33569531690938287,0.07758197212007911,9,1.8625608831538063,1.3270825851704895,1.4035003578277867,-1.1808628202245854,1.565657097880777,2.7465199181053626,2.7465199181053626,2.1808628202245854,True
7.765427305029391,0.31461909122099446,0.29537805882654367,0.26549854004041207,-0.25700620062244295,9,1.1960279173813253,0.062448447502652715,19.152244214406128,-0.17437451658819492,4.118720346841154,4.293094863429348,4.293094863429348,1.174374516588195,True
5.1198549524222585,0.7044529050542089,0.2516383486957463,0.22170977567127514,0.1074456765745404,9,1.9906261549704387,0.8066185442769219,2.467865596562621,-1.0041663398951115,1.4848089348715916,2.488975274766703,2.488975274766703,2.0041663398951117,True
2.003758361003495,1.189445592937016,0.020199749185090377,0.34025837792018465,-0.39334062215977417,9,2.2012585650223664,2.5562476932926925,0.8611288220614232,-0.999918581072705,1.129292786430646,2.129211367503351,2.129211367503351,1.9999185810727051,True
3.8954152095071994,0.42498530764782694,-0.2584505734504078,-0.09636803102906366,0.04372639546825363,9,1.2794776466776114,1.934948769897216,0.6612462648019238,-1.000059734884202,1.1141491048497,2.114208839733902,2.114208839733902,2.0000597348842017,True
7.626248237084788,1.0853554620090855,-0.016290146748791035,0.1367755795353327,0.495466545760466,9,2.7404092647334664,0.9259838598997876,2.9594568365695277,-1.051169934596692,1.3184942031412437,2.369664137737936,2.369664137737936,2.0511699345966923,True
2.60443982689665,0.6505408210955775,-0.008610284361318776,0.19590893045608015,-0.3869385597979771,9,0.4405706020462863,2.161592682336024,0.2038175858229514,-0.999977730356575,1.0389492610098627,2.038926991366438,2.038926991366438,1.9999777303565751,True
4.098529468976499,0.33819781085944656,-0.2827417020015857,0.1546601917600482,0.44699955971856087,9,0.8479198782941866,1.0461878943105705,0.8104852702897686,-1.0017310836345248,1.3235580964216276,2.3252891800561524,2.3252891800561524,2.0017310836345246,True
7.725247117787122,0.26516168181068256,0.25804218927436084,-0.0593244343257428,0.4266986383943274,9,0.87560798864557,0.5201328119192351,1.6834315555188089,-1.1393620010998569,1.4695431176126459,2.608905118712503,2.608905118712503,2.139362001099857,True
5.237413861594619,1.101546422715271,-0.20547052646685615,-0.07815963128325198,0.30833756700504766,9,1.4003413470902815,1.6698190272057754,0.8386186312857928,-1.007701374930391,1.0968231396091974,2.1045245145395883,2.1045245145395883,2.0077013749303907,True
2.5192191397768102,0.40907894466542893,0.09861630745714478,-0.19484092169004655,-0.16343415156294216,9,2.0040742419890316,1.285428137852294,1.5590713965056486,-1.0034781148632113,1.1314073093289143,2.1348854241921256,2.1348854241921256,2.0034781148632113,True
5.068016888768144,0.2498118134152802,0.2928406489922776,-0.110236176724447,-0.2672954761133859,9,1.4178287041421234,0.837453820144999,1.69302314949932,-1.0705908460358111,1.3380477473492651,2.408638593385076,2.408638593385076,2.0705908460358113,True
6.251269406149248,0.20397943338079405,0.27034230402308446,0.03083400005783138,0.223018468829993,9,0.7853792399348037,0.6342639341818989,1.238253032545229,-1.0078819078637284,1.2601487656764208,2.2680306735401494,2.2680306735401494,2.0078819078637284,True
5.988804739356954,1.06206979665501,-0.24487729628372368,0.33362439199164085,0.3011837457439085,9,3.0858932291527,1.16238595746734,2.6547922480725643,-0.9833446155493948,1.2602916001338358,2.243636215683231,2.243636215683231,1.9833446155493948,True
5.451058552844422,0.7659383286360166,0.003047163056213442,-0.06386171430250315,0.48702648084263744,9,1.1592813632793038,1.1144503982446545,1.0402269720619792,-1.0433928870567755,1.2242854147052926,2.267678301762068,2.267678301762068,2.0433928870567755,True
7.5918247642106795,1.166036562320573,-0.31146382718951465,0.29903862401392234,0.26739000602025287,9,3.262327588438169,1.4018186608441232,2.3272108437147754,-0.9998245408880151,1.2507662703939517,2.250590811281967,2.250590811281967,1.999824540888015,True
6.2493851163632,1.089122231959992,-0.00014590898288108223,0.23294862231659064,-0.09848642412298303,9,2.7164823575413823,1.2497302052883654,2.173655038540559,-0.999350041477669,1.2346262020596979,2.233976243537367,2.233976243537367,1.999350041477669,True
3.606060103107988,0.9550007890110801,-0.34228622672111936,0.11875034097196896,-0.10056721144145286,9,1.1733393725546568,2.5522535761094343,0.45972680126214344,-1.000384740818713,1.0893973575180964,2.0897820983368094,2.0897820983368094,2.000384740818713,True
7.290539685903791,0.7893254378850667,-0.22250353639041273,0.10491334197803975,-0.23428556711574045,9,1.2401404847857223,1.6356641466917756,0.7581877289992431,-1.0000432849467245,1.0461277487125538,2.046171033659278,2.046171033659278,2.0000432849467247,True
2.6559273285842773,1.1270522135803969,-0.13492231000915894,-0.17232731214212682,-0.38114634545796733,9,0.4796839559952297,2.731497681543054,0.17561206778116348,-0.999910116307691,1.073745906957525,2.073656023265216,2.073656023265216,1.9999101163076909,True
2.953270960755198,0.5507401536857036,0.2749238217380595,0.22959439666983839,0.12527099763216387,9,1.5965143105953228,1.0744941987588739,1.4858286926438724,-0.9966360271106397,1.40902878436416,2.4056648114747996,2.4056648114747996,1.9966360271106396,True
5.319206701919606,1.0178603595877356,-0.16765560049476613,0.27866884197596165,0.2246113662370105,9,2.5778214781869475,1.4936199601639952,1.7258884769482525,-0.9985253834944339,1.1646875461582045,2.163212929652638,2.163212929652638,1.9985253834944339,True
3.4675816086531084,0.05367881614477788,0.08263404083809306,0.2904806619497109,0.4184270999998563,9,0.6212306929676407,0.05633026283351261,11.028364891598754,1.2302318854767524,2.9747887927568737,1.7445569072801212,1.7445569072801212,0.23023188547675244,True
2.587549867399506,0.47092919415574985,-0.23192982319122363,0.2519113376163402,-0.20025282440634495,9,1.2940731920830328,1.4633331090016877,0.8843326130752779,-1.001481294233437,1.3172624739590755,2.3187437681925127,2.3187437681925127,2.001481294233437,True
7.588366271940217,0.8769706938121631,-0.22229653933761753,-0.042771995174476884,0.20504412916800374,9,1.102488735883409,1.4001073600296494,0.7874315694334055,-1.0040738957169446,1.077095422340818,2.0811693180577624,2.0811693180577624,2.0040738957169446,True
2.8974642080380564,0.6318501620908591,0.07284472610952242,-0.2839393248201298,0.2598399801144724,9,1.7317868541470238,1.4956652742240764,1.157870603798997,-1.0515539501145665,1.3656790577401006,2.417233007854667,2.417233007854667,2.0515539501145668,True
4.289526432728264,0.6149086800788496,-0.2067799622366808,-0.17792953745415013,-0.297508217884919,9,1.1396175412756397,2.3004697488976946,0.49538471080600166,-1.0000007683883798,1.08333369178102,2.0833344601693997,2.0833344601693997,2.0000007683883796,True
5.345878132118085,0.1343472670769275,-0.0380357587729247,-0.16339998750208323,0.009254690276927713,9,1.68228772122739,0.06340112765661286,26.53403469949046,-0.6659227382370854,1.5437978057284283,2.2097205439655134,2.2097205439655134,1.6659227382370854,True
5.956649060529782,0.06187356354986321,-0.22757395764206095,0.3265530485570839,0.45669455625815214,9,0.9682395577600253,0.33374562538609226,2.9011303343374806,3.150064091428555,4.604529858843128,1.4544657674145727,1.4544657674145727,2.150064091428555,True
6.660280868392508,1.1864407980289664,-0.2345831701505961,-0.2725260225601579,-0.031366366243507304,9,1.1844360803509295,1.6662975818618577,0.7108190597189042,-1.040513056247633,1.2205145834217441,2.2610276396693774,2.2610276396693774,2.040513056247633,True
7.929951000793849,0.7307615128528058,-0.20838461080076448,0.13868932769112363,0.32068216812830364,9,1.4697584142247733,1.2906069700141316,1.1388117749036177,-1.0003011403263942,1.0661522219221737,2.066453362248568,2.066453362248568,2.0003011403263944,True
2.527698039123866,0.6373291428449247,-0.311043090549976,0.3297576125974059,0.33791777060406125,9,1.5115249548066594,1.0377916165730396,1.4564821402180583,-1.019816163658428,1.4552364312171793,2.4750525948756072,2.4750525948756072,2.0198161636584278,True
2.1561370803756583,0.9233613998586128,0.1406350063239668,-0.30289170478849065,-0.4010925873023359,9,1.6238048954815039,2.1453176496038875,0.7569065102230078,-1.0215978621025394,1.1892345079441733,2.2108323700467127,2.2108323700467127,2.0215978621025394,True
2.068039352466794,0.4628875841391048,0.1318487224094705,0.16478589361013019,0.1779540261419864,9,0.7564379462056545,1.6103466810864921,0.4697360854591199,-1.0008797606079425,1.1482586745792918,2.1491384351872345,2.1491384351872345,2.0008797606079423,True
3.4672167309534863,0.29770111203909166,0.11576079035843256,0.1517062233178238,-0.340130521992161,9,0.35397058310256724,1.4894690302367373,0.23764883721436417,-0.9999427833574306,1.0423299105752428,2.0422726939326736,2.0422726939326736,1.9999427833574306,True
3.9310837267891703,0.5098340575659657,0.17965368503203283,0.2398126039503078,-0.24651845241137138,9,0.9115870523751008,1.223212043173565,0.7452404163795118,-0.9992907336454523,1.2309481584544082,2.2302388920998606,2.2302388920998606,1.9992907336454522,True
5.186183620327589,0.06345322987974186,0.20148698379084673,0.06304244547464233,-0.494983219727826,9,0.9441519869690139,0.7589740521263051,1.2439845398191456,-0.9999895160838657,1.0333502534563612,2.033339769540227,2.033339769540227,1.9999895160838657,True
5.270606211612009,0.38395728155981157,0.1688981551361951,-0.09622893637676033,0.06115683971328534,9,0.936933050235661,0.9680002995173612,0.9679057441436845,-1.040870526617241,1.2442300139988307,2.285100540616072,2.285100540616072,2.0408705266172413,True
7.004971272988298,0.946072597076985,-0.14768905227407886,0.056127167872173644,0.44695242210022346,9,1.7695297430567694,1.2370695517907064,1.430420577804462,-1.0057910692756178,1.1079734900060847,2.1137645592817025,2.1137645592817025,2.0057910692756176,True
6.504434277651192,0.987127703751144,-0.1668488492441243,0.15545660331087507,0.0837189987664726,9,1.9410517190206025,1.4867012021654544,1.3056098402243597,-0.9996708013601451,1.091321905610622,2.0909927069707672,2.0909927069707672,1.999670801360145,True
6.884739965858879,0.9032447082637339,0.16193143481084793,0.19276884098015823,0.12212199048044459,9,2.5015799482126297,0.7864606995190468,3.180807317825861,-1.0420648434918491,1.4359757306289795,2.4780405741208287,2.4780405741208287,2.042064843491849,True
7.393903836877748,0.23176162920366056,-0.10073230038883846,-0.29651220286986035,-0.31107023902045583,9,1.9475738426622564,0.09456572957340263,20.594922192722418,1.8112677888301885,13.587544944762529,11.776277155932341,11.776277155932341,0.8112677888301885,True
6.090453359477915,0.19063132672965355,0.28435872552365704,-0.06503489769116833,0.3304817515803583,9,1.1015590132528459,0.6000172345479395,1.8358789545149885,-1.0775419182014943,1.4214680684480578,2.4990099866495523,2.4990099866495523,2.0775419182014945,True
5.460534652083773,0.6595157073640536,0.23385231217465463,0.16890425418064592,-0.2183411846309513,9,1.5647205752007052,0.9223120810062381,1.696519656875363,-1.006543314873401,1.325839568007163,2.332382882880564,2.332382882880564,2.006543314873401,True
2.7955798396863885,0.8445183738598202,-0.21681663446920926,-0.17561165143866614,-0.22693408859205222,9,0.8913997812664238,2.7431184876158943,0.3249585409054493,-1.000005386440991,1.0640446376488484,2.0640500240898394,2.0640500240898394,2.000005386440991,True
5.670773271540756,1.1899731288857005,0.2598584958580644,0.09052395159324184,0.024800323498342602,9,3.0833701969284353,0.7581210445083917,4.067121232504324,-1.469161059190169,1.9369923935877587,3.406153452777928,3.406153452777928,2.469161059190169,True
5.41589549038363,0.5689052555858951,-0.13111400272239326,-0.28636150569607166,0.07789711042824043,9,1.5803941370304493,1.5904334008125658,0.9936877182175705,-1.0085571364100803,1.1896314518593034,2.1981885882693835,2.1981885882693835,2.0085571364100803,True
4.0487977396529375,0.5447864152673948,0.0056602061675979365,-0.2855858093262236,-0.17214211475170849,9,1.88115683491318,1.5552036356470267,1.2095887585361411,-1.01193039442098,1.1842338280703133,2.1961642224912934,2.1961642224912934,2.01193039442098,True
4.848377037797778,0.972357132501681,0.12178012540925975,-0.34128510009578644,0.04714628756714245,9,1.8694545759905354,1.1335899501706597,1.6491453331154646,-1.3814823108170906,1.749000579910419,3.1304828907275093,3.1304828907275093,2.3814823108170904,True
6.008329868180694,0.5500807684026612,0.05946038012209681,-0.23171981205537426,0.3295747753168211,9,1.197210210372265,0.9960501731504688,1.201957735307183,-1.1279551262008898,1.4173977504839606,2.5453528766848503,2.5453528766848503,2.12795512620089,True
6.045370570720459,1.0973994631467472,-0.223253283904823,0.18437128515969126,0.1595597135274217,9,2.290798544782258,1.647959210325094,1.3900820666127718,-1.0000986602013089,1.0957204675274013,2.09581912772871,2.09581912772871,2.000098660201309,True
4.383939079519445,0.47651240683014007,0.01189098860116028,0.25269988520052244,0.09692260152925103,9,1.0656572242024043,0.8403924031181564,1.2680471887280689,-0.978569592126515,1.196727883294237,2.175297475420752,2.175297475420752,1.978569592126515,True
6.1128597816822206,0.187770163849435,0.022888676689138077,-0.18887064001439519,-0.28423360133810016,9,1.8347348502617948,0.006602856989761152,277.8698452967953,-0.9920829725691569,1.2486336546509944,2.2407166272201513,2.2407166272201513,1.992082972569157,True
4.304565010739459,0.09004200914774921,0.02944092718202368,0.03634668249932527,0.33532067415726163,9,0.9061653593559326,0.7583321498824469,1.1949451958438029,-1.0012395328854402,1.137627727329242,2.138867260214682,2.138867260214682,2.00123953288544,True
5.372914282915387,0.9637216126616734,0.1676669568902336,0.020357065791096085,0.029279451299202952,9,2.0084350932134876,0.9696182075335469,2.0713669335092386,-1.1451008289889746,1.443464086426643,2.588564915415618,2.588564915415618,2.1451008289889746,True
7.175426826550353,0.6712576469816165,-0.02944025475438594,-0.21916999389541283,-0.33955921709239967,9,0.9619175905660593,1.2821431849204439,0.7502419401197735,-1.0440460002502663,1.2235227152881225,2.267568715538389,2.267568715538389,2.0440460002502663,True
4.726163958589326,0.7651095038083562,-0.27640879520975215,-0.31771730139331317,-0.16491321774076184,9,1.4837679308418723,2.259126430100081,0.6567883545925052,-0.9993724726631393,1.142269770962931,2.1416422436260705,2.1416422436260705,1.9993724726631394,True
2.6532656293631804,0.407594856940117,-0.24754992786888336,0.22187890038124347,0.26347239014021007,9,0.953737421329713,1.2063469544246295,0.7905996014095303,-1.0041808174445952,1.322112388428509,2.326293205873104,2.326293205873104,2.0041808174445954,True
2.4258904385654536,0.9612006608895909,-0.08046594164432902,-0.15482320127085242,-0.3250480838535721,9,0.6557815861480591,2.5961967137209405,0.25259318089505434,-1.000090672774471,1.0561255619722525,2.0562162347467234,2.0562162347467234,2.000090672774471,True
6.649311826340552,0.5358425377388752,0.10104922375685538,-0.021073683569890034,-0.4650833396956753,9,0.5902759199234222,1.1378467639188126,0.5187657412589342,-1.0120121522340362,1.1193758426811298,2.131387994915166,2.131387994915166,2.0120121522340364,True
4.760673884273777,0.37627728223134127,0.048689015622798426,0.13376763051871904,-0.1625527327554953,9,0.19535044836540716,1.3312107960311315,0.14674644237248113,-0.9998935724361628,1.0406579869591654,2.040551559395328,2.040551559395328,1.9998935724361628,True
2.1023883394098353,0.776986765361209,0.03971612528796231,0.19937567162871794,-0.04364650842565865,9,0.8699868155214299,2.059100495448351,0.4225081861932134,-0.9999650708000338,1.0496157600730192,2.0495808308730528,2.0495808308730528,1.9999650708000338,True
3.2238319615143025,0.6251410634361961,-0.09402416023530896,-0.26881436144248355,-0.01825466378397589,9,1.704667454193196,2.0600164286851554,0.8275018735075004,-1.0013732749797517,1.1264098790464558,2.1277831540262078,2.1277831540262078,2.001373274979752,True
4.745337224034852,0.07419103970381274,-0.3018319694584157,-0.09058975889465709,-0.12846284506951966,9,2.2634649725493237,0.02812485088607338,80.47918126634856,1.8012278106258472,4.571002816180949,2.7697750055551014,2.7697750055551014,0.8012278106258472,True
6.047143153423815,0.19583180343888718,-0.12933616286529906,-0.09861779899129308,-0.4924772004840331,9,1.509963691690579,0.5832840266855646,2.5887279997546835,-1.0000012205906834,1.178939859300235,2.1789410798909183,2.1789410798909183,2.0000012205906836,True
2.7003448932731158,0.5846360008744734,0.34377097591151395,0.013750188969311294,-0.4537765251393844,9,1.232361405354434,1.4099079546206372,0.8740722408974737,-1.0328714755024682,1.287850342945598,2.3207218184480665,2.3207218184480665,2.032871475502468,True
3.490048856687714,0.645057026145311,0.060795534285438824,0.22117208875859762,0.4485037746650232,9,1.3589387505256434,1.2949824688609601,1.0493877586782607,-0.9994387734014011,1.2098403373361504,2.2092791107375516,2.2092791107375516,1.9994387734014012,True
3.5409019206297003,0.8012405909250712,-0.05819703940887755,0.12446327973843468,-0.3225501473342618,9,0.7305891780760003,2.1387843910194517,0.34159084999108535,-1.00000226522763,1.0292175342183174,2.029219799445947,2.029219799445947,2.00000226522763,True
5.948779455702191,1.0509443774637535,0.32116874918891836,-0.041293456240456605,-0.19355070060950896,9,2.4847087559476346,0.6851357273061561,3.6265934718031874,-1.8808748452842012,2.375809888369929,4.25668473365413,4.25668473365413,2.8808748452842012,True
2.6203086137535756,0.7906982326133061,-0.07603680111497324,-0.024778478899582623,0.44402129122423595,9,0.7079844320030928,1.80878520215336,0.3914143211478272,-1.0018896851581773,1.0985130317058733,2.1004027168640507,2.1004027168640507,2.0018896851581776,True
3.7498802872460644,0.36540203718152575,0.031374782643325105,-0.16278300342969376,0.3923494568907262,9,1.4579451135607637,1.2157142025109917,1.1992498817151738,-1.015254323033177,1.275012305487519,2.290266628520696,2.290266628520696,2.0152543230331768,True
7.17763467480988,0.10725931662942303,-0.31778453450707617,-0.28014552757921607,0.49927991246312375,9,1.517705269260283,0.26888495207816376,5.644441079838088,3.590437536152174,5.256426857620555,1.6659893214683814,1.6659893214683814,2.590437536152174,True
4.047603625112945,0.7928500226101227,-0.24738499274380193,-0.2347738468803483,-0.4873616866763997,9,1.174033655562995,2.6664010379933125,0.4403064800959396,-1.0000896850910543,1.111415214067422,2.1115048991584766,2.1115048991584766,2.000089685091054,True
6.380193444639183,0.6013695264805953,-0.16894817286035604,0.01643395890030197,0.16779646051857,9,0.3815589631292964,1.4718514930133948,0.2592374060429913,-1.0000059000978172,1.0089109483668193,2.0089168484646365,2.0089168484646365,2.0000059000978174,True
2.996074368257961,0.15634342149503005,0.09831495232128346,0.11565314500646817,0.27291946962605274,9,0.7894577168003183,1.230640943859792,0.6415012605742312,-1.005968818007798,1.1703138492633698,2.1762826672711677,2.1762826672711677,2.0059688180077977,True
3.510852582777523,0.6058136757171673,0.0020711321186054343,-0.2724951620456036,-0.167922114443258,9,1.7692012487294237,1.84659122698946,0.9580903574494899,-1.0080175562838793,1.1533546819594975,2.161372238243377,2.161372238243377,2.008017556283879,True
2.8294461530468045,0.7181672506936806,-0.046068293637307134,0.34527009800141084,-0.1100346516304106,9,1.602099370910592,1.27056963186413,1.2609300039385127,-0.9910222430885206,1.1700835011673125,2.161105744255833,2.161105744255833,1.9910222430885205,True
5.2296311422145605,0.4707006022802337,-0.02686970148897616,0.30596837758240825,0.3586791732694582,9,1.5822454413618425,0.30055696775909185,5.264377842107038,-0.6197844450867647,1.4129992405081373,2.032783685594902,2.032783685594902,1.6197844450867647,True
7.5588521896458705,0.958401977157672,0.29060415402638407,0.004733786081231206,-0.4684456134360764,9,2.238099489622684,0.6643143622204836,3.3690367345691477,-1.611970669873257,2.060814827517964,3.672785497391221,3.672785497391221,2.6119706698732568,True
7.522415491078727,0.69632627482183,0.1688711027606563,0.12114253125061486,0.3682032710962665,9,1.7944926169484938,0.6687928979592611,2.6831813292637623,-1.056024086600886,1.4012345828034019,2.457258669404288,2.457258669404288,2.0560240866008863,True
2.7397530905537852,0.6329777499156529,0.14827690911243263,0.09402928156606927,-0.24916187607697127,9,0.6535784233968005,1.7463418698817608,0.3742557139977708,-1.0004503259209427,1.080442685084745,2.0808930110056876,2.0808930110056876,2.0004503259209425,True
6.581979046688632,0.7867678562406445,-0.07581441515823428,0.029189629076052492,-0.38357226506633835,9,0.945560680958299,1.5023117749917922,0.6294037607230131,-1.00082101764457,1.0597923096204889,2.0606133272650586,2.0606133272650586,2.00082101764457,True
6.743266931318124,0.32811245739756795,0.007932595249782182,0.3084345227514206,0.16893236072122841,9,1.312449829590272,0.1339843961705396,9.795542369872267,1.248720201369591,1.9393394054363406,0.6906192040667496,0.6906192040667496,0.24872020136959105,True
7.651987177153833,0.5824993768409543,0.10691454145974749,-0.1414944372587878,-0.2760384683873073,9,0.9700165118388265,0.9262343753528864,1.0472689609141956,-1.1158353241453773,1.3436874754809176,2.4595227996262947,2.4595227996262947,2.1158353241453773,True
5.792874362681134,0.5348119319427068,-0.09454532545933286,0.009925224827830204,0.24209256416010638,9,0.27989623506163297,1.3672048300937352,0.2047215083656802,-1.0001386223890882,1.0179112763208302,2.0180498987099185,2.0180498987099185,2.0001386223890885,True
6.793403904554706,1.1779414690982626,0.18908072418667154,-0.26444481249720597,0.14382377471259844,9,2.3782854466422085,0.7427909863719867,3.201823245403752,-2.3889958276790595,2.8774621240092553,5.266457951688315,5.266457951688315,3.3889958276790595,True
4.71390144613616,0.2099990296219444,0.23286563888347844,-0.18170055874699903,0.29501902726613227,9,1.7853193181061613,0.16979082524967226,10.514816189160417,-1.0996546495623947,1.5096077668471393,2.6092624164095337,2.6092624164095337,2.0996546495623947,True
3.7323395435460074,0.541124031234854,-0.2681419974812836,-0.09711687893676868,-0.09543082863896213,9,1.1213730025714472,2.271048970768793,0.49376874607500926,-1.000124660846017,1.0862317761668985,2.0863564370129155,2.0863564370129155,2.000124660846017,True
7.311765762452311,0.8707509425198876,-0.01723333344080552,-0.0025040886984565858,-0.25692998624641694,9,1.4020904140138528,1.2026501474504405,1.1658339850422967,-1.0224099739138939,1.1600507730408502,2.182460746954744,2.182460746954744,2.022409973913894,True
4.349367287803551,1.1639712041671637,0.2971644250297455,0.2495602178195354,0.386555855794519,9,3.5335894585525267,0.714368109277117,4.946454653649411,-1.2354068465080816,1.8658116031492629,3.1012184496573445,3.1012184496573445,2.2354068465080816,True
2.1501894434018145,0.9619455037973613,0.2040068177589046,-0.21378163618978943,-0.25393679595996055,9,1.4811697665642112,1.7926448889265911,0.8262482858225834,-1.0540479413907333,1.2715579937825534,2.3256059351732867,2.3256059351732867,2.054047941390733,True
5.740781179055283,1.1262504680201153,-0.04064118628463287,-0.2752929888159252,0.14381917979258807,9,1.5693233115351106,1.3037028930686418,1.2037430613053672,-1.1827658886086319,1.4497621079719791,2.632527996580611,2.632527996580611,2.182765888608632,True
2.3928478015433763,0.8770448546518366,-0.20971806042653107,-0.05817719051109088,-0.3943103220138984,9,0.7593584231519683,3.061123977332747,0.2480652298877555,-1.000037048190353,1.0645638417277246,2.0646008899180774,2.0646008899180774,2.000037048190353,True
7.12151149271308,0.19390077107684162,0.0798478572138886,-0.08535727641074414,0.037706997838468315,9,1.0568117628912501,0.6512609679965847,1.6227162609517727,-1.0046917568899805,1.1199860097703513,2.124677766660332,2.124677766660332,2.0046917568899802,True
2.834962077546372,0.5566986479479961,0.33710367728296364,-0.19947161879179318,-0.21882501128840603,9,1.68376416626813,1.1782077481799247,1.4290893680415702,-1.1708464218836936,1.5400802124209767,2.7109266343046703,2.7109266343046703,2.1708464218836934,True
6.709463160977205,0.5983318563981449,0.34752366798522716,-0.023594043173577883,0.03939017066740247,9,1.6749484436886013,0.5213672338754456,3.2126078028308656,-1.5706198356651948,2.0662165457639783,3.6368363814291733,3.6368363814291733,2.5706198356651946,True
7.783214435677873,0.5095107879206328,0.09826197492695704,-0.21760696523993614,-0.08478571742605168,9,1.1237164273090294,0.8712057475950873,1.289840465826796,-1.1794304717830781,1.4655912155905335,2.6450216873736117,2.6450216873736117,2.1794304717830784,True
3.873694117283199,0.6529782654034717,-0.2840538064855235,-0.27676217295754124,0.3769281218584989,9,1.462802986910777,2.0912723589585904,0.6994799030573053,-0.9996842911394778,1.1447779379794172,2.144462229118895,2.144462229118895,1.9996842911394777,True
7.334659823100479,0.3850356137336044,-0.2693683289002742,0.17989594943361797,0.28648174064250376,9,0.9272722186234809,0.6128702363109365,1.5129992675203665,-1.0076393711939693,1.356342480298836,2.363981851492805,2.363981851492805,2.007639371193969,True
5.540931117989759,0.684845110104687,0.04953180144318714,-0.24737477158775883,-0.42766266951581733,9,1.2225107027040438,1.4295433109246687,0.8551757007720806,-1.0460373460638361,1.2344200198697877,2.280457365933624,2.280457365933624,2.0460373460638364,True
3.6741209696960446,0.23513856290768126,-0.08282740056947346,0.32517366648955404,-0.03697847140092558,9,0.9243181167942183,0.258664083030663,3.5734304738576563,-1.1189551566053884,2.7484211539212824,3.8673763105266707,3.8673763105266707,2.1189551566053884,True
6.914733158754109,0.19617353211358213,0.060473611747315914,0.14514098924972452,-0.12034715416488306,9,0.2201860074552061,0.5879865203999296,0.37447458371229775,-0.9893973558825754,1.158236969600748,2.1476343254833234,2.1476343254833234,1.9893973558825753,True
6.718794184367417,0.9257401527945655,-0.030840496112113536,-0.11125543083687933,-0.4749926895544663,9,1.0197588995796265,1.4236952662934317,0.7162761046712987,-1.0292231253292696,1.1750821076508609,2.2043052329801305,2.2043052329801305,2.0292231253292696,True
3.653303854015615,0.11778531429764588,0.08781013559770245,0.31579039152910937,0.01193230167733661,9,0.5424329056660367,0.08360952257254528,6.487692896408842,-0.09720056279983792,2.02135184145626,2.1185524042560977,2.1185524042560977,1.097200562799838,True
2.7988520339362744,0.8125747630655458,0.31062404630184726,-0.047693919236371896,-0.15573644468113046,9,1.7874847918541459,1.2082663211023932,1.479379802809771,-1.1259880079632825,1.4590613298152195,2.5850493377785018,2.5850493377785018,2.1259880079632825,True
2.014770216497201,0.702584911426011,0.23926438422639051,0.09672627552230068,-0.2899796199463287,9,1.0212438231659626,1.780482067590814,0.573577146187053,-1.0032885719957212,1.1497920189911286,2.15308059098685,2.15308059098685,2.0032885719957214,True
3.8471428279274202,1.0034323318935876,-0.1748778990386442,0.2047383447154414,-0.4185971700710497,9,1.6350924789034538,2.3786368486708973,0.6874073609921114,-0.999860202996936,1.087893708279416,2.087753911276352,2.087753911276352,1.9998602029969361,True
5.637622353488904,1.121253220022857,0.07688992059073357,0.3406003367921464,0.2873947571938885,9,3.3656792683616934,1.019881402083317,3.300069264413101,-0.9995446024402818,1.5189287851041495,2.5184733875444314,2.5184733875444314,1.9995446024402819,True
3.5207000424172055,0.8898591381012037,0.3339368438113375,-0.03875713804466885,-0.1950645133396155,9,2.038264042560393,1.0115734232618088,2.0149442400216784,-1.2595918045328136,1.6575027223198213,2.917094526852635,2.917094526852635,2.2595918045328136,True
3.709158136563064,1.0752222975076626,-0.03538987904324015,0.07527862046398737,0.28703071727002316,9,1.8804527543586582,1.5710499995562914,1.196940106864677,-1.005159646335463,1.1128361793388089,2.1179958256742717,2.1179958256742717,2.0051596463354633,True
2.779597591634451,1.1664648672134832,0.04310984059004713,-0.1734161534916565,-0.3931017940586917,9,1.0410892210467093,2.1799516761319926,0.4775744492162188,-1.0113996318159035,1.1373976851673853,2.1487973169832886,2.1487973169832886,2.0113996318159035,True
4.374973000784907,1.103791135092253,0.27826143941241654,0.030525587974649104,-0.178886799156308,9,2.48442743727869,0.9741670226085709,2.5503095255945194,-1.2770517020352783,1.6668776985568736,2.943929400592152,2.943929400592152,2.277051702035278,True
5.334787723062544,0.8406138495557975,0.34785513547936164,0.06408713203459243,0.49969989505350887,9,2.562354602925991,0.5204590687773691,4.923258631932995,-1.6888591528552865,2.3229919835724924,4.011851136427779,4.011851136427779,2.6888591528552865,True
2.5161355057471013,0.12750086588061654,-0.2954992143189389,-0.2503021877178472,0.204589463146982,9,2.3411108508888856,0.335764247043424,6.97248403158932,1.6528315762633516,3.348246398369842,1.6954148221064904,1.6954148221064904,0.6528315762633516,True
7.928303947622758,0.06488459233639482,-0.22404496711769176,0.3182409881010059,0.4763289022034908,9,0.7527382394519239,0.447711035399474,1.6813037426702846,2.2829699544254405,3.3969731825887672,1.1140032281633268,1.1140032281633268,1.2829699544254405,True
7.080702149888852,0.1438794235597795,0.24871519895162486,0.24115124538543686,-0.4500532046517285,9,0.5774818951671102,0.020649726600940776,27.965595202640642,0.2511481745240042,2.0200696553577524,1.7689214808337481,1.7689214808337481,0.7488518254759958,True
4.482059891173348,0.9748250175838908,0.3113367138483789,0.16443137785970297,-0.45114013142950593,9,2.390678050601162,1.0270911357296193,2.3276201764733226,-1.087289109152319,1.4798626314940988,2.567151740646418,2.567151740646418,2.087289109152319,True
3.62250677808732,0.3045296135395316,-0.22842297835978576,0.0724457381615668,0.2601927539546959,9,0.9629991784766831,1.5733255530158796,0.6120787758329655,-1.0000145064749189,1.1742652582213458,2.174279764696265,2.174279764696265,2.000014506474919,True
6.735212224876986,0.4915610890354276,0.31408808982830005,-0.07076689665836011,0.183256918991761,9,1.4149921113451245,0.541050142440003,2.6152698250181734,-1.4598000011676007,1.9128216443511434,3.372621645518744,3.372621645518744,2.4598000011676007,True
3.2042305146503,0.7301876852463077,0.0871553864801411,-0.1423383983192168,-0.2885239778480083,9,0.904459991295651,1.8084045097781634,0.5001425214354287,-1.0096921636018306,1.1181128295523088,2.1278049931541396,2.1278049931541396,2.0096921636018306,True
4.8702747709289165,1.0152233765482954,-0.309139872532601,0.18484542761107092,-0.22921373132388134,9,1.842771937060016,2.20510242221574,0.8356854169197069,-0.9996821516290919,1.1014363028832146,2.1011184545123065,2.1011184545123065,1.999682151629092,True
2.619395639601149,0.2035589553726937,-0.23102126652411412,-0.1340620040972448,-0.3760335539837608,9,2.813448471916187,0.41698170765269316,6.747174804750733,-0.9998323579200727,1.4419041974513147,2.4417365553713877,2.4417365553713877,1.9998323579200727,True
4.043794250866968,0.5086025647433843,0.19335814366265358,0.2102768036739271,-0.3880510178241551,9,0.7805888355086796,1.3760492697432547,0.5672680860143351,-0.9995520805798795,1.1902834203089376,2.189835500888817,2.189835500888817,1.9995520805798797,True
4.779057806453314,0.38694233917982274,0.21772361545257435,-0.0967168395451623,0.29412698118133584,9,1.0573551314639826,0.8463146548109814,1.2493640816135172,-1.0852131601334032,1.4092148115485572,2.4944279716819606,2.4944279716819606,2.085213160133403,True
2.220212973220956,0.9613461648989079,0.17000241385081216,0.17004309727256006,-0.43129095639683623,9,1.3246336642911336,2.0695341222232706,0.6400636984270155,-1.0005081565453622,1.1228995110166171,2.1234076675619793,2.1234076675619793,2.0005081565453624,True
2.4529943230846074,0.5927023240315045,0.31827960138702616,-0.18988410824278576,-0.24659646484412423,9,1.653986662599384,1.360704934071979,1.215536609873049,-1.1051197424118364,1.4208557139196185,2.525975456331455,2.525975456331455,2.105119742411836,True
2.935177683019738,0.5403117791775793,0.1369665095669811,-0.23184298507107565,0.44447797067843586,9,1.5766280960250663,1.193716241268634,1.3207729287066488,-1.2139041555845174,1.7360464136929878,2.9499505692775054,2.9499505692775054,2.213904155584517,True
2.1002878516102745,0.9929896865839641,0.05052549855824667,-0.14408238967221118,0.20151101717563913,9,1.2813228421686562,1.8007673882470667,0.7115426737130902,-1.0221826386193047,1.2002803947507645,2.2224630333700692,2.2224630333700692,2.022182638619305,True
3.7243608589693746,0.1145871579374929,0.05442675447402495,-0.18420994027064627,-0.4529520843060487,9,2.1134251529195995,0.08174732859112535,25.853140271901644,3.000502142133473,16.351288325969257,13.350786183835783,13.350786183835783,2.000502142133473,True
4.929487823613936,0.514968933852096,0.2554797864863553,-0.33101618906902563,-0.17795956021879444,9,2.0682474161917406,0.935745822146103,2.2102662573991316,-1.3866851609035433,1.8073547027153813,3.194039863618925,3.194039863618925,2.3866851609035433,True
5.592792027243533,0.24443759602222564,0.26700826819901047,-0.1155305923985607,-0.277612712188102,9,1.3800320741827214,0.7734420217419897,1.78427346250794,-1.0643147139896971,1.3086970323433536,2.3730117463330505,2.3730117463330505,2.064314713989697,True
4.57716331080502,0.6620491215011775,-0.3188878070884942,-0.1510532406510339,0.3548669535686524,9,0.6527885308348456,2.038393700914425,0.3202465404705696,-0.9999646844468961,1.067929089816432,2.067893774263328,2.067893774263328,1.9999646844468961,True
4.11658133198547,1.1841435420641913,-0.1516043600195984,-0.13215146744620107,0.19628561572480419,9,1.328860324750842,1.8271158991031284,0.7272994151072387,-1.012578832526282,1.1206551036299797,2.1332339361562616,2.1332339361562616,2.012578832526282,True
3.198977979912514,0.9997738017372241,0.2426433540145072,0.3088245930289546,0.4004315733424413,9,2.993540017192093,0.9626000856858421,3.1098480684834224,-1.010120899529959,1.5739196856561215,2.584040585186081,2.584040585186081,2.010120899529959,True
7.744740229781881,0.25145993500216274,-0.12426479032801627,-0.20086654464541276,-0.2870191116915314,9,1.5989921706495933,0.3035603421405,5.267460694551184,-1.0000950056204272,1.260654337439239,2.260749343059666,2.260749343059666,2.000095005620427,True
7.916887030761962,0.47092552025753354,0.09077153769931162,-0.2878466938617311,-0.1746819060724032,9,1.6078815758300737,0.8974658506013155,1.7915796737589171,-1.2132107473054323,1.5485068013299104,2.7617175486353425,2.7617175486353425,2.2132107473054323,True
4.487130477355027,1.057270928435914,0.2863632455120976,0.30452307709885706,0.15322827876233136,9,3.2875143574323333,0.7978676591719802,4.120375502930004,-1.0574918446612585,1.7054667363736606,2.762958581034919,2.762958581034919,2.0574918446612585,True
4.778512370397658,0.541334969434552,-0.05187541340467017,0.04544670910755877,-0.23419395199027104,9,0.05343498025689275,1.718533026765445,0.03109336825342598,-1.0000013224313251,1.005797940766983,2.005799263198308,2.005799263198308,2.0000013224313253,True
3.6263859568290546,0.16744761563694624,0.023964097691049957,-0.20221456441022007,-0.17981896512472206,9,2.150488612705892,0.10129994842402126,21.228921101759873,-0.8463431520858172,1.3072409003435943,2.1535840524294114,2.1535840524294114,1.8463431520858173,True
5.130506519439562,0.8627056150478437,-0.2089197550111696,-0.1375643065800388,-0.16705029530120397,9,0.4010208831992319,1.987776850273173,0.2017434115625811,-1.0000919361995175,1.0638269892654872,2.0639189254650048,2.0639189254650048,2.0000919361995173,True
2.2597894154602827,0.495333624713529,0.3157919485078392,-0.06665281737982381,-0.21302419459263655,9,1.3642544237303378,1.3964371527752024,0.9769536860424356,-1.0379713057740367,1.3023700725493546,2.3403413783233913,2.3403413783233913,2.037971305774037,True
3.482943101724543,0.21237353777507145,-0.08667889009003393,0.11814284682778359,-0.10128671114208776,9,1.0458200614305255,1.38127354366155,0.7571418899823511,-1.0001420939610173,1.123548981418971,2.1236910753799885,2.1236910753799885,2.000142093961017,True
2.3743931070992543,0.4168756188508571,-0.27744269074160605,-0.17122475648192112,-0.36334272600390927,9,2.5066257195408173,1.473905174213616,1.7006695976070487,-0.999271438195613,1.2458504491526994,2.2451218873483123,2.2451218873483123,1.999271438195613,True
7.7060253263864675,0.6059044860538714,0.04088852372779378,-0.06070566650382292,0.14676523087396798,9,0.8705263517917134,0.9137914605310016,0.9526531921034292,-1.0534689914488504,1.223437104837182,2.2769060962860324,2.2769060962860324,2.0534689914488506,True
4.216391921150864,0.37590218806911596,-0.07126963156356497,-0.3375153014776092,-0.3534825345047975,9,2.565645824587229,0.23032131954904056,11.13941961434858,-1.0006328779113902,1.273047030352345,2.273679908263735,2.273679908263735,2.00063287791139,True
7.479312389776303,1.0337732352035238,0.21050804382750932,0.30574867748768564,-0.28359615201376676,9,3.259253067749118,0.7593126703245103,4.292372819692576,-1.0302231252935128,1.7093086720016233,2.739531797295136,2.739531797295136,2.030223125293513,True
5.14362722477736,0.07408620948711901,-0.18327086989667946,-0.31296869029438035,-0.11095508333106052,9,1.8265834212363967,0.35739783750814896,5.110784760119734,2.698923309517645,4.443265650181806,1.7443423406641614,1.7443423406641614,1.698923309517645,True
6.325892093266943,1.1518988078222305,-0.330846624597933,0.13522993467777045,-0.25259711044633837,9,2.064917879425826,2.083321719829132,0.9911661073620374,-0.9999688303369193,1.089164936162362,2.0891337664992813,2.0891337664992813,1.9999688303369192,True
3.5142150834664023,0.37760300959959825,-0.0675105257405283,-0.19545401437421972,0.2918424655081544,9,1.682059086196639,1.0928939713522714,1.5390871669969735,-1.0020104950370803,1.2061704390212173,2.208180934058298,2.208180934058298,2.00201049503708,True
2.068740142897335,0.7784052442606799,-0.32264893553854096,-0.13748395926799403,-0.3921687224896273,9,1.6435079249368258,2.8036210025364063,0.5862090216366483,-0.9998144272438604,1.1593619845506355,2.159176411794496,2.159176411794496,1.9998144272438605,True
2.6490403187068163,0.06190787782211249,0.1841082211352718,-0.11914430559512451,-0.1552504333701299,9,2.031878491623838,0.09851075148981252,20.625956668637986,-0.9144042681185172,1.1374286958074098,2.0518329639259267,2.0518329639259267,1.9144042681185172,True
4.6621710850285085,0.793700292722459,0.30505393630289535,0.11839441055930044,0.2032882920700001,9,2.2225506465164964,0.7248064832855347,3.066405582413825,-1.163798682649529,1.6445059707429404,2.8083046533924696,2.8083046533924696,2.163798682649529,True
4.809272743232718,0.8038771990175497,0.21924800259694144,0.23838730584315215,0.31494786522718743,9,2.3081152980201685,0.8328780622697426,2.7712523628370507,-1.0073366840602185,1.4928098189810637,2.5001465030412824,2.5001465030412824,2.0073366840602187,True
5.398822708723321,0.8247839095144606,-0.285075933513371,-0.27069647913190453,-0.16955505097218238,9,1.009361069670672,2.120136619447638,0.4760830318253935,-0.9993846256797748,1.1191838342713925,2.118568459951167,2.118568459951167,1.9993846256797747,True
7.513179411853055,0.24522066658119596,-0.27166297397944283,-0.23507079894416616,-0.290740623007838,9,1.8298969407386152,0.06089920582217867,30.047960659483532,-0.9989488090266412,1.452847742887022,2.451796551913663,2.451796551913663,1.9989488090266412,True
6.237771343122587,0.51739764711677,0.2736992314538258,0.12930438324995902,0.33119353206966406,9,1.5646775577443224,0.6057844381949208,2.5828949360380604,-1.0290438375944135,1.4761429999573912,2.505186837551805,2.505186837551805,2.0290438375944135,True
6.790948990122949,0.2503445223667503,-0.09402523653912792,-0.24663455101326953,0.484805062413028,9,1.8137200920037517,0.02225982812088456,81.47951916583254,-1.0017948944570954,1.4341798503922119,2.4359747448493074,2.4359747448493074,2.0017948944570954,True
7.227093103411113,0.6051547652592514,0.10365727499397848,0.03549711421545687,0.4064266624149253,9,1.2282129495686192,0.7834267933152508,1.5677443764351655,-1.0425609598076622,1.2554761424485195,2.2980371022561816,2.2980371022561816,2.042560959807662,True
7.109291936802367,0.6033657439515575,-0.17408518507079537,0.33969562999056035,0.43426670272040313,9,2.30405573963905,0.10940723616718012,21.05944561215612,-0.02644877794102469,1.495374267461244,1.5218230454022688,1.5218230454022688,1.0264487779410247,True
4.46521018622449,0.4906938186954067,0.2993552550483288,0.20754445006841904,0.35185955940601976,9,1.7365787570414997,0.7091739774074706,2.448734460604316,-0.9951390194700993,1.6250794329824032,2.6202184524525025,2.6202184524525025,1.9951390194700993,True
6.719341396357951,0.8256587172115026,-0.006213442676034908,-0.06732883005585988,-0.003282789537710107,9,1.1261257598747747,1.1581808733494037,0.9723228778749151,-1.0444967591419267,1.2027772838424342,2.247274042984361,2.247274042984361,2.0444967591419267,True
4.501083642791656,0.07760010642727043,-0.258871638141136,-0.15478992849766354,-0.1096661036412967,9,2.0801475660640123,0.17394768998218849,11.958466170358518,1.5902672339274424,3.495358934418988,1.9050917004915455,1.9050917004915455,0.5902672339274424,True
5.26921491683723,0.2965519141992779,-0.14231229130675868,0.24207047085856404,-0.25185611833728494,9,0.8803774984874416,0.5364490767693677,1.6411203534719419,-1.0666073466817756,1.6658782141996138,2.7324855608813894,2.7324855608813894,2.0666073466817756,True
5.6449823032006385,0.7646349750014472,-0.07479063381447376,0.23356295031880836,0.24801665898432002,9,1.834868460532906,1.2236714394728827,1.499478047247149,-0.9977456978761046,1.159370101101511,2.1571157989776157,2.1571157989776157,1.9977456978761046,True
6.024318661292114,1.1944848272234259,0.30828885265559547,0.078700184956634,0.015270022543603212,9,3.1803950673985257,0.6415909768329138,4.957044569264227,-1.8274130079687876,2.3663778054637956,4.193790813432583,4.193790813432583,2.8274130079687874,True
4.172845068093682,0.0883271902066867,-0.11856244917320666,-0.228059663070805,0.16262940067023246,9,1.7341910418244968,0.24147269533939617,7.181727273085871,1.1981753769669978,3.0811137256092787,1.8829383486422808,1.8829383486422808,0.19817537696699783,True
4.8997228379132745,1.1045535565682894,-0.06776330614988091,-0.17045229237282927,0.0523895153545777,9,1.285874345048472,1.5524983065216866,0.8282613511697958,-1.045651870221678,1.211131898671663,2.256783768893341,2.256783768893341,2.045651870221678,True
6.359214199638288,0.25209808333220773,0.09997401636704512,-0.14534961646643987,0.38967906016644327,9,1.2830389354140181,0.6404908011946071,2.0032121195510797,-1.033906420728161,1.2796122348842034,2.3135186556123646,2.3135186556123646,2.0339064207281607,True
7.745805898034745,0.1523601038916355,0.12213521829516738,0.3167601525023195,0.2928890542258852,9,0.7010908441306749,0.6153090826888995,1.1394124739178386,2.010593716572257,2.3855746102605053,0.37498089368824816,0.37498089368824816,1.0105937165722572,True
2.0122243041559424,0.30965243687185257,0.00045243245852932823,-0.28668114309286435,-0.031841582230815124,9,2.7713462071994135,0.1378277626739295,20.107314763251406,-0.999568457815063,1.265556417088383,2.265124874903446,2.265124874903446,1.999568457815063,True
6.903711691261297,0.46436158489132534,0.2382023108469925,0.3182249340296307,-0.38988502927094393,9,1.6630901080009775,0.1943562315643239,8.556916825435376,-0.6175403297316179,2.763600953429587,3.381141283161205,3.381141283161205,1.617540329731618,True
7.984171148506626,0.8090989037153289,0.12898559998574766,-0.12748005234751827,0.45720505601931816,9,1.6270941493810915,0.6803415478120537,2.3915842779464955,-1.5390439373199865,1.924489857842154,3.4635337951621405,3.4635337951621405,2.5390439373199865,True
4.854472196737136,0.8353208616149582,-0.25941709525333895,0.20300710734667637,0.2615080900307589,9,1.7092958998299252,1.6319875466299074,1.047370675934177,-0.999065286751866,1.0710003104690262,2.0700655972208923,2.0700655972208923,1.9990652867518661,True
7.478928685703623,0.7322396974383062,-0.2927458695066473,0.17998896521390428,0.4352940379040341,9,1.692755651247703,1.2362031385055219,1.3693183575752117,-0.9980288548062355,1.0954960928097144,2.0935249476159496,2.0935249476159496,1.9980288548062355,True
2.7297011620674256,0.7059561792593553,0.3319019428299236,-0.12587216110880495,0.37891454587569495,9,2.1683345590291436,0.851475783658644,2.546560454969354,-1.4311758890494788,2.081964124074616,3.5131400131240946,3.5131400131240946,2.431175889049479,True
3.258726666579112,0.7809561541858171,0.21794485775763583,0.09078891828657892,0.32638922010167504,9,1.9215794463922122,1.0424495675976637,1.8433308489162816,-1.0433405518682597,1.3847562132968743,2.428096765165134,2.428096765165134,2.0433405518682597,True
4.612817793387255,0.8163110200062833,-0.28499357015445304,0.27174524589383253,-0.47639492720194476,9,1.7245326020452822,1.5407114779798503,1.1193092455613134,-1.0037105089688383,1.259567735005876,2.2632782439747143,2.2632782439747143,2.0037105089688385,True
4.000055762291192,0.5515932140657123,-0.20854790901232956,-0.1383390349650092,-0.30316931935822344,9,1.1561770625379277,2.3959395998400352,0.4825568485178507,-1.0001756905373176,1.0803488513765553,2.080524541913873,2.080524541913873,2.0001756905373176,True
4.477281746341293,0.8314038190403177,0.3003047853339732,-0.170545888816383,-0.3995398856700224,9,1.7356021993234414,1.0240440349736188,1.6948511392560903,-1.3366568533488203,1.705407111889068,3.0420639652378885,3.0420639652378885,2.3366568533488206,True
3.7514489230627603,0.9936434379624308,0.30511526936471756,-0.2403394099494816,0.09591278640971479,9,2.3297676773047162,0.8829124441513354,2.6387301399337657,-1.8048665618791373,2.3162510561692855,4.121117618048423,4.121117618048423,2.8048665618791375,True
5.465144018157236,0.11781285202429018,0.011971397007979778,-0.008492540659015335,0.12335277546576495,9,0.9584678389171284,0.6559218681916491,1.4612530628984617,-1.0000573529848928,1.0748301825548028,2.0748875355396956,2.0748875355396956,2.000057352984893,True
4.449035750566209,1.1583271492153213,-0.3109285712989432,0.13187757531190886,0.4625643343479432,9,2.0031898032621003,1.978946528910029,1.0122505959599748,-1.0000772907129247,1.040480402110869,2.0405576928237936,2.0405576928237936,2.000077290712925,True
5.330478060850305,1.0891793591607408,-0.2747750697458984,0.20051055214861813,-0.1625299075174096,9,2.1854376144291034,2.0971387657499987,1.042104437780266,-0.9997483855888631,1.094825590519115,2.094573976107978,2.094573976107978,1.9997483855888631,True
2.405712732762332,0.3131749975830271,0.23043763568039555,0.2248984876629394,-0.2995439234377987,9,0.46263007790219746,1.4736673297732872,0.313931148879693,-1.0000414997827183,1.1609615566134637,2.161003056396182,2.161003056396182,2.0000414997827183,True
5.074569141294743,0.8090863454489938,-0.07806389768079564,0.3195834670774199,0.2438562465903905,9,2.3273804813382704,0.9089649004577047,2.5604734354058443,-0.9660206246874184,1.278352117230443,2.2443727419178616,2.2443727419178616,1.9660206246874186,True
2.5882331771898945,0.0985861731750957,0.04839626564202637,0.19251869999913152,-0.05084940227807533,9,1.012564423384839,1.0395407828176413,0.9740497343839808,-1.0012397078810855,1.1600132944960047,2.16125300237709,2.16125300237709,2.0012397078810853,True
2.151867685758731,0.8330684221931635,0.29566256287538784,-0.2889639726633735,-0.08221157446607519,9,1.9153053057104004,1.3652055974603077,1.4029427576867861,-1.2161449997582134,1.6099796498045895,2.8261246495628027,2.8261246495628027,2.2161449997582134,True
7.307269830762124,0.15035640987640062,-0.333849280270075,0.07496457350934566,-0.023778920701898687,9,1.2341209063432923,0.6815281741528519,1.8108142159747396,-1.0156480179028495,1.7082622138429362,2.7239102317457857,2.7239102317457857,2.0156480179028495,True
2.325103788812463,0.8647609379585542,0.11362265701955748,0.021208011283630035,0.36111503605503215,9,1.5954746436230207,1.454155534693818,1.097182939209428,-1.018595136265966,1.2542388274080403,2.2728339636740063,2.2728339636740063,2.018595136265966,True
3.7037783084795555,0.13715242347538587,-0.11358310992245918,0.0852003892491433,-0.15142990222829544,9,1.4230862401099569,1.2002097877651638,1.18569791266225,-1.0002152111202944,1.220346482408783,2.2205616935290777,2.2205616935290777,2.0002152111202944,True
3.832344805104026,1.1387759151038177,0.02262214516380595,-0.2986249909666885,0.031313712794001525,9,1.603162151368941,1.56550231612906,1.024056071237889,-1.1125752676980605,1.3565649820360783,2.4691402497341386,2.4691402497341386,2.1125752676980607,True
2.3195470964896936,0.5319136137200882,-0.1775576758285634,-0.20858605021185989,0.4605218401371961,9,1.571319077086918,0.5263987461912019,2.985035751806623,-1.228144519816579,1.5863461771677685,2.8144906969843477,2.8144906969843477,2.228144519816579,True
7.879181784773666,0.9639459768976915,0.14468143367616626,-0.3150760652309266,-0.10015773037161346,9,1.8990354893189214,0.7870345236254074,2.4128998567574604,-1.982934839410785,2.4237753848404853,4.40671022425127,4.40671022425127,2.982934839410785,True
4.293296247161479,1.1079607822360202,0.008583387003174736,-0.006516808422478149,-0.053489794873147534,9,1.7491122164494788,1.5552197049911476,1.1246721031350582,-1.020252173189401,1.1582842709857903,2.178536444175191,2.178536444175191,2.0202521731894008,True
4.7136420086924105,0.40646004781089184,0.05536790764125188,-0.253689161938147,0.3475045281184599,9,1.7583517917227207,0.9166253152364692,1.9182884898494261,-1.0515081847004122,1.3659059097470425,2.4174140944474547,2.4174140944474547,2.0515081847004124,True
3.6606633666403994,0.119018077986514,-0.0395084809828769,-0.07537453769086938,-0.3747238400266678,9,1.9673719346513152,0.2618612417738677,7.5130321743080035,-1.0006573102047316,1.1893690814818256,2.1900263916865574,2.1900263916865574,2.0006573102047316,True
3.146051591083978,0.9527243556609137,0.062278142375345624,0.08880874121552601,0.03462189836503926,9,1.5008056913718584,1.6237935992574606,0.9242589033841229,-1.0037925950295707,1.1149805265908042,2.118773121620375,2.118773121620375,2.0037925950295707,True
6.108251107071661,0.9304721692778075,0.014439441465139535,0.04703056196243666,-0.08001903128798649,9,1.7011650345056586,1.2313431592150736,1.3815523493792545,-1.0188005724967453,1.1665668839697503,2.1853674564664956,2.1853674564664956,2.0188005724967453,True
2.8309382133955157,0.7311618028150575,0.004162730232459166,0.23892233902986393,0.05396036498398271,9,1.1818063793943716,1.742840831865859,0.6780919736251231,-0.9996127702127775,1.0772843855634906,2.076897155776268,2.076897155776268,1.9996127702127775,True
3.012764348356663,0.12202991082389165,0.2987377796636935,0.10942753966919061,-0.24696722599291732,9,1.141579655181249,1.2549384465647935,0.9096698394300953,-0.9993641251413822,1.1969269165881404,2.1962910417295225,2.1962910417295225,1.999364125141382,True
7.112152935631478,0.07826704925752123,-0.16559971801897555,0.24777903370723597,-0.458204920368219,9,1.1243667058639737,0.13983684421885934,8.040561213639961,4.233532485569725,11.131779740055338,6.898247254485613,6.898247254485613,3.233532485569725,True
7.933722457039571,1.163124423809778,0.03731441081359693,-0.16726035846202322,-0.2699860874388722,9,1.9669027436376125,1.0237341063944299,1.9213023492643055,-1.3420731483428592,1.6578598711438293,2.9999330194866882,2.9999330194866882,2.342073148342859,True
4.2299286417975255,0.3723588496621596,0.19737976667944956,-0.2888026322013332,0.3365997580209873,9,2.0921618098721733,0.5013373047649587,4.173162040780186,-1.2090918601731901,1.7115271898951872,2.9206190500683773,2.9206190500683773,2.2090918601731904,True
5.55906736831572,1.072562155007272,-0.00022316171668351759,-0.09017150747126751,-0.09222765263073207,9,1.590875733329742,1.356296209278271,1.1729559682071944,-1.061305318249346,1.245123007226461,2.3064283254758067,2.3064283254758067,2.061305318249346,True
3.535025773933106,0.6716579539297609,-0.22571232944384795,0.04625209577932532,-0.4936945954438635,9,0.9640709472388029,2.482791295382079,0.388301243456084,-0.999963302509657,1.0887883092928927,2.0887516118025498,2.0887516118025498,1.999963302509657,True
7.7322463227137685,1.0411464179165062,0.024630192034332088,-0.2600427728031311,0.18397180593231466,9,1.719699664774962,0.9293045712541154,1.850523195483901,-1.5087219555199984,1.8673730773912771,3.3760950329112758,3.3760950329112758,2.5087219555199987,True
4.103170921533234,0.8380157794234431,-0.08975450196825968,0.1072112377333268,0.34520650436288924,9,1.2469666437495686,1.5887144077207414,0.7848903728005694,-0.9998803246268042,1.045993769091362,2.045874093718166,2.045874093718166,1.9998803246268042,True
5.87811211067989,0.6319064969912788,0.07385328703934574,-0.07966159914271531,-0.0593407825136546,9,0.8499717961183773,1.1302170987919693,0.7520429455782152,-1.0356274825921106,1.1890955168185957,2.224722999410706,2.224722999410706,2.0356274825921106,True
7.832823814490565,0.8996482247898191,0.13200269059711156,-0.22900874545629024,0.12800561516629239,9,1.7026013536421447,0.7557231269861497,2.252943297411287,-1.7391698199963272,2.1479823673602456,3.887152187356573,3.887152187356573,2.7391698199963272,True
5.4332091921823,0.8852019042200112,-0.2214498707009908,0.21864212117423776,0.02249831438411176,9,1.9180579592536593,1.622749657626386,1.1819801965382781,-0.9989521276494431,1.0936851697636019,2.092637297413045,2.092637297413045,1.998952127649443,True
4.298056749858889,0.0999681873742086,0.340781574351798,0.1918670572566844,0.30833691176106204,9,1.0713059292080636,0.4245151035198125,2.5235990906459347,-1.0508491594900689,2.0916106942619326,3.142459853752001,3.142459853752001,2.0508491594900686,True
6.503993008970717,0.7974785873743127,0.24188464935399823,-0.03636835521961834,0.28602332136147457,9,1.9058132657673266,0.645935438325608,2.95047020598153,-1.4869305980742262,1.9188996562007428,3.405830254274969,3.405830254274969,2.4869305980742262,True
6.646214996422276,0.6898298981575082,0.1810825521191789,0.021769991695580138,0.49381228481544603,9,1.6461415273985593,0.684891083424479,2.4035084807467415,-1.1685439186126354,1.5152321412814562,2.6837760598940914,2.6837760598940914,2.1685439186126354,True
3.9390849071202005,0.49176608682751494,0.019827739507240705,-0.009910448525297377,0.340030294152076,9,0.5235537447995211,1.366838377758241,0.383039979941304,-1.0015391822454884,1.0949566105131088,2.0964957927585974,2.0964957927585974,2.001539182245488,True
5.291542727198266,0.5412888491861532,-0.3453551839239293,-0.2535140055087055,-0.4206842508429801,9,1.6329195641058236,1.726649062064686,0.9457159535089413,-1.0016957282202723,1.202241026031849,2.2039367542521213,2.2039367542521213,2.0016957282202723,True
4.541957665891923,1.1418373564699174,-0.20077078447546662,0.3327167046504723,0.2999546487437358,9,3.051799859138435,1.5155495667412346,2.013658890550493,-0.9955513509189517,1.1897832874986713,2.185334638417623,2.185334638417623,1.9955513509189517,True
5.030062268198673,0.2160830510376312,-0.2373344887890592,-0.3470035931421962,-0.2685305930041505,9,2.265175799060948,0.1924813993732206,11.768284137776773,0.5889964149902812,3.3135251705415296,2.7245287555512485,2.7245287555512485,0.4110035850097188,True
4.181574574713131,0.980527538812752,-0.05780994036095244,0.2680761905353841,0.4777150494518162,9,2.3457260640494035,1.429611488556692,1.6408136635902408,-0.9990768538431117,1.1828319256861712,2.181908779529283,2.181908779529283,1.9990768538431118,True
2.5769017116612476,0.865393089514602,0.14295268798614363,-0.25045201955991053,0.23753744453771752,9,1.5980157864665392,1.4074547194911164,1.1353941013777855,-1.1180850318392692,1.4620278350357045,2.5801128668749738,2.5801128668749738,2.118085031839269,True
4.306228215005624,0.27252149376510926,-0.14645756197730428,0.008202458838893811,0.2923122650724779,9,0.8727040838206839,1.6402823360073657,0.5320450416755357,-1.000010018689056,1.0903578338576811,2.090367852546737,2.090367852546737,2.000010018689056,True
4.854304556760027,1.1305250201920698,-0.14678857828329278,0.03708848362379874,0.11360566943005457,9,1.7895500545489225,1.713290456898683,1.0445106066768626,-1.002259438324879,1.0783513487025018,2.080610787027381,2.080610787027381,2.002259438324879,True
5.450327967617415,0.19121442677406497,0.2556345523661102,0.25920483183769694,0.18740369222446362,9,0.9382925308443089,0.06284024188686277,14.931395912409211,-0.023012044851166803,2.2912688864388153,2.314280931289982,2.314280931289982,1.0230120448511668,True
2.6654075072891947,1.183097028843101,0.3090718272132318,0.2454037263468858,0.11618991053906169,9,3.2482894479627413,1.0557151009787282,3.076861783023971,-1.0932693620160432,1.5713896268407967,2.66465898885684,2.66465898885684,2.093269362016043,True
6.809660556487772,0.6745742011167374,0.3493703704839388,0.2600996696463279,-0.0761157592672318,9,2.26867624545264,0.5353453668365559,4.23778066644832,-1.0231153381427898,2.0332003281781397,3.0563156663209297,3.0563156663209297,2.02311533814279,True
7.479611928313599,0.9600779907264894,-0.24485823958227437,0.05165786258480287,-0.053937692871420695,9,1.465857437270713,1.5693501226631639,0.9340537946899794,-1.0000282922101928,1.0606759218346322,2.060704214044825,2.060704214044825,2.000028292210193,True
6.6818058906609945,0.7592164091135343,-0.33452930353956345,-0.10135302742658947,0.08000948594725765,9,0.21409352505224621,1.8312150845910105,0.11691336908141654,-0.9997074557732688,1.0514008642691908,2.0511083200424594,2.0511083200424594,1.9997074557732688,True
5.415042174057803,0.247861480809837,0.012212120696512452,0.1875703798891969,0.10027859091287716,9,0.39638295250020517,0.596069128030691,0.6649949374324848,-0.9822474231391084,1.220848904610596,2.203096327749704,2.203096327749704,1.9822474231391083,True
5.799192056751559,0.34803380469811473,-0.05403260755082284,0.22076532821088923,0.24198657558210146,9,0.8933048181104306,0.4988304006820282,1.790798670027038,-0.9424088507224269,1.3019632034700763,2.244372054192503,2.244372054192503,1.9424088507224269,True
2.5337721184079633,0.686259292763288,0.31019990017005405,0.20532093660199324,-0.16594244242193978,9,1.6297513654559448,1.2882551295602491,1.2650843206906282,-1.0030229608496806,1.3295315138534087,2.3325544747030893,2.3325544747030893,2.0030229608496803,True
7.261823200441869,0.3663838889643139,-0.07818845136954072,-0.3239137103425273,-0.1826327074234485,9,2.088620845674428,0.2548210717307198,8.196421243693544,-1.020904207654375,1.359414820749596,2.380319028403971,2.380319028403971,2.0209042076543753,True
6.466938587673339,0.6023792527900182,0.3357291891325598,-0.1500251308178172,-0.2627936496965908,9,1.564368232450206,0.6295546453203937,2.484880770999737,-1.7063016433644977,2.1665731011049534,3.872874744469451,3.872874744469451,2.7063016433644975,True
2.0476885104497127,0.5504966904958389,0.14077158553427588,-0.04895247732927133,-0.3839707333839484,9,1.2003738728843916,2.168419359947534,0.553570907480477,-1.0008454015148913,1.052811658886992,2.0536570604018833,2.0536570604018833,2.0008454015148915,True
6.087091254290061,0.18081276633083615,0.23212700744233195,0.1805130847498383,-0.47571782269221174,9,0.30947046287040714,0.5924318159476428,0.5223731314554468,-0.9877482386711318,1.3545486568168668,2.3422968954879986,2.3422968954879986,1.9877482386711318,True
3.452192172339259,0.1588340158509306,0.09518622565075219,-0.3367372714800702,-0.12133383102069872,9,2.2361310859041703,0.14387689925227767,15.541974406768922,-0.5176770722371551,1.9435662190358212,2.461243291272976,2.461243291272976,1.517677072237155,True
3.6172403195063163,1.149383715560904,0.06617450455033802,-0.16054452173165518,0.03503216271614573,9,1.6682252082063282,1.5021957350924047,1.110524527020915,-1.0870749300476252,1.3082489029483952,2.3953238329960205,2.3953238329960205,2.087074930047625,True
3.834112595620712,1.0946340440400393,0.3231757723721276,-0.3023100089656393,-0.24645091346640025,9,2.3801199453847524,1.005501573029112,2.3670971873415874,-1.7980570610951012,2.267768806179942,4.065825867275043,4.065825867275043,2.7980570610951014,True
6.2571990696528825,0.08128402864412465,-0.028586033465748784,-0.2340213411457957,-0.4369495559776152,9,1.6606581891300818,0.14524438828644298,11.433544584559254,8.684617835436942,10.93821257019784,2.253594734760897,2.253594734760897,7.684617835436942,True
2.2421908207835193,0.08844880883148531,-0.12436972663134158,0.1351644994439648,-0.3163907173587266,9,2.117157962954148,1.1365940649071915,1.8627212901441856,-0.9998103404874034,1.3704294897892906,2.370239830276694,2.370239830276694,1.9998103404874032,True
7.125197551342388,0.3686534702085516,0.22074014215405546,-0.23869266986723098,-0.3686132670855047,9,1.6446818484598078,0.7797648020479238,2.109202472515202,-1.2474401376336757,1.593182032865392,2.840622170499068,2.840622170499068,2.2474401376336757,True
2.037086086411259,0.9475080391674746,-0.0019430630050182307,-0.14114842569182134,-0.3151132329109586,9,0.7140092921195729,2.50912053075127,0.28456556126691424,-1.0008195496859809,1.0606909235288269,2.061510473214808,2.061510473214808,2.000819549685981,True
5.785766933277603,0.24831249297236602,-0.12196539537588288,-0.21868881427464956,-0.485234483079927,9,1.9779419363344473,0.17774207218629878,11.128158415196628,-1.0004054605557464,1.2893015686340705,2.2897070291898167,2.2897070291898167,2.000405460555746,True
6.7995061049075805,0.9231868397011564,-0.22785124760701186,0.0701632235042518,0.028964564265884674,9,1.3810091462181115,1.599041043398113,0.8636483421859747,-0.9999586344161893,1.0483454218238752,2.0483040562400645,2.0483040562400645,1.9999586344161893,True
4.071959814331356,1.0742132249742742,0.057843623195846405,-0.24626054306613634,-0.07614295235871194,9,1.5004068941114141,1.4961447454741557,1.0028487542065374,-1.1058215516649794,1.339834085878988,2.4456556375439673,2.4456556375439673,2.105821551664979,True
5.173831421120548,0.20598563066595177,-0.028867804338099323,-0.07905001877680323,0.34365776258357894,9,1.1452784286443864,0.7616136713348912,1.5037524558048445,-1.0003510000752984,1.1386326093903285,2.138983609465627,2.138983609465627,2.000351000075298,True
5.387440837261919,1.0230720486118254,-0.12421679462612256,0.2282358954732867,0.39770170832240237,9,2.359736962600844,1.4214853851567173,1.6600501047998364,-0.9994974223579495,1.1435436051492054,2.143041027507155,2.143041027507155,1.9994974223579494,True
4.94638496380073,0.3774834245850006,-0.33320306636318897,-0.21539182541997803,-0.246778750480786,9,1.9295043592177117,0.9725495949901353,1.9839650020493638,-0.999707271498466,1.2753617727437307,2.275069044242197,2.275069044242197,1.999707271498466,True
5.046759651414176,0.7142418639207498,-0.3150669728727027,-0.04174325322925104,-0.03720255504914072,9,0.4199082929474127,2.1857606130185285,0.19211083338514398,-1.0000960417401168,1.044356412059391,2.044452453799508,2.044452453799508,2.000096041740117,True
3.4414220373409403,1.0639291219037614,-0.332048362260208,-0.28555031942550135,0.05602754797476195,9,0.7843171981886785,2.58002890426659,0.3039955083028932,-0.9995213269293489,1.100805851995341,2.10032717892469,2.10032717892469,1.999521326929349,True
7.641333742566608,0.3026703891642362,-0.2741138791845032,0.2543428837498336,0.3671185073351819,9,1.210681556656945,0.0138960623744111,87.12407328326003,1.1138203446233155,4.726558395729958,3.6127380511066427,3.6127380511066427,0.11382034462331547,True
6.99942657829591,0.8833512331009161,0.33229548847823986,0.2970314510109704,-0.35788454099207057,9,2.9275613912933323,0.6135866610423275,4.771227240044872,-1.057143805405052,1.9629756132795761,3.020119418684628,3.020119418684628,2.057143805405052,True
7.473109367283035,0.3624953881134741,0.1702685765346188,-0.15730259938616228,0.17272720979506928,9,1.0613315017790619,0.7119304239565347,1.490779809466127,-1.168683187946124,1.4693785135098911,2.638061701456015,2.638061701456015,2.168683187946124,True
4.944812227211027,1.1485190028179841,0.25663424147299474,0.18069987048889047,0.1965305694258075,9,3.20088326574133,0.7867733541792935,4.0683676547234695,-1.2352076836370576,1.7246123936187148,2.959820077255772,2.959820077255772,2.2352076836370576,True
3.7929372525522074,0.6454012567505422,-0.26012942989041077,-0.04639107158071726,0.36708176672619686,9,0.27124047050070255,2.0561954495212635,0.13191375876444744,-1.0000120715360192,1.0247791717666659,2.024791243302685,2.024791243302685,2.0000120715360192,True
5.166649932588141,0.4707385704056675,-0.33349144764293037,-0.3021079907668508,0.3398130639166763,9,1.8468923885423125,1.0117834778329005,1.8253830280942116,-0.9993982071855101,1.2617582167869574,2.2611564239724675,2.2611564239724675,1.99939820718551,True
2.8368346968376894,0.8602308416600795,-0.07718968803741272,-0.20121031590616753,-0.4000204357184427,9,1.0626785669067642,2.515199272014979,0.42250273317526454,-1.000062155949759,1.0704257914312667,2.0704879473810256,2.0704879473810256,2.0000621559497587,True
2.852540703451203,0.6042269640008169,0.22182522679152195,0.05987210151906902,-0.10388040716835367,9,1.10259251851514,1.3873776317622497,0.7947313646066391,-1.0082380812893206,1.1880527519533015,2.196290833242622,2.196290833242622,2.0082380812893206,True
5.159187452228735,0.877022660932653,0.08145028022160611,-0.06807135861020092,-0.3935902832859932,9,1.0755297082184427,1.4094019963994315,0.7631106745740924,-1.032345930081856,1.1868696413840627,2.2192155714659187,2.2192155714659187,2.0323459300818563,True
2.187612175120621,0.5377439789232242,0.24692286272119468,-0.14726523140047762,0.4783847299019772,9,1.678850357430726,0.4887400382769973,3.435057957087658,-3.2904853108236103,4.066534725384434,7.357020036208045,7.357020036208045,4.290485310823611,True
2.383594057353851,0.6639340501739889,-0.2725672794558306,0.2159134326557317,-0.48474261500364957,9,1.554250624581558,2.1654371987048324,0.7177537291366239,-0.9963724250173132,1.269272433146948,2.2656448581642614,2.2656448581642614,1.9963724250173132,True
3.647450789667121,0.7697787569376179,-0.28925225170243163,-0.07825635665851771,-0.4947061584849717,9,1.0079919982895404,2.670390238133148,0.37746992327017376,-1.00018740012223,1.1079572681565135,2.1081446682787437,2.1081446682787437,2.00018740012223,True
3.5421963418267906,0.20588717690560082,0.08112415217665414,-0.30779999165858785,0.4024603728377314,9,2.062383600597657,0.16609656495829334,12.416774549886203,-0.6476127392869806,1.582103619235234,2.2297163585222144,2.2297163585222144,1.6476127392869806,True
5.360096698184954,0.47425237148263094,-0.1919250819750086,0.27239194833822034,0.33899862688718985,9,1.416871977461741,0.48013750846878256,2.950971237344734,-0.9433261713346307,1.4900563154191533,2.433382486753784,2.433382486753784,1.9433261713346308,True
7.835668636849766,0.23590711226642297,0.18612983579550268,0.12246808958638566,0.06292042884776194,9,0.5491340888435584,0.651831119971269,0.8424484072926172,-0.9997863534213542,1.249055904995442,2.248842258416796,2.248842258416796,1.9997863534213542,True
2.1838779801579773,1.0030751408717693,-0.21903198297389428,0.05796009628274201,0.44517956887333465,9,0.884375410076407,2.2987303013871268,0.3847234316886791,-1.0000036191899258,1.0090352956634778,2.0090389148534036,2.0090389148534036,2.0000036191899255,True
5.340288418997446,0.1638018184257638,-0.1763092175861974,-0.2956746910642082,0.20875305573278036,9,1.8724859648623586,0.21073819120662887,8.885366027586265,0.9093846620308479,3.2500865220392345,2.3407018600083864,2.3407018600083864,0.09061533796915211,True
7.823114743148831,0.408841860202212,-0.14845979524857517,-0.07100088852398934,0.16849342035741333,9,0.4404361837654285,1.2405163520203943,0.3550426264418864,-1.000130624160884,1.0453016489147369,2.0454322730756207,2.0454322730756207,2.0001306241608843,True
4.623473780813618,1.0162894617792126,0.11865594762465226,-0.2245386042602592,-0.09660936624756877,9,1.6324515848489878,1.2516603419492962,1.3042288951223455,-1.1976315893916205,1.4841665955463523,2.681798184937973,2.681798184937973,2.1976315893916203,True
3.7819433782287013,0.8596822904476862,-0.24360856641325995,0.09229935087812652,-0.3357844184047615,9,0.799320932525013,2.5433613447522423,0.31427737713096277,-1.0001513032293834,1.063299147953429,2.0634504511828125,2.0634504511828125,2.0001513032293836,True
5.285542112802803,0.2269740594673897,0.19024341605329287,0.07101765257979337,-0.2074428072083544,9,0.5220160959055873,1.035549522862445,0.5040957331163082,-0.999754042140768,1.0872489852180944,2.0870030273588625,2.0870030273588625,1.999754042140768,True
3.11561480683789,0.06429647289159382,0.006344199716392163,0.09561584466868811,0.3089768528715292,9,1.1006163727829166,0.9594739053616916,1.1471040188091606,-1.0094516653907146,1.2628665482976167,2.2723182136883313,2.2723182136883313,2.0094516653907144,True
7.968986393705473,0.10605194397555931,0.10257601389135595,-0.2541705458109633,0.1942120955987655,9,1.4376261816719162,0.15804236962679297,9.096460557170708,-0.3157454954432155,2.3929759286618224,2.708721424105038,2.708721424105038,1.3157454954432155,True
5.276326931528889,0.40829643348735006,0.0335935702974387,0.1516111611496238,0.11839294331438799,9,0.5313210952563268,1.1069397660811204,0.4799909728939937,-0.9992939544631986,1.0832735778457756,2.0825675323089743,2.0825675323089743,1.9992939544631985,True
2.3802548893154656,1.052876167540961,-0.10529785009925774,-0.04188166374772123,0.30290222747661133,9,0.9877972958451089,2.056798329785976,0.4802596742422948,-1.0016254021383495,1.061687990521162,2.0633133926595115,2.0633133926595115,2.0016254021383495,True
7.333997938161667,0.7648955562169735,-0.15230103289384475,0.10876870027630192,-0.4606800538343847,9,1.1656269661939807,1.585449547748134,0.7352028122557156,-1.0000744847922496,1.0546485966136796,2.054723081405929,2.054723081405929,2.0000744847922496,True
2.769355596948296,0.3225596549998244,-0.045700431108025186,-0.23161569313282654,0.223550089724054,9,2.1605457913214074,0.5456637712019874,3.9594818372532963,-1.0078618245147137,1.300709957357154,2.3085717818718674,2.3085717818718674,2.0078618245147135,True
2.6020522015611043,0.7638787578170099,0.0002050086054750655,0.3387828434449518,-0.3193406306153722,9,1.4609439588563122,1.5945710724117275,0.9161987095668872,-0.9971919442142365,1.1378233322855367,2.1350152764997734,2.1350152764997734,1.9971919442142365,True
2.422858304051288,1.13154325057017,-0.19807187208935917,0.09252268385818585,0.3925874736959045,9,1.4526196975260701,2.2195781057589974,0.6544575718047726,-0.9999828571183602,1.017460109907506,2.0174429670258665,2.0174429670258665,1.9999828571183602,True
3.2397748990099693,0.8455177948413448,0.16448945052915054,0.25964564235569576,-0.0020561563574376107,9,1.9495509060130036,1.3659394055781182,1.4272601683878345,-0.9984234613478193,1.2501179391459063,2.2485414004937256,2.2485414004937256,1.9984234613478193,True
7.255059858622326,0.27763082846775694,-0.10311332800517681,-0.2011871070921889,0.2612184895233681,9,1.4939015815352183,0.45866232825340836,3.257083674658901,-1.0037110013161608,1.2570730945385553,2.2607840958547163,2.2607840958547163,2.0037110013161605,True
7.793653311991825,0.2105706342348242,0.1662844545775779,0.17773230251919792,0.05650487362866741,9,0.6031862370727945,0.29341648322646857,2.0557339875389187,-0.8496963131344778,1.4788324882308492,2.328528801365327,2.328528801365327,1.8496963131344777,True
3.613569622772059,0.13482722556428045,0.04676883647700558,0.24853608483880363,-0.2352802248282848,9,0.604093095726185,0.611201867535623,0.9883691916091475,-1.0121878155019428,1.3843896653368077,2.3965774808387508,2.3965774808387508,2.012187815501943,True
4.664507755628359,0.7352668273158859,0.012875604681309882,0.11490602021246216,0.0024414796553582363,9,1.1146664656552363,1.435852076929808,0.7763100973734407,-0.9999143657852607,1.0716421276845474,2.0715564934698083,2.0715564934698083,1.9999143657852607,True
6.260932146732371,0.27794187677264703,-0.01156494301429728,0.15657492589318134,-0.33433112313783275,9,0.3677240887457798,0.8266017967584595,0.4448624358038168,-0.9982652192917327,1.1160308469808153,2.114296066272548,2.114296066272548,1.9982652192917327,True
4.711180333857006,0.6219429319646893,0.03705585269815853,-0.10915203215804567,0.29579136709461107,9,0.8598059672758567,1.223322168176889,0.7028450800962932,-1.027144775287741,1.1936061038347596,2.220750879122501,2.220750879122501,2.027144775287741,True
7.256174325622069,0.15398208761458104,0.2391890299385282,0.2067177676466323,-0.16532213119530959,9,0.5907264419007429,0.13109230431472157,4.506187033546596,-0.43308292478922605,1.8504693186470889,2.283552243436315,2.283552243436315,1.433082924789226,True
3.3573688489498297,1.1342072099902558,-0.24783798544445293,-0.24860403240686518,-0.05328082957488389,9,0.6613028204087956,2.4718559923655175,0.26753290743929703,-1.000125652062439,1.0900256205202383,2.0901512725826774,2.0901512725826774,2.0001256520624393,True
3.0988461435100456,0.32922780911681526,0.2510985252337845,0.2734732513620667,0.2975128025859648,9,1.2840850965021446,0.6665515013573677,1.9264604368713136,-0.9958150819083528,1.6804366676402167,2.6762517495485696,2.6762517495485696,1.9958150819083529,True
5.268015163116924,1.1414354497563661,-0.22885781571295322,0.01876243000195743,-0.3312720645694881,9,1.3564705307939566,2.1241231084810144,0.6386025957619682,-1.0000005145768107,1.0670259987289799,2.0670265133057906,2.0670265133057906,2.0000005145768105,True
5.55309377439435,0.8041027402730043,0.3006862206554338,0.17952718757149333,0.27607691267638146,9,2.399538360808446,0.6279348017461698,3.8213176816060783,-1.132027663675132,1.6955461824133795,2.8275738460885114,2.8275738460885114,2.132027663675132,True
2.747307713848505,0.8336815175949813,0.2283054823331322,-0.06901471617518395,-0.09717021081942934,9,1.5235190598212882,1.3926637431697637,1.0939604533350542,-1.063786088912408,1.3118063888709763,2.3755924777833846,2.3755924777833846,2.063786088912408,True
3.0173347791133374,0.5523976691640373,-0.24314475894019477,-0.318216287415253,0.44061698541388805,9,2.0138768913617735,1.0761770118763625,1.871324948532853,-1.0088080660227234,1.2956282966207053,2.304436362643429,2.304436362643429,2.0088080660227234,True
3.2229564708700744,0.5050664652087227,0.15801483939830918,-0.13672878981667913,-0.4606374663224315,9,1.4555652844364215,1.7679369863759336,0.8233128757717559,-1.0069344267408977,1.1112165761902864,2.1181510029311843,2.1181510029311843,2.006934426740898,True
3.1313010682680416,0.0869146702921778,0.07501628836197904,0.12000082361702702,0.3207082536462691,9,0.8291165394425033,1.029945791666889,0.8050098812488385,-1.0131607030034584,1.234380066967854,2.2475407699713124,2.2475407699713124,2.013160703003458,True
7.608193233845897,0.860149202567143,0.31991595156557595,0.005526042114966712,-0.10306273431970459,9,2.1760210251649097,0.5315855518714127,4.093454040472635,-1.8625544992824907,2.3720609883586246,4.234615487641115,4.234615487641115,2.8625544992824907,True
6.266622609888985,0.4195718022244592,0.05389569378866199,-0.3325089992361779,-0.39912505921183283,9,2.168781182799981,0.5223768179296879,4.151756181285785,-1.058095091686343,1.355027230078398,2.413122321764741,2.413122321764741,2.0580950916863427,True
2.861603567747601,0.7121325987980596,0.2156445333475573,-0.026136221377154933,-0.3296511897657006,9,1.033897997543336,1.5961887691050047,0.6477291518114431,-1.0169579285659858,1.174564648998532,2.191522577564518,2.191522577564518,2.0169579285659855,True
2.3804575134474684,0.5553553033711099,0.3363984741181507,-0.24492630196448845,-0.4781790678165393,9,2.1388893158814293,1.5732544414183403,1.3595317194548333,-1.0787262659959853,1.3555715661972918,2.434297832193277,2.434297832193277,2.0787262659959853,True
5.742153760085097,0.9411271256339694,0.2359899392355409,-0.15311567938486453,0.3309306499903989,9,2.131779707926283,0.7060116221602999,3.0194682934585777,-1.8554116048744773,2.3390278659758965,4.194439470850374,4.194439470850374,2.8554116048744773,True
2.699962410562126,0.9998643034644531,-0.2863222030018426,-0.32674033476408354,0.26058145793930243,9,1.202392303003259,2.4926078185120617,0.4823832670640565,-0.999995231411873,1.1084970976744069,2.10849232908628,2.10849232908628,1.999995231411873,True
7.808341717811943,0.568841089573809,0.3381505936922088,-0.10210295010841952,-0.4009386690247845,9,1.4279831871592403,0.5508905032603404,2.5921361481238,-1.6999968356784283,2.1509901171464203,3.8509869528248486,3.8509869528248486,2.6999968356784283,True
2.6761826472394996,1.1938725598439524,0.24227012936399972,0.07992475822346096,0.10326357171761125,9,2.6884486596620762,1.2266456913710502,2.19170757992647,-1.1199534118511572,1.4643648807027712,2.5843182925539283,2.5843182925539283,2.1199534118511574,True
3.1843397601990966,0.5920292063026031,-0.24891380738170704,-0.3000024620503935,-0.3047657236656762,9,2.066038876314448,1.7521604655132579,1.1791379368380202,-1.0003174899706029,1.1695067844321785,2.1698242744027816,2.1698242744027816,2.0003174899706027,True
4.921791773612845,1.1013756546931868,0.13014222930824726,0.26707083940940723,-0.03848711288340734,9,2.9609596424843336,1.1443798398234488,2.5873923495027147,-1.005752361318937,1.3421206978023796,2.3478730591213166,2.3478730591213166,2.0057523613189367,True
4.73793944280676,0.6003440216968456,-0.06895911406320648,-0.10978961425028172,0.004001024339728487,9,0.6268748189140279,1.615586442930593,0.3880168849256424,-1.0018190755013838,1.063771726893479,2.065590802394863,2.065590802394863,2.001819075501384,True
4.010144161475758,1.1734284185421435,-0.02924474781316705,0.12490028960141447,-0.22556960554069816,9,2.0528506284150265,1.8421354960156475,1.1143863374084775,-1.0008465993738682,1.101078956868641,2.1019255562425094,2.1019255562425094,2.000846599373868,True
3.6331193122879464,0.39879492128056593,-0.0849537514333904,-0.019371832756454044,0.2525960282830153,9,0.6650686543532132,1.7306307028806844,0.38429264732573354,-1.0000299954637633,1.045317361029766,2.0453473564935294,2.0453473564935294,2.0000299954637635,True
2.7634246961808215,0.7212800829755128,0.042618975066535836,0.14517958056408004,-0.32942487457257386,9,0.480794469031534,2.1185845215872448,0.22694136775403348,-0.9999847373897602,1.035083753704015,2.0350684910937753,2.0350684910937753,1.9999847373897603,True
4.5799988532415945,0.4983507882852982,-0.045289319818836216,0.31169671270758925,-0.2626307670706921,9,1.3184298212154963,0.6749733319256968,1.9533065365027389,-0.9512850192693723,1.3278581988650553,2.2791432181344273,2.2791432181344273,1.9512850192693723,True
5.846589585352939,0.10519917220650524,-0.0751394437588791,-0.00038255037936768543,0.19464614760093735,9,1.024541942412019,0.6288997309628254,1.6291022113230642,-1.0000395595863247,1.162702024005326,2.162741583591651,2.162741583591651,2.000039559586325,True
4.2392584051201005,0.42128036710134165,-0.060815053587057466,-0.05689919382685066,0.26261720333719873,9,0.7158454787324826,1.5418014474589818,0.46429161155105675,-1.0001930624835436,1.0572241535282974,2.057417216011841,2.057417216011841,2.0001930624835436,True
3.142999576111259,1.1664805731552401,0.09794784151210895,0.3390047001203398,0.25762646822239477,9,3.134214189719712,1.3822416301070275,2.2674864665138386,-0.9980929916954143,1.319038326005522,2.3171313177009365,2.3171313177009365,1.9980929916954144,True
2.6281304524207787,0.8589825740118826,0.31847534986093373,-0.061740084761061464,-0.11615919058677315,9,1.9278132332153148,1.201003957797852,1.6051680934924917,-1.157310697235553,1.5152303366747024,2.6725410339102553,2.6725410339102553,2.1573106972355527,True
2.2570330014865103,1.1984327198664793,-0.29008255335298316,-0.23974660788137528,0.02159509715089669,9,0.47131359992527466,2.879700584319622,0.16366757102861457,-0.9997766246811869,1.0742697128220013,2.074046337503188,2.074046337503188,1.999776624681187,True
3.73447021151253,0.18842652320911019,-0.045343448765691796,0.08572168079477965,0.39924920441849965,9,0.7009802203714941,1.233509019698907,0.5682813900644194,-1.0017689566022965,1.1533886517145364,2.155157608316833,2.155157608316833,2.0017689566022963,True
5.892382383959556,0.2029611454703315,-0.2604784553549995,-0.2475167039918182,-0.41428029741463346,9,2.0669663104007836,0.06804750216199165,30.375344351071572,1.9232154855912125,10.122040339218456,8.198824853627244,8.198824853627244,0.9232154855912125,True
2.8535614015930646,0.7715014138270645,-0.274433096984466,0.18211656517126695,-0.3920934114951319,9,1.1409113613888846,2.3514525356123785,0.48519429761390526,-0.999347785737609,1.1713864194566557,2.1707342051942646,2.1707342051942646,1.999347785737609,True
2.0154321633292307,1.1632541763078847,-0.08220301606853048,-0.18945213115067505,0.09292180116061066,9,0.9139993809063021,2.2961999156301562,0.3980486954488321,-1.0047745850824383,1.096530519410378,2.101305104492816,2.101305104492816,2.0047745850824383,True
2.0606496923615234,1.1865645451235562,0.32793826062609843,-0.10922900002985117,-0.42770777541399474,9,2.0696084577293483,1.6645608649840917,1.2433360060697616,-1.1144224978186348,1.4099992652445845,2.524421763063219,2.524421763063219,2.1144224978186346,True
4.0559052813272105,1.0356717587726414,-0.13233901064210063,0.06634474659153794,0.023701751896028855,9,1.3949128248312064,1.9111366912613315,0.7298864760482295,-1.0001220875295467,1.0431094993526595,2.0432315868822064,2.0432315868822064,2.0001220875295465,True
6.761432649954279,1.1535243020681545,-0.308124028725917,0.1341600837227423,0.10406634720252461,9,2.18671537145665,1.7461532623757872,1.2523043758950696,-1.0000841247824144,1.08346724397983,2.0835513687622447,2.0835513687622447,2.0000841247824144,True
6.809593038545041,0.9448487842494395,-0.06108034341704882,-0.1577733616386423,-0.45439777271973236,9,0.9178807542411973,1.4659338133998803,0.6261406523616466,-1.0331494142461186,1.1878277155734336,2.220977129819552,2.220977129819552,2.0331494142461186,True
4.0277988582020345,0.3620691634064355,-0.3237148734841249,0.18227687279871063,0.22034865829911487,9,1.1483788563371207,1.0365099242340405,1.1079284717758482,-1.0035787592777377,1.4714849429701278,2.4750637022478656,2.4750637022478656,2.0035787592777377,True
3.1899211081686456,0.308586573175645,0.060742145274093884,0.2373966174188853,-0.27764713237725636,9,0.3544600200286445,1.1177366480164879,0.3171230187877099,-0.9980243848899036,1.1201944031234767,2.1182187880133805,2.1182187880133805,1.9980243848899035,True
4.517111488906304,0.6396666002195485,0.30780284377746026,-0.013545809952227539,0.3947908700824251,9,1.9038607832071497,0.6761492672868892,2.815740362844088,-1.3024823225911926,1.8156333430245641,3.1181156656157567,3.1181156656157567,2.3024823225911923,True
6.903486326788601,1.128668680970867,-0.17122436439887986,0.27109672291756515,-0.3741778670356357,9,2.8218623934960863,1.6593315682696181,1.7006018853958025,-1.0005139303428698,1.1986164991505384,2.199130429493408,2.199130429493408,2.00051393034287,True
2.1011723901438604,0.4031747093374002,-0.15842674976209634,0.17783515280203965,0.15597157443049103,9,0.7265104333563701,1.6479914507034954,0.4408459965288272,-1.0002132411609213,1.1293165086905228,2.129529749851444,2.129529749851444,2.000213241160921,True
2.954696519768262,0.5144932282289724,-0.20802716444452024,0.11844908397342108,0.3278764523710058,9,0.4831997673409263,1.8323855966714282,0.26369982836509415,-1.000012080795127,1.0591470314286586,2.0591591122237856,2.0591591122237856,2.000012080795127,True
3.2092555922492774,0.782038016592159,-0.3290664647863284,-0.015679131498016086,-0.13875863087876894,9,0.8403323771201772,2.564595528657647,0.32766663114320466,-0.9999234364622536,1.084547869482684,2.0844713059449376,2.0844713059449376,1.9999234364622536,True
6.337253559752214,0.47933779382452996,-0.1309082034451947,0.32977184781303903,-0.3267154413375989,9,1.6911927656999102,0.22615840959820954,7.477912356672759,-0.5611673123731342,1.7377751448209373,2.2989424571940713,2.2989424571940713,1.5611673123731342,True
7.4533799381957895,0.640334988248188,-0.2423552713791759,0.27437989270086494,-0.45016241187954575,9,1.8523770653619438,0.7089628876308087,2.6127983533131935,-0.9617557457655775,1.3621397088773624,2.32389545464294,2.32389545464294,1.9617557457655774,True
4.612213516006268,0.3954148109113745,0.013543089756108628,0.16973780159128904,-0.36171616036625853,9,0.2963619583381636,1.2852972853073343,0.23057852975025844,-0.9995139647328074,1.0583098268478706,2.057823791580678,2.057823791580678,1.9995139647328073,True
7.426517699749041,0.6993328758684495,0.3243581514715559,0.30848519626019266,0.05853416040904891,9,2.5167904323844135,0.5066637840015128,4.967377799351254,-1.0790237691546642,2.9320432833548584,4.011067052509523,4.011067052509523,2.0790237691546642,True
3.525263523036725,0.7505672518520294,0.2550698289700768,-0.03609458663769305,-0.22675341685577077,9,1.4371675577019678,1.2266113365330549,1.1716568361124378,-1.0731904761951963,1.3311543394288174,2.4043448156240137,2.4043448156240137,2.0731904761951965,True
5.118403778606911,0.24148445232921129,-0.09712499933525759,-0.03276580414495217,-0.19655235688883843,9,1.1045346638770943,1.2523118891055547,0.8819964686800122,-1.0000107803954161,1.067346285959171,2.067357066354587,2.067357066354587,2.0000107803954164,True
4.616086822426077,0.6564987453849574,0.13101783748431006,0.19752232209887466,-0.4254247387077724,9,1.1360436262836193,1.4260195761678773,0.7966535980778705,-0.9994240443311837,1.152441548020013,2.1518655923511965,2.1518655923511965,1.9994240443311837,True
6.462608817844993,0.5397033631991844,-0.14470760282519451,0.3146429908513474,0.1829420546035938,9,1.8994681157010849,0.259345337095653,7.324088171288439,-0.5443129171137641,1.4739672545555478,2.018280171669312,2.018280171669312,1.5443129171137642,True
6.531584845567465,1.0570620600185103,0.19709899678758303,0.11833551767744444,-0.025299322071078878,9,2.726527828924815,0.7996649041630488,3.4095879595697323,-1.2041295806159102,1.593990707738673,2.7981202883545833,2.7981202883545833,2.20412958061591,True
4.057831620851583,0.467430245610293,-0.013753851998977273,0.12795070816868304,0.20761717752953412,9,0.3852591719332987,1.497166800822497,0.257325484188969,-0.9999705185745345,1.0379043682158624,2.037874886790397,2.037874886790397,1.9999705185745345,True
4.7356462265335715,0.9779107230723003,0.336002710619305,-0.3433833749302318,0.49362843099206444,9,2.5945397932035505,0.5835288764632257,4.446292030874431,-3.673449856119095,4.396504774077182,8.069954630196277,8.069954630196277,4.673449856119095,True
7.178636504034573,0.47437500172179914,0.10037404802768984,-0.13612727869243885,0.3403223117513734,9,0.9156637849530886,0.808590667029472,1.1324194333295636,-1.1173014359000502,1.3726602249422055,2.4899616608422557,2.4899616608422557,2.11730143590005,True
4.373432007815674,0.11495311516936356,0.2994428000678123,0.006907170214922209,-0.21394196445293823,9,1.2337629723011698,0.7311617123057146,1.6874009559533756,-1.0032168478828853,1.1951744677058842,2.1983913155887693,2.1983913155887693,2.0032168478828853,True
2.7463118040782852,0.7478532771221514,-0.20269964952786967,-0.34815537190831675,-0.2396552616152967,9,2.0448755941235106,2.398187431283008,0.8526754695855949,-0.9997635278596112,1.1353523390564662,2.1351158669160775,2.1351158669160775,1.9997635278596113,True
6.378551341034507,1.1078576751890792,-0.0006106143815343135,-0.29764691087266754,0.3844371424391465,9,1.8066124692559506,1.0500039979526619,1.7205767528300397,-1.4311777997691968,1.78419293529908,3.2153707350682765,3.2153707350682765,2.4311777997691966,True
7.875863671715206,0.9139717987719597,0.13357240080847887,-0.10334621735750033,-0.029663243201241585,9,1.732042471924268,0.7879220740668127,2.1982408272742435,-1.413803689755483,1.7602953076596508,3.174098997415134,3.174098997415134,2.413803689755483,True
4.976674667485716,0.899784828570119,-0.24487176500083407,0.20368707164056243,-0.04786233897056191,9,1.7748998236930127,1.824239490587463,0.9729532952504162,-0.9993761406844641,1.0809419843276646,2.0803181250121288,2.0803181250121288,1.9993761406844641,True
7.408863369014949,0.16663504734689474,-0.31549901446867346,0.20958357339602163,0.28340736532948985,9,1.0989540283344876,0.021476684427334747,51.16963151610957,-1.3817151228092166,35.01827599646564,36.39999111927486,36.39999111927486,2.381715122809217,True
2.649654957639048,0.12174434353963141,-0.12179653997677256,0.15072640056441222,0.011463544113134883,9,1.4636675762975853,1.22229354617661,1.197476318905556,-1.002120454271648,1.34927278056877,2.351393234840418,2.351393234840418,2.002120454271648,True
2.624130005434524,0.6342555413845664,-0.3077091110105903,-0.3444206392628392,-0.13326552091918786,9,2.2568217870790437,1.739009412730363,1.2977628358754425,-1.000005699064362,1.2002097267312217,2.2002154257955837,2.2002154257955837,2.0000056990643618,True
6.186757804379207,0.31539638036256346,-0.25455100445663237,-0.24745418628257254,-0.40012027652139937,9,1.9192380111835659,0.4076531644799455,4.7080169575820445,-1.0003487000936544,1.3150306904366347,2.315379390530289,2.315379390530289,2.0003487000936544,True
4.402297190510577,0.15592749919233906,0.05537524933063109,0.3413487122316826,-0.41633423841261674,9,0.7507543357394167,0.04741978057076457,15.83209215021705,0.09787777731879896,2.3256282881718446,2.2277505108530455,2.2277505108530455,0.902122222681201,True
4.444296108286766,0.2633757495301926,-0.20572691197627244,-0.04646092339811858,-0.396035530821803,9,1.6878582587273212,1.3014889567924441,1.296867138148521,-1.0000431357299493,1.1867386676663572,2.1867818033963067,2.1867818033963067,2.0000431357299493,True
3.8401455744555686,0.7224758108750976,0.11619555523168762,0.08013147361277179,-0.4186211890472328,9,0.7504508563547259,1.6573709971088826,0.4527959386666064,-1.001148874712216,1.0867670518400214,2.0879159265522373,2.0879159265522373,2.001148874712216,True
6.373560099331086,0.5412977627745013,-0.2747055280977612,0.21931959647196453,-0.0938934588429482,9,1.2847525850564874,0.8804384660415178,1.4592190534709144,-1.0023765712662391,1.2855102330532469,2.287886804319486,2.287886804319486,2.002376571266239,True
5.459556425695027,0.22958603502048341,0.2927696169047672,0.1270597130625517,0.16261507462729297,9,0.9312481642121615,0.6793075146907757,1.3708786434315694,-0.9974469972892945,1.397656001796587,2.3951029990858816,2.3951029990858816,1.9974469972892945,True
2.3856167162194235,0.9287359234816004,-0.056840575476377275,0.046967446459340256,-0.22652449351968706,9,0.4968629451368991,2.430247164685923,0.20444955243929355,-1.000015578930918,1.0223019234399648,2.022317502370883,2.022317502370883,2.0000155789309177,True
6.220956097619518,0.8017011267375187,-0.0842969934273865,0.13607249673917393,0.23003103822960658,9,1.5231158136832987,1.290205056746779,1.1805222787793117,-0.9995235845237285,1.0845333349348791,2.0840569194586074,2.0840569194586074,1.9995235845237285,True
4.826076192075504,0.2908092628530505,0.33704130143213373,-0.03204643736072138,-0.06428084548410973,9,1.1024006511914108,0.7366341692341866,1.4965374907024465,-1.0812456105274906,1.436120734019513,2.5173663445470034,2.5173663445470034,2.081245610527491,True
3.1520055143618846,0.3762649535688664,-0.32772856930864486,-0.34736534787896634,0.2445699158962762,9,2.596596230036358,0.17339763413940057,14.974807718246382,-1.002163671262802,1.5663307224650453,2.568494393727847,2.568494393727847,2.002163671262802,True
6.985601306324391,0.39068147703846523,0.16697932566272844,0.23800349063152104,0.33850039700725265,9,1.2581759198117133,0.3168720236452088,3.970612190176977,-0.8522633668448393,1.8548714121019372,2.7071347789467763,2.7071347789467763,1.8522633668448392,True
2.880270747720046,0.366232634047686,-0.31868289387869336,-0.12961203419178516,-0.1662345215476534,9,2.2307329180482194,1.4197235991354051,1.571244515063854,-0.9990391507654278,1.286691012228435,2.285730162993863,2.285730162993863,1.999039150765428,True
5.806002408992125,0.11489529199225759,0.214184012688172,0.26642958022374164,-0.488011385464175,9,0.41449882861469023,0.06505246850273627,6.371761720268238,0.02513637695325254,1.6402382846703154,1.615101907717063,1.615101907717063,0.9748636230467475,True
5.161117585904261,1.029974349260092,-0.03448251059458973,0.23489876253333086,0.17133269581215627,9,2.427046846010289,1.3675724893699788,1.7747116623619674,-0.9987430965814021,1.1785513304837303,2.1772944270651324,2.1772944270651324,1.9987430965814021,True
2.5696015706378197,0.980715694906745,-0.17265944902544694,0.261916586638255,-0.05425629482091143,9,1.7362732748338987,2.186589504793081,0.7940554324567675,-0.9997448276302764,1.071591911761492,2.0713367393917683,2.0713367393917683,1.9997448276302765,True
3.9720216027188933,0.6821692932241886,0.32576250073507607,-0.10645353919116782,-0.47018557475086087,9,1.4780405613494676,1.11335223546807,1.327558803282123,-1.164513309931745,1.4857755180549517,2.6502888279866967,2.6502888279866967,2.164513309931745,True
2.7429068336433104,0.27509804249019554,0.3175462628480036,0.3217389695822783,-0.4694448276067158,9,0.5948307577683951,0.9455535371869253,0.6290820502221904,-0.9998341524882779,1.492206236490533,2.492040388978811,2.492040388978811,1.999834152488278,True
6.811903410393286,0.848878503243827,0.20985119036477573,-0.03157751665404179,0.2245385311941165,9,1.920060321881306,0.6875074157081983,2.792784889314191,-1.4279725510669519,1.8262736666297785,3.25424621769673,3.25424621769673,2.4279725510669516,True
4.079866959467609,0.27214266611704935,0.015122613923554074,-0.30931914089209006,-0.014170015636201572,9,2.359893203888742,0.08599232412865436,27.443068062192058,-0.9199975901079285,1.3563212896735348,2.2763188797814635,2.2763188797814635,1.9199975901079285,True
7.380848963535682,0.3289768115185179,0.09581130915723773,-0.20225603240108367,-0.2994191848576332,9,1.4811522802817385,0.7603246747046053,1.948052364415482,-1.0523971245150185,1.2823241990751542,2.3347213235901725,2.3347213235901725,2.0523971245150188,True
6.543524844053367,0.7512517686964088,0.3268084429993716,0.20010085826424684,0.28336021332629535,9,2.390348665511393,0.5156825535226397,4.635310326445727,-1.1408786401252107,1.8345476693061782,2.9754263094313886,2.9754263094313886,2.1408786401252105,True
3.5117764669208613,0.5793152692110852,0.2444148958901864,-0.18466578992017704,0.42542721489256485,9,1.6050005528160727,0.9028717261450202,1.7776617722529897,-1.2819953011657725,1.8299722371660105,3.111967538331783,3.111967538331783,2.2819953011657725,True
7.581913536615675,0.5418512454574068,0.24575369512500433,-0.3424836342335373,0.4620465332768696,9,1.7704435587355583,0.538570534898835,3.2873011871474143,-2.549745066920878,3.141209221427271,5.6909542883481485,5.6909542883481485,3.549745066920878,True
7.339111687128207,0.13667205655153475,0.2080572361203733,0.12508859899881403,-0.2289370990064883,9,0.28906189093571544,0.5639645980425075,0.5125532558941369,-0.9960898660270064,1.2402211599817996,2.236311026008806,2.236311026008806,1.9960898660270066,True
7.890438041273005,0.9207469234109869,0.02339468872543199,-0.3431623506602908,0.08189977862014586,9,1.7492928488766557,0.945214094299633,1.8506842623552011,-1.5214209454395935,1.897275797427482,3.4186967428670756,3.4186967428670756,2.5214209454395933,True
7.92025224322919,1.1481872681239687,-0.11668789865713305,-0.10499444363549534,-0.3326660777873014,9,1.773826103601882,1.3557523698635383,1.3083702769263272,-1.056322052238464,1.2397318394449621,2.2960538916834263,2.2960538916834263,2.056322052238464,True
6.059597088196105,1.093147645984112,0.09476751082040602,0.06279633930081363,-0.1977468111938715,9,2.348053431073151,1.1197785247816259,2.0968909289728144,-1.0741065125934461,1.3178950133674179,2.392001525960864,2.392001525960864,2.0741065125934464,True
7.668631010190869,1.1639555066482499,0.24912373475987604,0.11190226650035578,0.38360322929632384,9,3.2855293316008165,0.5420439878450003,6.061370304397375,-1.8725414327180303,2.4288210975358653,4.301362530253895,4.301362530253895,2.8725414327180303,True
6.653970816455684,0.3298170246409733,0.26129984816749063,0.07487283902878128,-0.44726200286681284,9,0.7105202004039122,0.803087858368398,0.8847353287689446,-1.0038764210952298,1.2195436040135654,2.223420025108795,2.223420025108795,2.00387642109523,True
5.257200522532265,1.0744905868342742,-0.04011222079420407,-0.2880664703070934,0.1933686295240823,9,1.5235606228769503,1.3539382119471428,1.1252807620267014,-1.150421553579698,1.4078845858422966,2.558306139421995,2.558306139421995,2.150421553579698,True
6.349195813711692,0.5477506301236319,0.181163946820442,-0.263085910122493,0.41638813865276925,9,1.4655662775047373,0.7249995768702,2.0214719073789533,-1.5191244602003113,1.9750642922869475,3.4941887524872586,3.4941887524872586,2.5191244602003113,True
2.112547723041544,1.0511915797903206,0.27266390982886834,0.030735966338269693,0.13546028765856688,9,2.3900193609372655,1.259942462152712,1.8969273857583362,-1.1139774373646154,1.4771084559817609,2.591085893346376,2.591085893346376,2.1139774373646154,True
6.089483114050232,0.5898684050580831,0.14104269397214902,-0.3169038951281796,-0.1928152933548578,9,1.695169435607046,1.0171663328541205,1.6665606999107814,-1.2513087822356814,1.5926475115323118,2.8439562937679934,2.8439562937679934,2.2513087822356814,True
5.008051973077921,0.8953310419220893,-0.05737480231386727,-0.08728706181918133,0.4130759775663849,9,1.1664301782830373,1.328269728180488,0.8781576162854028,-1.0302481523095963,1.1771070832780561,2.2073552355876522,2.2073552355876522,2.0302481523095963,True
2.378686218708162,0.20096966893086138,0.28337694213355924,-0.20173761562553735,0.19745335801089314,9,2.363112833076986,0.004607680168055683,512.8639026337099,-0.8358816398797794,1.4222468567873239,2.258128496667103,2.258128496667103,1.8358816398797795,True
6.103608509479116,1.0104210675838294,0.34216241864660024,-0.16438798255804205,-0.1647628937387563,9,2.366994247879301,0.6247525406345089,3.7886908718695933,-2.547195913855992,3.087771394303114,5.634967308159107,5.634967308159107,3.547195913855992,True
2.6757988819228764,0.8778671221518634,-0.27166770234510507,0.14324509362623522,0.09431616867826342,9,0.9937937779155126,2.4974704596284285,0.3979201331828239,-1.0000625138280999,1.0432745064681868,2.0433370202962866,2.0433370202962866,2.0000625138281,True
7.11060407443253,0.3230004499275301,-0.18996911637379355,0.0009642772473071881,-0.31830969725443603,9,0.6801674973526598,1.4754552318971597,0.4609882310546905,-1.00000073010417,1.0521845961566483,2.052185326260818,2.052185326260818,2.00000073010417,True
3.6872901044638815,1.0471264196559062,0.029782388971332785,0.3036195070082195,-0.00039178428230357554,9,2.4501884222911983,1.6020493577011792,1.529408822838664,-0.9990082923782794,1.1992888329254332,2.1982971253037125,2.1982971253037125,1.9990082923782793,True
5.184755320788409,1.0826537238436453,-0.22007962292199815,0.3377821382808116,0.05449718386133673,9,2.9760173791415854,1.3545975162329966,2.1969753697892487,-0.9892258957727789,1.2179488064790454,2.207174702251824,2.207174702251824,1.9892258957727789,True
6.329693436416947,0.7917870493259704,0.020589075288880265,-0.2775566603701268,-0.1121192405537712,9,1.348708190485316,1.2001440376721357,1.1237886021592403,-1.1400999398644256,1.3978174621448072,2.5379174020092328,2.5379174020092328,2.1400999398644256,True
7.294680667012937,1.0737560370498331,0.3244564411671771,0.31799325198150097,-0.46148437789674956,9,3.5470769293485036,0.6281709377454994,5.646674680746829,-1.1360035357061684,1.995076967092015,3.1310805027981834,3.1310805027981834,2.1360035357061684,True
4.659282848865106,0.846114962785593,0.24407375064590786,-0.08707970181230851,0.42397783611969064,9,2.0668379239281416,0.7677083521971877,2.6922175823837713,-1.4582642622793145,1.9319203729851433,3.3901846352644576,3.3901846352644576,2.4582642622793145,True
3.8987329970100717,0.33154257127068404,0.2114497081514093,0.32629200271596037,0.20554330979593904,9,1.224118700846686,0.24357831417389486,5.0255652068137975,-0.5713971694035976,1.8886080915875973,2.460005260991195,2.460005260991195,1.5713971694035975,True
5.137971177687028,0.8403883972971748,-0.19688374644841494,-0.3240345550319043,0.2698371536428702,9,1.2114993179224038,1.688437758845459,0.7175267856783882,-1.0196815064026317,1.196064726125826,2.2157462325284576,2.2157462325284576,2.0196815064026317,True
5.079732823311886,1.0067154033092203,-0.3348126537009314,-0.12945458311951594,0.26640077411873564,9,0.6037564001848974,2.0280260603842155,0.2977064308880301,-0.9998904807640351,1.059344666969926,2.059235147733961,2.059235147733961,1.999890480764035,True
6.037970621670576,0.4975978787700349,0.19693088421748783,0.20314580137329286,0.42759050322345904,9,1.4708482465596966,0.7217056544373509,2.0380167974523977,-0.9994209950457082,1.5073031665109413,2.5067241615566496,2.5067241615566496,1.9994209950457082,True
5.551289356541919,0.5970394477835792,0.15423260234776903,-0.1002633190241301,-0.48532128777257044,9,0.8838318336958366,1.21283186958432,0.7287340115813058,-1.0409530800083049,1.209273434011044,2.250226514019349,2.250226514019349,2.040953080008305,True
6.47860511302708,0.4782175424394489,0.16662331851702306,0.220309090374032,0.04707318553655704,9,1.2574601813890351,0.7066615396173417,1.7794376952649096,-0.9951943572929041,1.4596265464914164,2.4548209037843205,2.4548209037843205,1.995194357292904,True
5.635415367811372,0.39517384361020175,-0.1050115105022687,-0.2611399584334182,-0.3028331644113541,9,1.871830173631589,0.8042033110607014,2.3275584020696765,-1.000508741067373,1.19544438870914,2.195953129776513,2.195953129776513,2.0005087410673728,True
4.6752847439885565,0.3691986920928148,0.2380759491122234,0.2474646781947354,-0.06758448593400823,9,0.9844708967715401,0.6830975010071851,1.4411865001994568,-0.9948072435116752,1.534070897938703,2.5288781414503783,2.5288781414503783,1.994807243511675,True
7.563037694657889,0.417742537877856,-0.029139781004761722,-0.09819472255226347,0.01812089153968144,9,0.6248772174984272,1.0941923591650213,0.5710853418637206,-1.0073145971047692,1.0998121556016465,2.1071267527064155,2.1071267527064155,2.0073145971047692,True
7.840940719040612,0.27299957066736374,0.006147167076500759,0.181743007650359,0.23864966896647066,9,0.7416813168683041,0.3503169658011509,2.117172130593589,-0.8825902476995097,1.3072221101226194,2.189812357822129,2.189812357822129,1.8825902476995098,True
2.9832818126415437,0.583251389065111,0.16813149545956507,0.23783350957076455,-0.36389803486977634,9,0.7402336642653637,1.6983330140497415,0.43585896178291184,-0.999816956972454,1.140434957263433,2.140251914235887,2.140251914235887,1.999816956972454,True
6.805629467685339,0.7468128994585335,-0.07119544457423649,0.2665297479355935,0.27637326070197143,9,2.125761412194894,0.8614901856392398,2.4675399065835486,-0.9819909407904481,1.2977598770461136,2.279750817836562,2.279750817836562,1.9819909407904481,True
5.55456873329222,0.33974028658972893,-0.1732492878324499,-0.18752101048841052,-0.1610937278720539,9,1.5506632880919882,0.9133156566079104,1.6978393799261162,-0.9998510018704977,1.1683118558072005,2.1681628576776983,2.1681628576776983,1.9998510018704976,True
2.456801825717444,0.6455623076947805,-0.2954414488504407,0.14538844895001796,-0.42884527505820613,9,1.5685708855518394,2.3268232779451643,0.6741254913596432,-0.9974288464398648,1.2353553946454456,2.2327842410853105,2.2327842410853105,1.9974288464398648,True
5.423428260098784,0.8165558057735293,0.29767350322090136,-0.02632419589940138,-0.4105667073255942,9,1.7386614649041494,0.87600550558102,1.984760887719494,-1.264274879216366,1.6302724556096757,2.8945473348260418,2.8945473348260418,2.264274879216366,True
2.7083501015757703,0.6648270085810317,0.2814457768146633,0.15265745038603762,-0.49510511338355956,9,1.010286864089991,1.6292046127152147,0.6201104859421297,-1.0022466273525115,1.1986131938198792,2.200859821172391,2.200859821172391,2.0022466273525117,True
3.6940726630223577,0.6110939636236056,0.3073490656698331,0.19837678682020676,0.18673683005537023,9,1.8938695117295445,0.8465125960243443,2.2372608755311187,-1.005002706051479,1.504380689870498,2.5093833959219767,2.5093833959219767,2.005002706051479,True
4.936293729803801,0.8237990983646534,0.2332104657304328,-0.33253244220000483,0.4202142209609423,9,2.0266598756177663,0.7605732484378953,2.6646478557853897,-2.0438105035434533,2.61251701662131,4.656327520164764,4.656327520164764,3.0438105035434533,True
5.252713650078877,0.5227050440445241,-0.2802469392613431,0.306459399707402,-0.026065233985663183,9,1.5754089150542656,0.5154112611238306,3.056605537913857,-1.060069819951597,1.843928229646188,2.903998049597785,2.903998049597785,2.0600698199515968,True
6.613908823841929,0.3609522248305947,-0.15147760086332832,0.07468208668090981,-0.2839729057343746,9,0.4825499121702461,1.3724809238682887,0.35158952214082245,-1.0000903319757644,1.0401934976990375,2.040283829674802,2.040283829674802,2.0000903319757644,True
7.822541367242911,0.12319588266046139,-0.3047908361379391,-0.28957126282117807,-0.049059260633323554,9,1.661848651349807,0.18996376511127266,8.748240225583901,6.007618098203388,7.893957600538939,1.8863395023355505,1.8863395023355505,5.007618098203388,True
3.5969605028712692,0.539583629925713,0.10840901772277733,-0.3249159748209401,0.40361275546804143,9,2.0046272494566635,1.192368481993495,1.6812145571855193,-1.1522064676856882,1.6282809132317984,2.780487380917487,2.780487380917487,2.152206467685688,True
6.88112773441267,0.655095946128036,-0.193779878338367,-0.19807674298954306,-0.2858257183523505,9,0.8194471353746582,1.6676068507504413,0.4913910823800574,-1.0009891712145185,1.106056913593418,2.107046084807936,2.107046084807936,2.0009891712145187,True
3.4216398246630466,1.0609687335038773,0.21427664652330858,-0.23536925387537494,0.3101647242353309,9,2.2488896383207906,1.0319726327028127,2.1792144162106144,-1.4943026904595618,1.9584740461816734,3.452776736641235,3.452776736641235,2.4943026904595618,True
5.257285555538411,0.28612785219256276,0.2115363199903455,-0.2698042171337024,0.19728293238221206,9,2.0753529883415913,0.09794181035316218,21.18965313034553,-1.20400157506153,1.6402493672915501,2.84425094235308,2.84425094235308,2.20400157506153,True
2.631429753350716,0.8406823621603412,0.17479570671361144,-0.036257690977868906,-0.4879468899807178,9,0.8482044446490096,1.9597217640913596,0.43281881142055195,-1.0072783660263231,1.1232617715527193,2.1305401375790423,2.1305401375790423,2.0072783660263234,True
7.568886256759811,0.2388173428488123,0.29675682719972196,-0.2799328931067596,0.0907415806508568,9,1.8187283786176556,0.09116434478979409,19.949996709911783,-1.7178051101983196,2.2558141886673737,3.9736192988656933,3.9736192988656933,2.7178051101983196,True
2.6000899616660518,0.5296613584743899,0.13681016095751136,0.11065984007781093,0.3255755630090036,9,1.0776288999912766,1.3586974279138453,0.7931338338116063,-1.0032318580013626,1.2114783783875682,2.214710236388931,2.214710236388931,2.003231858001363,True
4.776412027584902,0.2450901336933503,0.34217919402712693,-0.0767708432390325,0.3596829218294525,9,1.346053320421736,0.6030144526052246,2.2322073950405907,-1.1730096430612205,1.6995411957419102,2.8725508388031304,2.8725508388031304,2.1730096430612207,True
3.312171644951442,0.9518055389877381,0.01950871522971126,-0.020066509044135483,0.4937161565360265,9,1.5690660332812238,1.397578715617202,1.1227031549262607,-1.024986161078606,1.2207314253521777,2.245717586430784,2.245717586430784,2.0249861610786057,True
5.006434074817871,0.9892350855678554,-0.1425246268893605,0.011311507447002378,0.10260988161550777,9,1.3218819206601133,1.6797578583844601,0.7869479008905838,-1.0015789792992298,1.059737551808486,2.0613165311077157,2.0613165311077157,2.0015789792992296,True
6.9369678632525185,0.6156291783645823,-0.3192511401752592,0.02452925111075177,-0.37715757719288834,9,0.5480736116297755,1.8838340949286505,0.2909351800698424,-1.0003479145442438,1.062403976291553,2.0627518908357967,2.0627518908357967,2.0003479145442435,True
3.206407395747419,1.0251710371148237,0.3013997615974421,-0.2889890495335482,-0.2345086069810277,9,2.1533547336559478,1.189559966845719,1.8102111651973816,-1.433091209848152,1.8418821302135069,3.274973340061659,3.274973340061659,2.4330912098481523,True
4.4452045648931815,0.48619692707468326,-0.2107941560046587,-0.1558205670833377,-0.47390499306945255,9,1.4315351949625308,1.9822581599480733,0.7221739447903349,-1.0003569252450517,1.1139242052041443,2.114281130449196,2.114281130449196,2.0003569252450517,True
2.6677278069967008,0.570603661740965,0.2694042332977158,0.25740144492054406,0.06758553335952278,9,1.5628406275488134,1.1846531668398261,1.319238973308819,-0.9975513455501135,1.392543995288926,2.3900953408390393,2.3900953408390393,1.9975513455501135,True
5.799175626564716,0.09427487481785563,-0.12477589611729453,-0.3234273747891132,0.4559181333559502,9,1.6431153432887644,0.27221947340969327,6.035994863658626,5.701695557976573,7.645049685045208,1.943354127068635,1.943354127068635,4.701695557976573,True
3.3732524231482657,0.1330085649900724,-0.26539804095054687,-0.005253523869961252,0.44528690422286743,9,1.7292832380847039,0.7665302467206669,2.255988260714878,-1.0054293455547891,1.6597448168106692,2.6651741623654583,2.6651741623654583,2.005429345554789,True
3.9071224107194267,1.0851608888360422,0.06555902484437426,0.15287859834171103,-0.006864982244640383,9,2.2463862456353425,1.467732215897917,1.5305150498867173,-1.0058768736803587,1.169186260740252,2.1750631344206104,2.1750631344206104,2.005876873680359,True
6.57749840735714,0.24321879454136774,0.33417110848110576,-0.13134849964105078,-0.4069731585660822,9,1.3723823716385066,0.6628461910699401,2.070438647951286,-1.202042984193427,1.5501482778943911,2.752191262087818,2.752191262087818,2.202042984193427,True
7.744192160579116,0.44240757177359014,0.047979521893008914,0.3151431242316075,-0.230637008748109,9,1.7506760124861274,0.01895427460823318,92.3631238161805,0.3065914080810749,1.6719349845201235,1.3653435764390487,1.3653435764390487,0.6934085919189251,True
2.400040543773618,0.0775130232348106,0.07348217930947326,-0.22221793580227897,0.2256932852800464,9,1.9434427137802208,0.09343875919535072,20.79910660753853,2.3685135368500174,6.803005619672732,4.434492082822715,4.434492082822715,1.3685135368500174,True
3.695140858627438,0.7756746592896547,0.0984209471174981,0.326876117420669,0.055806869272693516,9,1.9604120180826694,1.14228661907595,1.7162172657406598,-0.993202963489332,1.3168180316693114,2.3100209951586432,2.3100209951586432,1.993202963489332,True
5.634824468525427,0.5419450880037773,-0.24018937511527733,0.11299513272726541,-0.3394404339475332,9,0.6808319202588715,1.6544660089811432,0.4115115793029456,-1.0005618519573032,1.087315498427974,2.087877350385277,2.087877350385277,2.000561851957303,True
4.403894437213091,0.40191725640711995,0.06664498359081095,-0.25535230112864216,0.06708482427938722,9,1.8926869738639596,0.8793897316708665,2.1522732250555148,-1.0297436731427105,1.2733024488647438,2.303046122007454,2.303046122007454,2.0297436731427103,True
2.7435772159879224,0.6434985929595232,0.3328183270853695,-0.20758857894510876,-0.07965769195514172,9,1.7571694545743641,1.108723752910235,1.5848577699918989,-1.246424086107985,1.6707040568035976,2.9171281429115825,2.9171281429115825,2.246424086107985,True
3.9712079345363627,0.7183603384476651,-0.14791992239353982,0.18511032334940758,-0.007778795690678075,9,1.108025480802911,1.7654158729877494,0.6276285932151013,-0.9997359506402348,1.0437321821624452,2.04346813280268,2.04346813280268,1.9997359506402348,True
4.9123180874224905,0.510214534680905,0.2779229728269199,-0.06938159991029647,0.3595865587493471,9,1.4837166329311375,0.7011907933136883,2.1159955993138295,-1.2361602696944365,1.6805734932662988,2.9167337629607353,2.9167337629607353,2.2361602696944365,True
3.4776033118926013,0.14945183289370603,-0.07370031249685816,0.2698774283258816,0.0277199547708471,9,0.8243414198116563,0.4154837273446669,1.9840522397350575,-1.1525102247953276,2.1789492894866402,3.331459514281968,3.331459514281968,2.1525102247953276,True
7.820822254667712,0.8206755826708564,0.13671332873590702,0.13115873624937757,-0.3750260018729116,9,1.9706900406510248,0.8848129161096769,2.227239233029853,-1.0308798485400654,1.3038312191912953,2.3347110677313605,2.3347110677313605,2.0308798485400654,True
7.9327279248030775,0.5029303635133499,0.2169198507997725,-0.10754594424535407,-0.09949956865229281,9,1.0950044696274739,0.6649936692906475,1.6466389383759417,-1.2723262292586754,1.5948069919365466,2.867133221195222,2.867133221195222,2.2723262292586757,True
3.1469356754594697,0.7680861012125508,0.10243634687428727,0.048893351894979065,-0.10891939874093937,9,0.9332112518640321,1.6294728827722735,0.572707445291345,-1.0032510182179828,1.0982798152986073,2.1015308335165903,2.1015308335165903,2.003251018217983,True
5.686542089832706,0.29993790712949187,0.1729357251454937,0.21435800139314753,-0.26867956337562615,9,0.5843219402965645,0.622108638067919,0.9392602907930863,-0.974955785422257,1.3365182669228886,2.3114740523451456,2.3114740523451456,1.974955785422257,True
6.455139869246909,0.5662414936019285,-0.023696998119112522,0.24274196087532107,-0.17895402493411683,9,1.456949886941181,0.808016087466533,1.8031199001363027,-0.9767269094899036,1.2249438335992127,2.2016707430891165,2.2016707430891165,1.9767269094899036,True
7.920928682865654,0.13023108584193333,-0.10431664167147842,0.05628745740654073,-0.36707771764439956,9,0.7848261943909144,0.8598595328781323,0.9127376790996717,-0.9999610829761255,1.1420918874891028,2.1420529704652282,2.1420529704652282,1.9999610829761254,True
5.06232883480328,1.1289055092132838,0.05300572076578419,0.06074840885813426,0.09307293434443475,9,2.340477146721137,1.2284846074931175,1.9051741734861332,-1.0498970795116025,1.2614204985993274,2.3113175781109296,2.3113175781109296,2.0498970795116023,True
6.705160751463587,0.12461278539738978,0.2012666892533549,0.2826783959521718,0.48223471005250107,9,0.7212721845755709,0.4408359879539458,1.6361463317076606,1.9604780762791498,2.44722579347497,0.48674771719582033,0.48674771719582033,0.9604780762791498,True
4.062432311063931,0.48697172284291756,-0.25111910360387496,-0.26352664282887905,-0.48082318029883675,9,1.995075472754448,1.340670480084231,1.4881177010991562,-1.0006129195015536,1.2010584122388113,2.201671331740365,2.201671331740365,2.0006129195015534,True
3.9177182624798546,0.8349338458489302,-0.20459682622087516,0.06905468827348027,-0.13800597135679848,9,0.6784709705577132,2.2641753058605785,0.29965478768431175,-0.9999953261399515,1.0226837147271375,2.022679040867089,2.022679040867089,1.9999953261399515,True
3.7168140558153233,1.0107304940851172,-0.1668252732149358,-0.15823751216916013,0.44149305180615517,9,0.8548764846360695,1.7929354643483864,0.47680270798076974,-1.0085874247202264,1.1115935925763425,2.120181017296569,2.120181017296569,2.0085874247202264,True
5.071944337409212,0.25235369060563917,0.1003447324321064,-0.03553941619958334,-0.08364896845966929,9,0.9401924135563814,1.208191718945366,0.7781814746893632,-1.0010853038610146,1.0593533009528913,2.060438604813906,2.060438604813906,2.0010853038610144,True
7.803997048912801,0.6132457905631924,0.25081135936476784,-0.3368993831167546,0.3409829472830186,9,1.8221132334043695,0.5393339368749509,3.3784509166291192,-2.714053729965416,3.285896201088129,5.9999499310535445,5.9999499310535445,3.714053729965416,True
7.806721805560373,0.9396862559535083,0.08221814698919461,-0.10822806327040202,0.1769279610512322,9,1.735182432560885,0.8271867114000602,2.0976913780735074,-1.3529288576467657,1.6789178008314856,3.0318466584782513,3.0318466584782513,2.3529288576467655,True
5.653161905200588,0.6328966837053684,-0.15170312496718152,-0.04915181247762862,-0.3000321793048968,9,0.22001563996681273,1.816996663930011,0.12108753105299455,-0.9999293592699923,1.0283163488935363,2.028245708163529,2.028245708163529,1.9999293592699923,True
6.210950662674278,1.0532840469073825,-0.2865150669070733,0.28897740407939987,-0.47807169696933605,9,2.636530818013725,1.5766053696158053,1.67228329220787,-0.9947610392125247,1.207267652938215,2.2020286921507397,2.2020286921507397,1.9947610392125248,True
3.589769819080586,0.8739500797991889,-0.11181663206603457,-0.25099353847318645,-0.0685651871287648,9,1.0196584079109994,2.048045177124907,0.4978690994221228,-1.0043297759288292,1.1109197438439073,2.1152495197727363,2.1152495197727363,2.004329775928829,True
5.936505759875762,0.5771798707776118,0.15816800897895067,-0.1637999375065717,-0.23030582225953855,9,1.1033167273465863,1.0182467822419328,1.083545508405487,-1.1161610825963253,1.3606308511928045,2.47679193378913,2.47679193378913,2.1161610825963253,True
4.409792615333545,1.0163864934246531,0.02989821111895402,0.1858059717117604,-0.07135497458521745,9,2.1168361845370955,1.4897412108721455,1.4209422207618376,-1.0000528020845723,1.143545138705908,2.14359794079048,2.14359794079048,2.0000528020845723,True
5.984388518836018,0.14027858968568324,0.3315096586795431,-0.2847956724435916,0.33960658863647786,9,1.6363197900266784,0.04880924244589818,33.524793830603514,-13.624539919205727,105.74452897001295,119.36906888921868,119.36906888921868,14.624539919205727,True
4.22176285777253,0.630770755680003,0.12151607050091912,0.11182276654712625,-0.16431570836187737,9,0.8883423393271335,1.3638459684063289,0.6513509295812727,-1.0004449490598308,1.1077457555028798,2.108190704562711,2.108190704562711,2.0004449490598306,True
3.763314006441986,0.2493461309730991,-0.10069924565796423,-0.31393483439246433,-0.04112572164764916,9,2.3999480982312544,0.05793830703361393,41.422475407140944,1.3186426756259788,5.324561027414308,4.0059183517883294,4.0059183517883294,0.3186426756259788,True
7.0569645105950665,1.0367247512759026,0.2973580477283436,0.0932974410460693,-0.22266040139759147,9,2.7572708957484777,0.6327956812174388,4.357284630077991,-1.5506051408495454,2.0499692767916637,3.600574417641209,3.600574417641209,2.5506051408495454,True
6.227723184459458,0.660359685917821,-0.15265168810605356,-0.0010047520808114108,0.39063252459851827,9,0.613682247076146,1.3643825544348833,0.4497875211621483,-1.000527669142564,1.0301729245852302,2.0307005937277944,2.0307005937277944,2.000527669142564,True
2.8255183235499137,0.20076724115387223,-0.07369082088483775,-0.16194673013721972,-0.26020460115201394,9,2.273911347345609,0.2329230660999151,9.762499633120012,-1.0010865880310051,1.2310890346535857,2.232175622684591,2.232175622684591,2.001086588031005,True
5.863473827169135,0.9938729361322372,0.21846448109036964,-0.08454078809557164,0.2781907340927944,9,2.2278007210582613,0.7391471210467082,3.0140152854866926,-1.634441872414398,2.076731447746949,3.711173320161347,3.711173320161347,2.6344418724143983,True
7.578108402488617,1.0955710871346076,0.1817569162234567,-0.15610742889087117,0.1573054768229698,9,2.282718540556721,0.6894780809283034,3.310792037773415,-2.080245578877615,2.538586975083066,4.618832553960681,4.618832553960681,3.080245578877615,True
4.231939189760805,0.0552480962945071,0.29257828286275933,0.2786591627678019,0.308787120317229,9,0.8734616860090878,0.11177978100765495,7.8141295155093475,1.1660569293754772,2.5807971089490853,1.414740179573608,1.414740179573608,0.16605692937547722,True
2.8435656314102835,1.1490783377308569,-0.04926323207014588,0.09771435702222575,-0.11312680713100454,9,1.6047995329887041,2.1355785512705436,0.751458911232248,-1.0002311668765604,1.0588332119058004,2.059064378782361,2.059064378782361,2.0002311668765604,True
4.08517288482757,1.0963613351083576,-0.11832466665843808,0.2960962048611291,-0.2842324862513853,9,2.4451731716000946,1.9402721688333355,1.2602217415046213,-0.9992578904968917,1.1372299456424484,2.1364878361393402,2.1364878361393402,1.9992578904968918,True
3.61337530981044,0.7379870738130454,0.05054253231481681,-0.1404321984771606,0.4131915101701221,9,1.1319476951511085,1.3153168811903724,0.8605893464445517,-1.044275000978206,1.2867025514590111,2.330977552437217,2.330977552437217,2.044275000978206,True
2.087039487139362,0.5286211259391663,-0.005392567962767936,0.09782619899034145,0.05892818657197474,9,0.28455954987873766,2.08966410794237,0.13617477985920665,-1.0000048426549453,1.0191266131854542,2.0191314558403994,2.0191314558403994,2.0000048426549455,True
2.1035704095896515,0.6289264062914435,-0.005318639997322738,0.12563836509059662,-0.12726103817048062,9,0.05957294361107435,2.2755259646473416,0.026179856673402932,-1.0000003875732073,1.0067276759430328,2.00672806351624,2.00672806351624,2.0000003875732073,True
4.035884097726434,0.18049115171890973,0.02731991376895493,-0.31785858233747,-0.4321941564459568,9,2.3280466216965356,0.1318559994652029,17.655977969443192,-0.46922297194943485,2.121940568908112,2.591163540857547,2.591163540857547,1.469222971949435,True
3.674687618646647,0.5734622343526616,0.017575780073706082,0.10031064764453151,0.2990682800131518,9,0.6919961058659543,1.443928606965507,0.4792453744096261,-0.9999050911485974,1.0684695410306644,2.0683746321792618,2.0683746321792618,1.9999050911485974,True
6.360485925956806,0.8725138870064226,0.18728986522472757,0.21016953179071018,-0.021649150687659935,9,2.414245553604513,0.8338047027868855,2.895456868419195,-1.0230050054849853,1.4259434487656084,2.4489484542505937,2.4489484542505937,2.0230050054849853,True
7.540593301659531,0.35185879569429,-0.01020354578241539,-0.2970910933936943,0.3643591083102181,9,1.856290012734984,0.32860621380357413,5.648980252834141,-1.0940713046285437,1.4765710964732788,2.5706424011018223,2.5706424011018223,2.0940713046285437,True
2.449702778604564,0.34923655606301474,-0.22052985140355538,0.33136536953294127,-0.09728911421446274,9,1.3846293066521214,0.8459371237555248,1.6367993173122384,-1.0609306299156298,1.8661928081526578,2.9271234380682873,2.9271234380682873,2.06093062991563,True
5.763254884299093,0.42255873014290246,-0.06938325846623644,-0.20757576393928198,-0.32292345365476205,9,1.5016566574600392,1.2898977972217227,1.164167161688638,-1.0012601177351483,1.1337600766251072,2.135020194360256,2.135020194360256,2.001260117735148,True
2.9847988949007953,0.10453446510130429,0.2950810104569884,-0.07273757241469819,-0.25484835361343705,9,1.9839017168235709,0.19078135611963665,10.398823853518948,-1.0071631229914184,1.198007511062425,2.2051706340538435,2.2051706340538435,2.007163122991418,True
4.4322035354508404,1.0699299143311103,0.038034497996629724,-0.3361108053295386,-0.1575464206315087,9,1.6553711445249015,1.5199229868725843,1.089115145189703,-1.1320073590445776,1.3894497638606202,2.521457122905198,2.521457122905198,2.132007359044578,True
7.518418285264749,1.0490745777046944,0.1490666617096077,0.2490818827984166,-0.37885969071667747,9,2.99897786687019,0.8954915146391432,3.34897407495669,-1.0245584803060546,1.4582392821390873,2.482797762445142,2.482797762445142,2.0245584803060543,True
5.674138467397489,0.31428144204488345,-0.28411213138548386,-0.13563457511519547,-0.2586339119308445,9,1.579880952339849,1.071881201578128,1.4739328854856248,-1.0000692405655884,1.2158519575975277,2.215921198163116,2.215921198163116,2.0000692405655887,True
4.053703611327346,0.7938321188103669,0.32781648219280446,0.13947134894157442,0.1008962049599953,9,2.2382523138179176,0.7901391849455325,2.8327316964696663,-1.1235703454247077,1.610046785516686,2.7336171309413935,2.7336171309413935,2.1235703454247075,True
6.162117191097671,0.263239007481395,-0.05813385695781853,-0.2450461846790884,-0.002253010540954614,9,1.9267304756397046,0.10915693681383942,17.65101267843039,-1.0033874673785395,1.3176026915897447,2.320990158968284,2.320990158968284,2.0033874673785395,True
3.839831875938601,0.4420136604244302,0.08988973394709765,0.16854421247838602,-0.35196756168255217,9,0.21277917507173183,1.555275466625989,0.13681124639182696,-0.9999194066685463,1.057082808863421,2.057002215531967,2.057002215531967,1.9999194066685462,True
6.282214834843373,0.8143480696047488,0.2594873388122583,-0.13561044264332403,-0.4494328559502774,9,1.6166642009283594,0.8528481025418452,1.8956062587347287,-1.413203235138741,1.7819938208106376,3.1951970559493788,3.1951970559493788,2.4132032351387407,True
5.324901714246671,0.4972956379954867,0.28960238090704415,0.21811004201418338,0.44083187622401354,9,1.7749075427572376,0.6245865073970482,2.841732124752629,-0.999924885645576,1.758273864121509,2.758198749767085,2.758198749767085,1.999924885645576,True
3.520858866800637,1.0048424215785343,0.13851806801547778,0.17485682405823522,0.1966374252149954,9,2.2923673321848215,1.246730404725487,1.8387033182924335,-1.0129904298299095,1.2594741357152233,2.2724645655451328,2.2724645655451328,2.0129904298299097,True
4.639365654824879,0.9963986047863946,-0.12931629460561658,-0.24785736144835835,-0.08375162935131442,9,0.9925646964101482,1.84228908465967,0.5387670722662437,-1.0145202185665323,1.147154978572826,2.161675197139358,2.161675197139358,2.014520218566532,True
3.448540303044335,0.279828922625989,0.07367670053935904,0.33666166938268494,0.4628607442475017,9,1.189844337614708,0.08213740560260618,14.486022889149481,0.028713062441750533,1.7334906639417804,1.70477760150003,1.70477760150003,0.9712869375582495,True
7.678723886034888,1.0130492930977628,0.16209180790990596,0.3346766776912684,0.3381923513307007,9,3.368655057965891,0.6745228544012033,4.994130348565224,-1.0268283463218675,1.984085822998593,3.0109141693204604,3.0109141693204604,2.0268283463218673,True
5.451721094908599,0.528563450829224,0.06177785617797049,-0.06546835934099593,0.28707660680347313,9,0.7660733092233554,1.0726715526995334,0.7141732315874518,-1.0222110495610979,1.1730897901974573,2.195300839758555,2.195300839758555,2.022211049561098,True
6.370653734524822,0.3217801181450697,-0.3175321587423076,-0.10396556489178005,-0.40993764896401763,9,1.4910145137708064,1.306887319519738,1.1408898774216683,-1.0000281711367527,1.2136973383993348,2.2137255095360873,2.2137255095360873,2.0000281711367527,True
7.762766221828773,0.10939046634411179,0.08844921784641235,-0.10618176894514114,-0.2075510568107476,9,1.3383146842169193,0.019252184393823923,69.51495252903608,-1.0010562891438464,1.183698838286799,2.1847551274306456,2.1847551274306456,2.0010562891438464,True
2.464061107913432,0.38224441058003034,0.21339299792982935,-0.2212426713643366,0.3798031526454536,9,1.9824188100894156,0.6682474096877913,2.9665940807995232,-2.0114049797742934,2.693837693510751,4.705242673285044,4.705242673285044,3.0114049797742934,True
7.489291190432002,0.9026837998988152,-0.2230713403846085,-0.02554344626569277,-0.38194896898914277,9,0.9530965144659973,1.67832454643337,0.567885702733381,-1.0002646172402951,1.0627243247658733,2.0629889420061684,2.0629889420061684,2.000264617240295,True
3.4187813028329264,0.6606733690783811,0.1965848014234567,-0.0833397002478305,-0.3656802350511782,9,0.9763996403837176,1.5143686965516021,0.6447568829223002,-1.0239853828573713,1.1825511358424459,2.206536518699817,2.206536518699817,2.0239853828573713,True
5.809319981887678,0.8785325199841437,0.11693808134702188,0.24783214568201506,0.45108212940916026,9,2.505742020659348,0.8733519763391289,2.869109005927698,-1.0015812475405093,1.4270677949897963,2.4286490425303056,2.4286490425303056,2.0015812475405093,True
3.6861102102553907,0.25211587488988957,0.22479586596956025,-0.020763282543387107,0.030533895305911884,9,1.1449793559957602,1.1071830765896749,1.0341373348321985,-1.0065962543802311,1.1910023358750457,2.197598590255277,2.197598590255277,2.006596254380231,True
2.5275012279872486,0.9907152571227744,0.17213781445806753,0.08082220887208463,-0.32725228250968785,9,1.3940653214288141,1.8281917472168705,0.7625378046646669,-1.0069106471445386,1.14801498630633,2.1549256334508686,2.1549256334508686,2.0069106471445384,True
3.781879580898754,0.1334964243632928,0.004794178103048163,-0.22455621663407968,0.35376771664376305,9,1.8256901907528627,0.06830523988530834,26.72840610498386,1.3537304038361255,4.230567396602659,2.8768369927665334,2.8768369927665334,0.35373040383612553,True
3.3106401979428357,0.20905769839594596,0.22214150328332039,-0.3280641796903428,0.3560517189634652,9,2.119519034884338,0.2513967117076896,8.430973581503322,-0.8760544538113696,1.647896499036118,2.5239509528474877,2.5239509528474877,1.8760544538113697,True
6.220365720027305,0.3236717917094025,0.011324501195872028,-0.17794818626720027,0.2129111007479565,9,1.3670457763510337,0.8743416326532136,1.563514449383699,-1.0155580971934055,1.2115166989755346,2.22707479616894,2.22707479616894,2.0155580971934057,True
4.5426338026043,0.22786091401829278,0.25366763781069956,-0.14018241553195035,-0.17517552261760927,9,1.6876703720956518,0.5260709909180545,3.2080658337584294,-1.0451144745672232,1.288479286502109,2.3335937610693325,2.3335937610693325,2.045114474567223,True
5.128936775726507,0.18706114797909362,0.09374458618239967,0.2990490299453473,-0.4213370718201441,9,0.6102741159167419,0.13797047599963252,4.423222515506631,-0.3267934410177213,1.6750077639510053,2.0018012049687264,2.0018012049687264,1.3267934410177213,True
5.006252098787385,0.6783595832304152,0.08856696628418176,0.19244426957200977,0.41058992230249247,9,1.5882359093861673,1.0288343841524172,1.5437235903566742,-0.9984075642446121,1.241248443373171,2.239656007617783,2.239656007617783,1.9984075642446122,True
3.015503075098486,0.5687808425424706,0.2619675414790954,-0.20317030199593009,-0.4590245041331048,9,1.7120161478716254,1.541577468395263,1.1105612160080311,-1.0507289345383652,1.2692851260162297,2.3200140605545947,2.3200140605545947,2.0507289345383652,True
5.059386857840773,0.7026083688088969,0.17985118816150913,-0.05932888699786382,-0.011525144640070484,9,1.30959026862296,1.004123702609067,1.3042120858417974,-1.1010780141544603,1.355635544403601,2.4567135585580613,2.4567135585580613,2.10107801415446,True
2.8018422030664683,1.129855544480105,-0.033244403178041115,-0.1416802266903594,-0.03162819637514569,9,1.0340220645807912,2.0288651807408247,0.5096553848902005,-1.0098589371741675,1.1152843957564142,2.1251433329305818,2.1251433329305818,2.0098589371741675,True
5.204944952096227,1.1099323284182248,-0.08088999808950498,-0.3298850193960093,0.29006984877227604,9,1.603667112078719,1.405595517705251,1.1409164954487305,-1.1513713327205437,1.4147588568693559,2.5661301895898996,2.5661301895898996,2.1513713327205437,True
5.389279486445688,0.83490986548919,0.17190205261558356,-0.13016326285920782,0.246135044502937,9,1.675214841707248,0.8806279452746868,1.9022958000551669,-1.3143553905271637,1.6731075124077923,2.987462902934956,2.987462902934956,2.3143553905271634,True
3.161630145285235,0.8035839208896938,-0.0645476990162725,0.3310339868557767,0.06397029053982295,9,1.9180947616001165,1.2962409219586586,1.4797363122141047,-0.9901174335949386,1.1598007823684746,2.1499182159634134,2.1499182159634134,1.9901174335949388,True
2.063857231174456,0.46305933872057187,-0.13110659579385725,0.22841886414928692,0.3868218750389497,9,0.5584261651200411,1.3640334411114543,0.40939330978939864,-1.0010580491870005,1.1775322926459273,2.178590341832928,2.178590341832928,2.0010580491870007,True
2.9761614443034876,0.6345440928373062,0.1695635088031784,0.14531937957344893,-0.31511505903364356,9,0.7398143131238271,1.6748848933727778,0.4417105414534103,-0.9998877297636175,1.1051041723980317,2.1049919021616494,2.1049919021616494,1.9998877297636175,True
5.347279051464727,0.31238050126061423,0.08462915634069668,0.23941794075266665,-0.016527576718832537,9,0.7707174639981167,0.4788045410443399,1.6096703308558304,-0.902513442329256,1.3212971075740394,2.2238105499032956,2.2238105499032956,1.902513442329256,True
3.8775135855092575,0.8745959237392377,-0.19617083616921596,-0.22860338808891842,0.1454915033264228,9,0.7835307028689407,2.029895650554466,0.38599555728636553,-1.0018074270254071,1.0934139482521419,2.095221375277549,2.095221375277549,2.0018074270254074,True
4.508358139834247,0.34404569174846455,-0.3489920516706855,-0.06930438220713653,-0.0050432612480496575,9,1.5579080803916927,1.4555567692820917,1.070317636020533,-1.0001380649324412,1.2503779732101714,2.250516038142613,2.250516038142613,2.0001380649324414,True
4.548184993759503,0.9051032333533541,0.21993219427855404,-0.2891332329089729,-0.3124613471518931,9,1.7909452849031735,1.1502759122568726,1.556970171955779,-1.3357907060980347,1.688223990158542,3.024014696256577,3.024014696256577,2.3357907060980345,True
4.083412882212315,0.7404822296320062,-0.08681076083981731,0.13970107034283008,0.0814503024909734,9,0.9676418156481814,1.7492758484284965,0.5531670814054201,-1.0000185951332785,1.0263483588196063,2.026366953952885,2.026366953952885,2.0000185951332785,True
2.3858325715663034,0.4512226811584252,0.297154707945005,0.025698009952112688,-0.3746120273548098,9,1.0381907954589782,1.5699293610447658,0.6612977763331191,-1.0074719580571856,1.183144449547314,2.1906164076045,2.1906164076045,2.0074719580571854,True
3.211104751447108,0.9972878562962361,0.2789526646646858,-0.3148489245196862,-0.4569041505476519,9,1.9302107243965816,1.4305365640494734,1.3492914287577955,-1.2387787943340398,1.5730898824404138,2.811868676774454,2.811868676774454,2.23877879433404,True
3.163858955953283,0.9976532254337299,0.2302818872808745,-0.08366158446800542,-0.255837133717146,9,1.7096443252196658,1.4033285113319214,1.2182780520841947,-1.0984487674609835,1.3579419314932581,2.456390698954242,2.456390698954242,2.0984487674609835,True
4.948060262590538,0.051624102571476704,-0.10232861549097627,0.1288720303685194,-0.4752869993217761,9,1.4545730482912353,0.7050823517517727,2.062983202851919,-1.013289637508929,1.5456742880854517,2.558963925594381,2.558963925594381,2.013289637508929,True
4.702591777989382,1.062955794370432,-0.29480781270965395,0.3337112201032443,0.03881179055032313,9,2.826116704456215,1.425706473025513,1.9822570479454096,-0.9899896038830576,1.211680273456924,2.201669877339982,2.201669877339982,1.9899896038830576,True
